/home/ccollins/allmols/H/opt/b3lyp/m06hf/84412.log,84412,---,[],"td M06HF/6-31g(d,p)",-8.29838362149,-0.355924900869,78,2.4214,-987.0435886,2.1056,1.01666666667
/home/ccollins/allmols/H/opt/b3lyp/m06hf/135.log,135,---,[],"td M06HF/6-31g(d,p)",-7.87633505784,1.43921009228,39,0.9230,-761.8756808,4.7507,0.15
/home/ccollins/allmols/H/opt/b3lyp/m06hf/813-8-5-.log,813-8-5-,---,[],"td M06HF/6-31g(d,p)",-8.77131747295,-0.77307541542,79,2.0428,-1352.0122037,3.9221,0.65
/home/ccollins/allmols/H/opt/b3lyp/m06hf/1312-12.log,1312-12,---,[],"td M06HF/6-31g(d,p)",-7.4542864942,1.33934431351,52,1.5084,-667.688863,4.4004,0.383333333333
/home/ccollins/allmols/H/opt/b3lyp/m06hf/1312-4-.log,1312-4-,---,[],"td M06HF/6-31g(d,p)",-7.53646487345,1.11593885204,55,2.1104,-669.9175074,4.4036,0.433333333333
/home/ccollins/allmols/H/opt/b3lyp/m06hf/58-4-5.log,58-4-5,---,[],"td M06HF/6-31g(d,p)",-8.55770810966,-0.580418817702,83,1.2474,-1630.7666478,2.1014,0.816666666667
/home/ccollins/allmols/H/opt/b3lyp/m06hf/413-55.log,413-55,---,[],"td M06HF/6-31g(d,p)",-7.3612235614,0.332795224589,80,2.4291,-1544.6393299,3.7272,0.933333333333
/home/ccollins/allmols/H/opt/b3lyp/m06hf/1213-13-8-.log,1213-13-8-,---,[],"td M06HF/6-31g(d,p)",-7.48830072402,-0.144764562127,72,2.6244,-942.9127641,3.7762,0.583333333333
/home/ccollins/allmols/H/opt/b3lyp/m06hf/413512-.log,413512-,---,[],"td M06HF/6-31g(d,p)",-7.32203916864,0.466675233173,76,1.2566,-1221.669787,3.7780,0.9
/home/ccollins/allmols/H/opt/b3lyp/m06hf/48-5.log,48-5,---,[],"td M06HF/6-31g(d,p)",-9.13758269968,-0.382319943212,62,0.6323,-1079.0119416,2.0989,0.466666666667
/home/ccollins/allmols/H/opt/b3lyp/m06hf/45124-.log,45124-,---,[],"td M06HF/6-31g(d,p)",-7.6102077237,0.272658066262,79,0.8721,-1243.7394037,3.8394,1.05
/home/ccollins/allmols/H/opt/b3lyp/m06hf/4812.log,4812,---,[],"td M06HF/6-31g(d,p)",-9.07499651681,-0.260957171203,58,0.8746,-756.0354911,2.0945,0.5
/home/ccollins/allmols/H/opt/b3lyp/m06hf/12858-.log,12858-,---,[],"td M06HF/6-31g(d,p)",-9.0488735883,-1.0606997428,79,2.5941,-1371.838896,2.1368,1.03333333333
/home/ccollins/allmols/H/opt/b3lyp/m06hf/488-12-.log,488-12-,---,[],"td M06HF/6-31g(d,p)",-9.43962906051,-1.08382941908,78,0.9380,-1051.0834585,2.0106,0.95
/home/ccollins/allmols/H/opt/b3lyp/m06hf/1213-13-4.log,1213-13-4,---,[],"td M06HF/6-31g(d,p)",-7.07060598179,1.04274022946,72,2.9091,-878.8540451,4.0963,0.7
/home/ccollins/allmols/H/opt/b3lyp/m06hf/128.log,128,---,[],"td M06HF/6-31g(d,p)",-9.5150045938,-0.154832774155,38,1.9446,-525.0185801,2.1413,0.2
/home/ccollins/allmols/H/opt/b3lyp/m06hf/55-5-.log,55-5-,---,[],"td M06HF/6-31g(d,p)",-7.85973611369,0.19428928075,64,0.6090,-1656.4412823,3.8812,0.483333333333
/home/ccollins/allmols/H/opt/b3lyp/m06hf/1212-58-.log,1212-58-,---,[],"td M06HF/6-31g(d,p)",-7.92994148404,-0.515655724118,76,2.5838,-1305.5635217,2.1479,0.883333333333
/home/ccollins/allmols/H/opt/b3lyp/m06hf/128-4-4.log,128-4-4,---,[],"td M06HF/6-31g(d,p)",-8.71362933917,-0.441368646185,78,0.7221,-987.0414104,2.0959,0.933333333333
/home/ccollins/allmols/H/opt/b3lyp/m06hf/558.log,558,---,[],"td M06HF/6-31g(d,p)",-8.53267363651,-0.491709706323,63,2.7252,-1399.7480693,2.1486,0.333333333333
/home/ccollins/allmols/H/opt/b3lyp/m06hf/85-4-.log,85-4-,---,[],"td M06HF/6-31g(d,p)",-8.74274551989,-0.405449619492,62,2.2915,-1079.0041721,2.1468,0.4
/home/ccollins/allmols/H/opt/b3lyp/m06hf/1348-.log,1348-,---,[],"td M06HF/6-31g(d,p)",-8.23389264174,-0.133607894745,58,2.3257,-736.1947138,2.1059,0.633333333333
/home/ccollins/allmols/H/opt/b3lyp/m06hf/55-8.log,55-8,---,[],"td M06HF/6-31g(d,p)",-8.55444274359,-0.497151983095,63,2.0291,-1399.7497884,2.1479,0.55
/home/ccollins/allmols/H/opt/b3lyp/m06hf/124-12.log,124-12,---,[],"td M06HF/6-31g(d,p)",-7.93620010233,0.752122649849,55,1.0518,-689.7593591,4.4962,0.383333333333
/home/ccollins/allmols/H/opt/b3lyp/m06hf/1312-8.log,1312-8,---,[],"td M06HF/6-31g(d,p)",-8.07742718455,-0.0370074820475,55,3.7341,-733.9630359,2.1425,0.333333333333
/home/ccollins/allmols/H/opt/b3lyp/m06hf/85-134-.log,85-134-,---,[],"td M06HF/6-31g(d,p)",-7.77701350676,-0.381775715535,79,3.4241,-1287.9481794,3.6073,0.75
/home/ccollins/allmols/H/opt/b3lyp/m06hf/413-13-8.log,413-13-8,---,[],"td M06HF/6-31g(d,p)",-7.55442438679,-0.128437731812,75,2.5687,-945.1391586,3.7848,0.816666666667
/home/ccollins/allmols/H/opt/b3lyp/m06hf/45-48-.log,45-48-,---,[],"td M06HF/6-31g(d,p)",-8.26763475773,-0.456334907307,82,2.2944,-1310.0155562,2.1048,1.61666666667
/home/ccollins/allmols/H/opt/b3lyp/m06hf/81212.log,81212,---,[],"td M06HF/6-31g(d,p)",-8.41158297834,-0.0957840711819,55,2.9225,-753.7995097,2.1400,0.3
/home/ccollins/allmols/H/opt/b3lyp/m06hf/1312-134-.log,1312-134-,---,[],"td M06HF/6-31g(d,p)",-7.12312395264,1.04328445713,72,3.2555,-878.8584108,4.0858,0.716666666667
/home/ccollins/allmols/H/opt/b3lyp/m06hf/45-13-.log,45-13-,---,[],"td M06HF/6-31g(d,p)",-7.61782691118,0.617154185911,59,0.9337,-992.8846689,4.0885,0.566666666667
/home/ccollins/allmols/H/opt/b3lyp/m06hf/513-12.log,513-12,---,[],"td M06HF/6-31g(d,p)",-7.47768828431,1.05063153078,56,2.5490,-990.6598995,4.2738,0.333333333333
/home/ccollins/allmols/H/opt/b3lyp/m06hf/45.log,45,---,[],"td M06HF/6-31g(d,p)",-8.55226583289,0.972534859102,42,0.6862,-783.9424217,4.9038,0.183333333333
/home/ccollins/allmols/H/opt/b3lyp/m06hf/54-4-12.log,54-4-12,---,[],"td M06HF/6-31g(d,p)",-7.92477132111,0.216330501675,79,1.2424,-1243.73467,4.1952,0.9
/home/ccollins/allmols/H/opt/b3lyp/m06hf/134-13-5.log,134-13-5,---,[],"td M06HF/6-31g(d,p)",-7.29646046782,0.683549962525,76,0.7798,-1201.8286341,3.9994,0.783333333333
/home/ccollins/allmols/H/opt/b3lyp/m06hf/512-.log,512-,---,[],"td M06HF/6-31g(d,p)",-8.25675020418,1.18804901926,39,0.2025,-781.7171891,4.7936,0.183333333333
/home/ccollins/allmols/H/opt/b3lyp/m06hf/1312-.log,1312-,---,[],"td M06HF/6-31g(d,p)",-7.81837481022,2.12711387622,35,2.2120,-438.903958,5.1827,0.15
/home/ccollins/allmols/H/opt/b3lyp/m06hf/4138-.log,4138-,---,[],"td M06HF/6-31g(d,p)",-8.31879215938,-0.120818544332,58,2.3269,-736.1983666,2.1612,0.433333333333
/home/ccollins/allmols/H/opt/b3lyp/m06hf/58-54-.log,58-54-,---,[],"td M06HF/6-31g(d,p)",-8.47716241344,-0.647630935832,83,1.0745,-1630.7643018,2.1394,0.783333333333
/home/ccollins/allmols/H/opt/b3lyp/m06hf/1213-48-.log,1213-48-,---,[],"td M06HF/6-31g(d,p)",-7.71796480378,-0.249528389982,75,2.4059,-964.9788236,2.1045,0.866666666667
/home/ccollins/allmols/H/opt/b3lyp/m06hf/41213-5.log,41213-5,---,[],"td M06HF/6-31g(d,p)",-7.31659689187,0.737700616404,76,2.3699,-1221.6733136,3.9808,0.833333333333
/home/ccollins/allmols/H/opt/b3lyp/m06hf/545-.log,545-,---,[],"td M06HF/6-31g(d,p)",-8.09919629164,0.350482624097,63,0.0002,-1335.6974029,4.2912,0.5
/home/ccollins/allmols/H/opt/b3lyp/m06hf/858.log,858,---,[],"td M06HF/6-31g(d,p)",-9.67800078311,-1.00301160902,62,0.9979,-1143.054897,2.1472,0.65
/home/ccollins/allmols/H/opt/b3lyp/m06hf/1212-4-13.log,1212-4-13,---,[],"td M06HF/6-31g(d,p)",-7.45809608794,0.626678170261,72,1.3474,-898.70093,4.0566,0.65
/home/ccollins/allmols/H/opt/b3lyp/m06hf/128-4.log,128-4,---,[],"td M06HF/6-31g(d,p)",-9.07526863065,-0.260957171203,58,0.8743,-756.0354916,2.0942,0.5
/home/ccollins/allmols/H/opt/b3lyp/m06hf/8128-12.log,8128-12,---,[],"td M06HF/6-31g(d,p)",-9.01975740757,-0.858791274574,75,2.6965,-1048.8582479,2.1316,0.9
/home/ccollins/allmols/H/opt/b3lyp/m06hf/412.log,412,---,[],"td M06HF/6-31g(d,p)",-8.41239931985,1.3611134206,38,0.6161,-460.9734211,5.1677,0.2
/home/ccollins/allmols/H/opt/b3lyp/m06hf/131313-8.log,131313-8,---,[],"td M06HF/6-31g(d,p)",-7.29999794772,-0.0756476471266,72,2.5519,-923.0711717,3.8159,0.65
/home/ccollins/allmols/H/opt/b3lyp/m06hf/138.log,138,---,[],"td M06HF/6-31g(d,p)",-8.96315772915,-0.102314803308,38,2.0144,-505.1880222,2.1588,0.183333333333
/home/ccollins/allmols/H/opt/b3lyp/m06hf/5512-.log,5512-,---,[],"td M06HF/6-31g(d,p)",-7.80177586607,0.356741242385,60,0.5908,-1333.4703494,3.9709,0.466666666667
/home/ccollins/allmols/H/opt/b3lyp/m06hf/448.log,448,---,[],"td M06HF/6-31g(d,p)",-9.01186610626,-0.239460177955,61,1.8167,-758.2576643,2.1065,0.716666666667
/home/ccollins/allmols/H/opt/b3lyp/m06hf/1313-84.log,1313-84,---,[],"td M06HF/6-31g(d,p)",-7.72667244662,-0.162179847797,75,1.5227,-945.1484752,2.1130,1.15
/home/ccollins/allmols/H/opt/b3lyp/m06hf/8813-5-.log,8813-5-,---,[],"td M06HF/6-31g(d,p)",-8.30899606119,-0.992127055481,79,3.5914,-1351.9906935,2.0436,1.03333333333
/home/ccollins/allmols/H/opt/b3lyp/m06hf/455-.log,455-,---,[],"td M06HF/6-31g(d,p)",-7.97375181205,0.302862702345,63,0.2001,-1335.6973265,4.0450,0.75
/home/ccollins/allmols/H/opt/b3lyp/m06hf/812-12-8.log,812-12-8,---,[],"td M06HF/6-31g(d,p)",-8.61240299121,-0.602732152466,75,3.1394,-1048.8563563,2.1399,0.866666666667
/home/ccollins/allmols/H/opt/b3lyp/m06hf/444.log,444,---,[],"td M06HF/6-31g(d,p)",-8.38001777306,0.556472799906,61,0.0002,-694.1998759,4.7370,0.65
/home/ccollins/allmols/H/opt/b3lyp/m06hf/1213.log,1213,---,[],"td M06HF/6-31g(d,p)",-7.79660570313,2.11105915974,35,1.2576,-438.9064335,5.1609,0.15
/home/ccollins/allmols/H/opt/b3lyp/m06hf/512-13-.log,512-13-,---,[],"td M06HF/6-31g(d,p)",-7.4888449517,0.893621845913,56,1.4934,-990.6633608,4.1713,0.366666666667
/home/ccollins/allmols/H/opt/b3lyp/m06hf/134-8-13-.log,134-8-13-,---,[],"td M06HF/6-31g(d,p)",-8.01239197713,-0.222589119962,75,0.2845,-945.1475478,3.9895,0.7
/home/ccollins/allmols/H/opt/b3lyp/m06hf/51213-.log,51213-,---,[],"td M06HF/6-31g(d,p)",-7.46190568168,0.975800225165,56,2.5069,-990.6607911,4.2027,0.333333333333
/home/ccollins/allmols/H/opt/b3lyp/m06hf/1213-13-5.log,1213-13-5,---,[],"td M06HF/6-31g(d,p)",-7.06598004653,0.937160060086,73,3.3838,-1199.5995048,3.9840,0.866666666667
/home/ccollins/allmols/H/opt/b3lyp/m06hf/138-.log,138-,---,[],"td M06HF/6-31g(d,p)",-8.96315772915,-0.102314803308,38,2.0144,-505.1880222,2.1588,0.183333333333
/home/ccollins/allmols/H/opt/b3lyp/m06hf/1212-124-.log,1212-124-,---,[],"td M06HF/6-31g(d,p)",-7.49673625301,0.656338578667,72,0.6293,-918.5432509,4.0092,0.583333333333
/home/ccollins/allmols/H/opt/b3lyp/m06hf/13134.log,13134,---,[],"td M06HF/6-31g(d,p)",-7.25727607506,1.30206471763,55,2.6733,-650.0695755,4.4407,0.633333333333
/home/ccollins/allmols/H/opt/b3lyp/m06hf/41248-.log,41248-,---,[],"td M06HF/6-31g(d,p)",-8.13130572459,-0.321910671046,78,2.2844,-987.0509139,2.1054,1.66666666667
/home/ccollins/allmols/H/opt/b3lyp/m06hf/1384.log,1384,---,[],"td M06HF/6-31g(d,p)",-8.6496825871,-0.0982330957292,58,1.5691,-736.2045831,2.1107,0.55
/home/ccollins/allmols/H/opt/b3lyp/m06hf/88-5-.log,88-5-,---,[],"td M06HF/6-31g(d,p)",-9.70357948394,-1.09362551727,62,2.3062,-1143.0422059,2.0387,0.433333333333
/home/ccollins/allmols/H/opt/b3lyp/m06hf/4813-12-.log,4813-12-,---,[],"td M06HF/6-31g(d,p)",-7.9691258768,-0.214697818643,75,1.7876,-964.9901392,2.1125,0.783333333333
/home/ccollins/allmols/H/opt/b3lyp/m06hf/581313-.log,581313-,---,[],"td M06HF/6-31g(d,p)",-7.69918894892,-0.274834976971,76,1.2939,-1265.8919041,3.7194,0.683333333333
/home/ccollins/allmols/H/opt/b3lyp/m06hf/854-8-.log,854-8-,---,[],"td M06HF/6-31g(d,p)",-8.92152431184,-0.893621845913,82,1.1974,-1374.0675914,2.1074,1.88333333333
/home/ccollins/allmols/H/opt/b3lyp/m06hf/4135-.log,4135-,---,[],"td M06HF/6-31g(d,p)",-7.56721373721,0.933350466346,59,1.9023,-992.8861743,4.2719,0.5
/home/ccollins/allmols/H/opt/b3lyp/m06hf/124-13.log,124-13,---,[],"td M06HF/6-31g(d,p)",-7.68259000477,0.916207294515,55,1.1011,-669.9161714,4.4507,0.45
/home/ccollins/allmols/H/opt/b3lyp/m06hf/131285-.log,131285-,---,[],"td M06HF/6-31g(d,p)",-7.9070839216,-0.46531466398,76,1.2483,-1285.7267991,2.1400,0.683333333333
/home/ccollins/allmols/H/opt/b3lyp/m06hf/85513.log,85513,---,[],"td M06HF/6-31g(d,p)",-7.71687634843,-0.598378331048,80,1.8049,-1608.6904976,2.1465,1.01666666667
/home/ccollins/allmols/H/opt/b3lyp/m06hf/48-1212.log,48-1212,---,[],"td M06HF/6-31g(d,p)",-8.24777044751,-0.36544888522,75,1.6281,-984.8165142,2.0940,0.6
/home/ccollins/allmols/H/opt/b3lyp/m06hf/135-12-.log,135-12-,---,[],"td M06HF/6-31g(d,p)",-7.50816503423,0.796205091699,56,2.5430,-990.6591192,4.0791,0.433333333333
/home/ccollins/allmols/H/opt/b3lyp/m06hf/1258-5-.log,1258-5-,---,[],"td M06HF/6-31g(d,p)",-8.24940313054,-0.628582967131,80,1.1981,-1628.5385293,2.1401,0.75
/home/ccollins/allmols/H/opt/b3lyp/m06hf/134-5-.log,134-5-,---,[],"td M06HF/6-31g(d,p)",-7.74653675684,0.657154920183,59,2.1910,-992.8850695,4.3267,0.533333333333
/home/ccollins/allmols/H/opt/b3lyp/m06hf/12131313-.log,12131313-,---,[],"td M06HF/6-31g(d,p)",-6.86488791982,1.43893797844,69,1.0456,-856.7907589,4.1875,0.583333333333
/home/ccollins/allmols/H/opt/b3lyp/m06hf/8512.log,8512,---,[],"td M06HF/6-31g(d,p)",-8.45022314342,-0.376333438763,59,2.8598,-1076.7785054,2.1466,0.316666666667
/home/ccollins/allmols/H/opt/b3lyp/m06hf/4558.log,4558,---,[],"td M06HF/6-31g(d,p)",-8.13239417995,-0.634025243903,83,2.9420,-1630.7574727,3.5987,0.8
/home/ccollins/allmols/H/opt/b3lyp/m06hf/125-135-.log,125-135-,---,[],"td M06HF/6-31g(d,p)",-7.32993046996,0.443001329216,77,1.8846,-1542.415512,3.7567,0.666666666667
/home/ccollins/allmols/H/opt/b3lyp/m06hf/48-12.log,48-12,---,[],"td M06HF/6-31g(d,p)",-9.07499651681,-0.260957171203,58,0.8746,-756.0354911,2.0945,0.5
/home/ccollins/allmols/H/opt/b3lyp/m06hf/54-44.log,54-44,---,[],"td M06HF/6-31g(d,p)",-8.06137246808,0.18068358882,82,0.6716,-1245.9549682,4.2553,1.13333333333
/home/ccollins/allmols/H/opt/b3lyp/m06hf/4555-.log,4555-,---,[],"td M06HF/6-31g(d,p)",-7.65129691333,-0.0791851270282,84,0.5751,-1887.4506808,3.6041,0.783333333333
/home/ccollins/allmols/H/opt/b3lyp/m06hf/124.log,124,---,[],"td M06HF/6-31g(d,p)",-8.41239931985,1.36138553444,38,0.6161,-460.9734244,5.1678,0.2
/home/ccollins/allmols/H/opt/b3lyp/m06hf/124-.log,124-,---,[],"td M06HF/6-31g(d,p)",-8.41267143369,1.3611134206,38,0.6163,-460.9734201,5.1678,0.2
/home/ccollins/allmols/H/opt/b3lyp/m06hf/1313-813.log,1313-813,---,[],"td M06HF/6-31g(d,p)",-7.58843861662,-0.00163268303151,72,1.8331,-923.0843443,2.1723,0.833333333333
/home/ccollins/allmols/H/opt/b3lyp/m06hf/513-512-.log,513-512-,---,[],"td M06HF/6-31g(d,p)",-7.32993046996,0.443001329216,77,1.8845,-1542.4155119,3.7567,0.666666666667
/home/ccollins/allmols/H/opt/b3lyp/m06hf/8448-.log,8448-,---,[],"td M06HF/6-31g(d,p)",-9.18465839376,-0.741782323982,81,0.0003,-1053.3212013,2.1078,1.51666666667
/home/ccollins/allmols/H/opt/b3lyp/m06hf/138-4.log,138-4,---,[],"td M06HF/6-31g(d,p)",-8.6496825871,-0.0982330957292,58,1.5692,-736.2045831,2.1107,0.55
/home/ccollins/allmols/H/opt/b3lyp/m06hf/1345-.log,1345-,---,[],"td M06HF/6-31g(d,p)",-7.74653675684,0.657154920183,59,2.1909,-992.8850693,4.3266,0.533333333333
/home/ccollins/allmols/H/opt/b3lyp/m06hf/512-12-13-.log,512-12-13-,---,[],"td M06HF/6-31g(d,p)",-7.27741249911,0.623140690359,73,0.8850,-1219.4457427,3.8588,0.75
/home/ccollins/allmols/H/opt/b3lyp/m06hf/1248-.log,1248-,---,[],"td M06HF/6-31g(d,p)",-8.6341720983,-0.215242046321,58,2.2287,-756.0374961,2.1057,0.566666666667
/home/ccollins/allmols/H/opt/b3lyp/m06hf/13121313-.log,13121313-,---,[],"td M06HF/6-31g(d,p)",-6.96665849545,1.28900325338,69,1.6770,-856.7954603,4.0824,0.666666666667
/home/ccollins/allmols/H/opt/b3lyp/m06hf/45-8.log,45-8,---,[],"td M06HF/6-31g(d,p)",-8.74247340606,-0.40572173333,62,2.2922,-1079.0041694,2.1470,0.666666666667
/home/ccollins/allmols/H/opt/b3lyp/m06hf/848-5-.log,848-5-,---,[],"td M06HF/6-31g(d,p)",-9.27336750514,-0.927908189575,82,1.9606,-1374.0743723,2.1030,1.36666666667
/home/ccollins/allmols/H/opt/b3lyp/m06hf/448-8-.log,448-8-,---,[],"td M06HF/6-31g(d,p)",-9.10520115289,-1.09743511101,81,2.5805,-1053.3048039,2.0141,1.68333333333
/home/ccollins/allmols/H/opt/b3lyp/m06hf/1312-5.log,1312-5,---,[],"td M06HF/6-31g(d,p)",-7.49047763473,0.97307908678,56,1.6025,-990.6613397,4.2141,0.366666666667
/home/ccollins/allmols/H/opt/b3lyp/m06hf/1381313-.log,1381313-,---,[],"td M06HF/6-31g(d,p)",-7.59850682865,0.0179595133466,72,2.2649,-923.0840897,2.1628,0.916666666667
/home/ccollins/allmols/H/opt/b3lyp/m06hf/125-12.log,125-12,---,[],"td M06HF/6-31g(d,p)",-7.77374814069,0.574432313253,56,0.6021,-1010.5010422,4.0941,0.333333333333
/home/ccollins/allmols/H/opt/b3lyp/m06hf/813-8-.log,813-8-,---,[],"td M06HF/6-31g(d,p)",-9.18220936921,-0.585316866796,58,0.5676,-800.2520041,2.1598,0.533333333333
/home/ccollins/allmols/H/opt/b3lyp/m06hf/512-8-5.log,512-8-5,---,[],"td M06HF/6-31g(d,p)",-8.27035589611,-0.53851328656,80,0.9541,-1628.5361316,2.1375,0.733333333333
/home/ccollins/allmols/H/opt/b3lyp/m06hf/51312.log,51312,---,[],"td M06HF/6-31g(d,p)",-7.41755112599,1.07185641019,56,0.4842,-990.6619288,4.2789,0.45
/home/ccollins/allmols/H/opt/b3lyp/m06hf/5813-4-.log,5813-4-,---,[],"td M06HF/6-31g(d,p)",-8.08885596578,-0.359734494609,79,2.1981,-1287.9582229,2.1568,1.06666666667
/home/ccollins/allmols/H/opt/b3lyp/m06hf/441212-.log,441212-,---,[],"td M06HF/6-31g(d,p)",-7.69320244447,0.42694661274,75,0.1871,-920.7643245,4.1241,0.833333333333
/home/ccollins/allmols/H/opt/b3lyp/m06hf/848-.log,848-,---,[],"td M06HF/6-31g(d,p)",-10.0393679608,-0.792123384121,61,0.0009,-822.3140269,2.1081,0.4
/home/ccollins/allmols/H/opt/b3lyp/m06hf/55-4-.log,55-4-,---,[],"td M06HF/6-31g(d,p)",-7.97402392589,0.303134816184,63,0.2003,-1335.6973285,4.0454,0.633333333333
/home/ccollins/allmols/H/opt/b3lyp/m06hf/128-84-.log,128-84-,---,[],"td M06HF/6-31g(d,p)",-9.43962906051,-1.08382941908,78,0.9362,-1051.083456,2.0104,0.933333333333
/home/ccollins/allmols/H/opt/b3lyp/m06hf/5135-4-.log,5135-4-,---,[],"td M06HF/6-31g(d,p)",-7.35306014624,0.386401650791,80,1.3885,-1544.6406364,3.7813,0.9
/home/ccollins/allmols/H/opt/b3lyp/m06hf/1284.log,1284,---,[],"td M06HF/6-31g(d,p)",-9.07526863065,-0.260957171203,58,0.8744,-756.0354916,2.0942,0.5
/home/ccollins/allmols/H/opt/b3lyp/m06hf/13131312.log,13131312,---,[],"td M06HF/6-31g(d,p)",-6.85182645557,1.37390277102,69,3.6341,-856.7855314,4.1488,0.633333333333
/home/ccollins/allmols/H/opt/b3lyp/m06hf/4413-.log,4413-,---,[],"td M06HF/6-31g(d,p)",-7.81728635487,0.781510944416,58,1.5129,-672.1363594,4.5293,0.516666666667
/home/ccollins/allmols/H/opt/b3lyp/m06hf/51254.log,51254,---,[],"td M06HF/6-31g(d,p)",-7.5340158489,0.222589119962,80,1.2388,-1564.4823662,3.7503,0.883333333333
/home/ccollins/allmols/H/opt/b3lyp/m06hf/135-8-4-.log,135-8-4-,---,[],"td M06HF/6-31g(d,p)",-8.00096319591,-0.472661737622,79,2.4004,-1287.9545595,3.7058,0.733333333333
/home/ccollins/allmols/H/opt/b3lyp/m06hf/13138-12-.log,13138-12-,---,[],"td M06HF/6-31g(d,p)",-7.65238536868,-0.193200825395,72,3.4176,-942.9119801,2.1475,0.7
/home/ccollins/allmols/H/opt/b3lyp/m06hf/81313-5.log,81313-5,---,[],"td M06HF/6-31g(d,p)",-7.5566012975,-0.115104153721,76,2.3893,-1265.8875281,3.8310,0.666666666667
/home/ccollins/allmols/H/opt/b3lyp/m06hf/458-.log,458-,---,[],"td M06HF/6-31g(d,p)",-8.74247340606,-0.40572173333,62,2.2920,-1079.004166,2.1470,0.666666666667
/home/ccollins/allmols/H/opt/b3lyp/m06hf/813.log,813,---,[],"td M06HF/6-31g(d,p)",-8.96206927379,-0.101770575631,38,2.0149,-505.1880212,2.1590,0.183333333333
/home/ccollins/allmols/H/opt/b3lyp/m06hf/84-12.log,84-12,---,[],"td M06HF/6-31g(d,p)",-8.63471632598,-0.214697818643,58,2.2265,-756.0375041,2.1053,0.633333333333
/home/ccollins/allmols/H/opt/b3lyp/m06hf/5138-5.log,5138-5,---,[],"td M06HF/6-31g(d,p)",-7.97701717812,-0.392116041401,80,0.9000,-1608.7030453,3.7352,0.65
/home/ccollins/allmols/H/opt/b3lyp/m06hf/548.log,548,---,[],"td M06HF/6-31g(d,p)",-8.75526275647,-0.314835711243,62,1.9805,-1079.0064435,2.1066,0.633333333333
/home/ccollins/allmols/H/opt/b3lyp/m06hf/813-5.log,813-5,---,[],"td M06HF/6-31g(d,p)",-8.20668125788,-0.160547164765,59,2.4004,-1056.943552,2.1621,0.383333333333
/home/ccollins/allmols/H/opt/b3lyp/m06hf/13412-8-.log,13412-8-,---,[],"td M06HF/6-31g(d,p)",-7.876062944,-0.212520907935,75,3.6009,-964.9750423,2.1424,0.866666666667
/home/ccollins/allmols/H/opt/b3lyp/m06hf/13134-.log,13134-,---,[],"td M06HF/6-31g(d,p)",-7.25673184738,1.30260894531,55,2.6734,-650.069583,4.4405,0.633333333333
/home/ccollins/allmols/H/opt/b3lyp/m06hf/55-13.log,55-13,---,[],"td M06HF/6-31g(d,p)",-7.58789438894,0.527900846855,60,1.5393,-1313.6306029,3.9464,0.6
/home/ccollins/allmols/H/opt/b3lyp/m06hf/88-5-12-.log,88-5-12-,---,[],"td M06HF/6-31g(d,p)",-8.55553119895,-1.17308275814,79,3.8155,-1371.8257006,2.0368,0.883333333333
/home/ccollins/allmols/H/opt/b3lyp/m06hf/1312-8-4.log,1312-8-4,---,[],"td M06HF/6-31g(d,p)",-7.94817311123,-0.291433921124,75,2.5956,-964.9799659,2.0954,0.783333333333
/home/ccollins/allmols/H/opt/b3lyp/m06hf/1244-4-.log,1244-4-,---,[],"td M06HF/6-31g(d,p)",-7.98953441469,0.296331970219,78,0.6213,-922.9858911,4.3255,1.23333333333
/home/ccollins/allmols/H/opt/b3lyp/m06hf/848-8-.log,848-8-,---,[],"td M06HF/6-31g(d,p)",-10.1158319494,-1.38723634911,81,0.5139,-1117.3607648,2.0166,0.95
/home/ccollins/allmols/H/opt/b3lyp/m06hf/84-512-.log,84-512-,---,[],"td M06HF/6-31g(d,p)",-8.08314157516,-0.463137753272,79,2.1202,-1307.7901915,2.1044,1.08333333333
/home/ccollins/allmols/H/opt/b3lyp/m06hf/41212.log,41212,---,[],"td M06HF/6-31g(d,p)",-7.77810196211,0.950493638177,55,1.0239,-689.7552168,4.4201,0.366666666667
/home/ccollins/allmols/H/opt/b3lyp/m06hf/444-.log,444-,---,[],"td M06HF/6-31g(d,p)",-8.38001777306,0.556200686068,61,0.0002,-694.199874,4.7369,0.65
/home/ccollins/allmols/H/opt/b3lyp/m06hf/44-13.log,44-13,---,[],"td M06HF/6-31g(d,p)",-7.81701424103,0.781510944416,58,1.5132,-672.1363589,4.5293,0.5
/home/ccollins/allmols/H/opt/b3lyp/m06hf/1388-.log,1388-,---,[],"td M06HF/6-31g(d,p)",-9.10628960824,-0.89035647985,58,2.6799,-800.2357132,2.0428,0.433333333333
/home/ccollins/allmols/H/opt/b3lyp/m06hf/58-48.log,58-48,---,[],"td M06HF/6-31g(d,p)",-9.2730953913,-0.928180303413,82,1.9591,-1374.0743711,2.1028,1.36666666667
/home/ccollins/allmols/H/opt/b3lyp/m06hf/124-5-12-.log,124-5-12-,---,[],"td M06HF/6-31g(d,p)",-7.66599106061,0.224221802994,76,0.4546,-1241.5117581,3.9131,0.733333333333
/home/ccollins/allmols/H/opt/b3lyp/m06hf/5413.log,5413,---,[],"td M06HF/6-31g(d,p)",-7.74844155371,0.656338578667,59,0.8346,-992.8852283,4.3269,0.533333333333
/home/ccollins/allmols/H/opt/b3lyp/m06hf/54-55-.log,54-55-,---,[],"td M06HF/6-31g(d,p)",-7.79089131252,-0.0155104887993,84,0.6722,-1887.4522274,3.8072,0.85
/home/ccollins/allmols/H/opt/b3lyp/m06hf/41313.log,41313,---,[],"td M06HF/6-31g(d,p)",-7.25673184738,1.30288105914,55,2.6740,-650.0695873,4.4407,0.633333333333
/home/ccollins/allmols/H/opt/b3lyp/m06hf/54-13-8-.log,54-13-8-,---,[],"td M06HF/6-31g(d,p)",-8.02790246593,-0.197826760651,79,2.5665,-1287.9529971,3.9353,0.766666666667
/home/ccollins/allmols/H/opt/b3lyp/m06hf/413.log,413,---,[],"td M06HF/6-31g(d,p)",-8.00259587894,1.61880522574,38,1.5504,-441.1301109,5.1072,0.233333333333
/home/ccollins/allmols/H/opt/b3lyp/m06hf/134-.log,134-,---,[],"td M06HF/6-31g(d,p)",-8.00286799278,1.61880522574,38,1.5503,-441.1301121,5.1074,0.233333333333
/home/ccollins/allmols/H/opt/b3lyp/m06hf/512-5.log,512-5,---,[],"td M06HF/6-31g(d,p)",-7.7772856206,0.594568737308,60,0.8220,-1333.4744948,4.1033,0.35
/home/ccollins/allmols/H/opt/b3lyp/m06hf/84.log,84,---,[],"td M06HF/6-31g(d,p)",-9.95691746766,-0.191296028525,41,1.3118,-527.2517774,2.1039,0.183333333333
/home/ccollins/allmols/H/opt/b3lyp/m06hf/588-13.log,588-13,---,[],"td M06HF/6-31g(d,p)",-8.92859927165,-1.03947486339,79,1.0383,-1351.9967384,2.0393,0.966666666667
/home/ccollins/allmols/H/opt/b3lyp/m06hf/555-.log,555-,---,[],"td M06HF/6-31g(d,p)",-7.85973611369,0.19428928075,64,0.6090,-1656.4412823,3.8812,0.483333333333
/home/ccollins/allmols/H/opt/b3lyp/m06hf/4138-8-.log,4138-8-,---,[],"td M06HF/6-31g(d,p)",-8.45076737109,-0.967908923847,78,3.3480,-1031.2462041,2.0438,1.2
/home/ccollins/allmols/H/opt/b3lyp/m06hf/1313-5.log,1313-5,---,[],"td M06HF/6-31g(d,p)",-7.27088176699,1.2299545504,56,0.7850,-970.8197806,4.2936,0.483333333333
/home/ccollins/allmols/H/opt/b3lyp/m06hf/445-8-.log,445-8-,---,[],"td M06HF/6-31g(d,p)",-8.40913395379,-0.533071009788,82,2.5211,-1310.0102493,3.9256,0.883333333333
/home/ccollins/allmols/H/opt/b3lyp/m06hf/12413-.log,12413-,---,[],"td M06HF/6-31g(d,p)",-7.68177366325,0.917023636031,55,2.0925,-669.9159447,4.4497,0.45
/home/ccollins/allmols/H/opt/b3lyp/m06hf/812-12-5.log,812-12-5,---,[],"td M06HF/6-31g(d,p)",-7.91034928766,-0.244086113211,76,1.9715,-1305.5570887,2.1414,0.533333333333
/home/ccollins/allmols/H/opt/b3lyp/m06hf/12128-5-.log,12128-5-,---,[],"td M06HF/6-31g(d,p)",-8.2025995503,-0.466675233173,76,1.3417,-1305.5597988,2.1341,0.616666666667
/home/ccollins/allmols/H/opt/b3lyp/m06hf/812-5-.log,812-5-,---,[],"td M06HF/6-31g(d,p)",-8.46246826615,-0.20000367136,59,2.7236,-1076.7750941,2.1417,0.316666666667
/home/ccollins/allmols/H/opt/b3lyp/m06hf/45-8-.log,45-8-,---,[],"td M06HF/6-31g(d,p)",-8.74247340606,-0.40572173333,62,2.2922,-1079.0041694,2.1470,0.7
/home/ccollins/allmols/H/opt/b3lyp/m06hf/854-4.log,854-4,---,[],"td M06HF/6-31g(d,p)",-8.40967818147,-0.533071009788,82,2.5193,-1310.0102417,3.9263,0.916666666667
/home/ccollins/allmols/H/opt/b3lyp/m06hf/8134.log,8134,---,[],"td M06HF/6-31g(d,p)",-8.31988061473,-0.118913747462,58,2.3355,-736.1983455,2.1605,0.416666666667
/home/ccollins/allmols/H/opt/b3lyp/m06hf/4485.log,4485,---,[],"td M06HF/6-31g(d,p)",-8.74192917838,-0.533343123626,82,0.6029,-1310.0178575,2.1002,1.0
/home/ccollins/allmols/H/opt/b3lyp/m06hf/85-5-4.log,85-5-4,---,[],"td M06HF/6-31g(d,p)",-8.13239417995,-0.634025243903,83,2.9417,-1630.7574739,3.5990,0.8
/home/ccollins/allmols/H/opt/b3lyp/m06hf/1312-4.log,1312-4,---,[],"td M06HF/6-31g(d,p)",-7.53619275961,1.11593885204,55,2.1107,-669.9175017,4.4035,0.433333333333
/home/ccollins/allmols/H/opt/b3lyp/m06hf/55-88.log,55-88,---,[],"td M06HF/6-31g(d,p)",-8.65566909155,-1.23621316869,83,2.9858,-1694.797093,2.0378,1.06666666667
/home/ccollins/allmols/H/opt/b3lyp/m06hf/13124.log,13124,---,[],"td M06HF/6-31g(d,p)",-7.52993414132,1.03702583885,55,1.1456,-669.91941,4.3591,0.433333333333
/home/ccollins/allmols/H/opt/b3lyp/m06hf/125-412-.log,125-412-,---,[],"td M06HF/6-31g(d,p)",-7.69347455831,0.199187329844,76,0.6044,-1241.5122494,3.9070,0.733333333333
/home/ccollins/allmols/H/opt/b3lyp/m06hf/134.log,134,---,[],"td M06HF/6-31g(d,p)",-8.00286799278,1.61880522574,38,1.5505,-441.1301115,5.1076,0.233333333333
/home/ccollins/allmols/H/opt/b3lyp/m06hf/51212-.log,51212-,---,[],"td M06HF/6-31g(d,p)",-7.70653602256,0.78450419664,56,0.4269,-1010.5016426,4.2069,0.316666666667
/home/ccollins/allmols/H/opt/b3lyp/m06hf/48-1212-.log,48-1212-,---,[],"td M06HF/6-31g(d,p)",-8.26192036712,-0.398374659688,75,0.7664,-984.8205106,2.0964,0.6
/home/ccollins/allmols/H/opt/b3lyp/m06hf/44-813.log,44-813,---,[],"td M06HF/6-31g(d,p)",-8.4684547706,-0.308304979117,78,1.5886,-967.2105006,4.1430,0.75
/home/ccollins/allmols/H/opt/b3lyp/m06hf/1312-8-.log,1312-8-,---,[],"td M06HF/6-31g(d,p)",-8.07742718455,-0.0370074820475,55,3.7341,-733.9630359,2.1425,0.333333333333
/home/ccollins/allmols/H/opt/b3lyp/m06hf/121213-.log,121213-,---,[],"td M06HF/6-31g(d,p)",-7.42353763043,1.35621537151,52,2.3963,-667.6854841,4.4010,0.383333333333
/home/ccollins/allmols/H/opt/b3lyp/m06hf/48-513.log,48-513,---,[],"td M06HF/6-31g(d,p)",-7.98001043034,-0.509941333508,79,0.9558,-1287.954776,2.1007,0.883333333333
/home/ccollins/allmols/H/opt/b3lyp/m06hf/45-5.log,45-5,---,[],"td M06HF/6-31g(d,p)",-7.97402392589,0.303134816184,63,0.2004,-1335.6973328,4.0456,0.633333333333
/home/ccollins/allmols/H/opt/b3lyp/m06hf/12844-.log,12844-,---,[],"td M06HF/6-31g(d,p)",-8.71362933917,-0.441640760023,78,0.7230,-987.041396,2.0954,0.933333333333
/home/ccollins/allmols/H/opt/b3lyp/m06hf/548-.log,548-,---,[],"td M06HF/6-31g(d,p)",-8.75526275647,-0.314835711243,62,1.9805,-1079.0064435,2.1066,0.633333333333
/home/ccollins/allmols/H/opt/b3lyp/m06hf/845.log,845,---,[],"td M06HF/6-31g(d,p)",-8.75553487031,-0.314563597404,62,1.9800,-1079.006442,2.1063,0.683333333333
/home/ccollins/allmols/H/opt/b3lyp/m06hf/51313.log,51313,---,[],"td M06HF/6-31g(d,p)",-7.20584655957,1.14015698367,56,2.2338,-970.8151707,4.2251,0.483333333333
/home/ccollins/allmols/H/opt/b3lyp/m06hf/54-1312-.log,54-1312-,---,[],"td M06HF/6-31g(d,p)",-7.41646267063,0.463137753272,76,1.2541,-1221.6693717,4.0238,0.783333333333
/home/ccollins/allmols/H/opt/b3lyp/m06hf/81313.log,81313,---,[],"td M06HF/6-31g(d,p)",-7.81755846871,-0.0927908189575,55,2.6301,-714.1286288,2.1629,0.333333333333
/home/ccollins/allmols/H/opt/b3lyp/m06hf/88-13.log,88-13,---,[],"td M06HF/6-31g(d,p)",-9.10601749441,-0.889812252173,58,2.6778,-800.2357154,2.0432,0.433333333333
/home/ccollins/allmols/H/opt/b3lyp/m06hf/1213-13-.log,1213-13-,---,[],"td M06HF/6-31g(d,p)",-7.19849948593,1.63349937303,52,3.3190,-647.843334,4.5082,0.333333333333
/home/ccollins/allmols/H/opt/b3lyp/m06hf/1312-813-.log,1312-813-,---,[],"td M06HF/6-31g(d,p)",-7.80721814284,-0.127893504135,72,2.0817,-942.9161325,2.1509,0.7
/home/ccollins/allmols/H/opt/b3lyp/m06hf/128-12-.log,128-12-,---,[],"td M06HF/6-31g(d,p)",-8.85893812897,-0.253065869884,55,0.0010,-753.8023646,2.1294,0.366666666667
/home/ccollins/allmols/H/opt/b3lyp/m06hf/1313.log,1313,---,[],"td M06HF/6-31g(d,p)",-7.47904885351,2.56195179028,35,3.1627,-419.05898,5.3087,0.15
/home/ccollins/allmols/H/opt/b3lyp/m06hf/12513-.log,12513-,---,[],"td M06HF/6-31g(d,p)",-7.50816503423,0.796205091699,56,2.5430,-990.6591193,4.0791,0.433333333333
/home/ccollins/allmols/H/opt/b3lyp/m06hf/58-5.log,58-5,---,[],"td M06HF/6-31g(d,p)",-8.95934813541,-0.484906860358,63,1.1547,-1399.7552319,2.1400,0.333333333333
/home/ccollins/allmols/H/opt/b3lyp/m06hf/44-84.log,44-84,---,[],"td M06HF/6-31g(d,p)",-8.82138641925,-0.444089784571,81,0.4347,-989.2745436,3.8371,1.03333333333
/home/ccollins/allmols/H/opt/b3lyp/m06hf/54-.log,54-,---,[],"td M06HF/6-31g(d,p)",-8.55253794672,0.972534859102,42,0.6863,-783.9424222,4.9038,0.183333333333
/home/ccollins/allmols/H/opt/b3lyp/m06hf/55.log,55,---,[],"td M06HF/6-31g(d,p)",-8.34110549414,0.816069401916,43,1.2902,-1104.6865771,4.5548,0.166666666667
/home/ccollins/allmols/H/opt/b3lyp/m06hf/44.log,44,---,[],"td M06HF/6-31g(d,p)",-8.8140393456,1.122741698,41,0.0002,-463.1934899,5.3791,0.216666666667
/home/ccollins/allmols/H/opt/b3lyp/m06hf/512-48.log,512-48,---,[],"td M06HF/6-31g(d,p)",-8.03742645028,-0.359462380771,79,1.8164,-1307.7945947,2.1053,1.16666666667
/home/ccollins/allmols/H/opt/b3lyp/m06hf/812-8.log,812-8,---,[],"td M06HF/6-31g(d,p)",-9.63663947965,-0.757020698943,58,1.5598,-820.0741959,2.1400,0.65
/home/ccollins/allmols/H/opt/b3lyp/m06hf/1212-4.log,1212-4,---,[],"td M06HF/6-31g(d,p)",-7.79959895536,0.91729574987,55,0.1607,-689.75825,4.4044,0.383333333333
/home/ccollins/allmols/H/opt/b3lyp/m06hf/125-124.log,125-124,---,[],"td M06HF/6-31g(d,p)",-7.5601387774,0.317012621951,76,0.4203,-1241.5146102,3.8047,0.983333333333
/home/ccollins/allmols/H/opt/b3lyp/m06hf/8412.log,8412,---,[],"td M06HF/6-31g(d,p)",-8.63471632598,-0.214697818643,58,2.2268,-756.0375029,2.1053,0.65
/home/ccollins/allmols/H/opt/b3lyp/m06hf/54.log,54,---,[],"td M06HF/6-31g(d,p)",-8.55226583289,0.972534859102,42,0.6861,-783.9424238,4.9039,0.183333333333
/home/ccollins/allmols/H/opt/b3lyp/m06hf/48-1213.log,48-1213,---,[],"td M06HF/6-31g(d,p)",-7.93511164697,-0.360278722286,75,0.6233,-964.9835364,2.0995,0.816666666667
/home/ccollins/allmols/H/opt/b3lyp/m06hf/88-13-12.log,88-13-12,---,[],"td M06HF/6-31g(d,p)",-8.27552605904,-0.987773234063,75,3.4169,-1029.0195958,2.0431,0.916666666667
/home/ccollins/allmols/H/opt/b3lyp/m06hf/813-13.log,813-13,---,[],"td M06HF/6-31g(d,p)",-7.85402172308,-0.0476199217524,55,2.6759,-714.1318369,2.1606,0.35
/home/ccollins/allmols/H/opt/b3lyp/m06hf/1212-5.log,1212-5,---,[],"td M06HF/6-31g(d,p)",-7.73374740642,0.784776310479,56,0.8368,-1010.5020199,4.2172,0.316666666667
/home/ccollins/allmols/H/opt/b3lyp/m06hf/813-12-.log,813-12-,---,[],"td M06HF/6-31g(d,p)",-8.12423076479,-0.0840831761227,55,2.6614,-733.9735567,2.1598,0.316666666667
/home/ccollins/allmols/H/opt/b3lyp/m06hf/13124-.log,13124-,---,[],"td M06HF/6-31g(d,p)",-7.53075048284,1.03838640804,55,1.1472,-669.9194324,4.3608,0.433333333333
/home/ccollins/allmols/H/opt/b3lyp/m06hf/85-.log,85-,---,[],"td M06HF/6-31g(d,p)",-9.60208102215,-0.204085378939,42,1.6860,-847.9951132,2.1452,0.15
/home/ccollins/allmols/H/opt/b3lyp/m06hf/81312.log,81312,---,[],"td M06HF/6-31g(d,p)",-8.12450287863,-0.0827226069298,55,2.6678,-733.9735335,2.1591,0.316666666667
/home/ccollins/allmols/H/opt/b3lyp/m06hf/88-4.log,88-4,---,[],"td M06HF/6-31g(d,p)",-10.0483477174,-1.01362404873,61,1.8721,-822.2989382,2.0140,0.433333333333
/home/ccollins/allmols/H/opt/b3lyp/m06hf/813-85.log,813-85,---,[],"td M06HF/6-31g(d,p)",-8.77104535911,-0.774708098451,79,2.2695,-1352.0121246,3.9237,0.65
/home/ccollins/allmols/H/opt/b3lyp/m06hf/812-12-.log,812-12-,---,[],"td M06HF/6-31g(d,p)",-8.41158297834,-0.0957840711819,55,2.9225,-753.7995097,2.1400,0.3
/home/ccollins/allmols/H/opt/b3lyp/m06hf/58-5-.log,58-5-,---,[],"td M06HF/6-31g(d,p)",-8.95934813541,-0.485178974197,63,0.0010,-1399.7553095,2.1391,0.4
/home/ccollins/allmols/H/opt/b3lyp/m06hf/445-4-.log,445-4-,---,[],"td M06HF/6-31g(d,p)",-7.92096172737,0.136056919292,82,0.5846,-1245.9577551,4.0251,1.23333333333
/home/ccollins/allmols/H/opt/b3lyp/m06hf/51313-.log,51313-,---,[],"td M06HF/6-31g(d,p)",-7.23958867555,1.20410373574,56,0.8637,-970.8194125,4.2782,0.483333333333
/home/ccollins/allmols/H/opt/b3lyp/m06hf/135-4-8.log,135-4-8,---,[],"td M06HF/6-31g(d,p)",-7.80939505355,-0.382319943212,79,3.5078,-1287.9487386,2.1031,1.41666666667
/home/ccollins/allmols/H/opt/b3lyp/m06hf/125-413.log,125-413,---,[],"td M06HF/6-31g(d,p)",-7.53673698729,0.291433921124,76,1.5092,-1221.6689377,3.8843,0.766666666667
/home/ccollins/allmols/H/opt/b3lyp/m06hf/8131312.log,8131312,---,[],"td M06HF/6-31g(d,p)",-7.45619129107,-0.0941513881504,72,3.0083,-942.9155688,2.1639,0.616666666667
/home/ccollins/allmols/H/opt/b3lyp/m06hf/13812-13.log,13812-13,---,[],"td M06HF/6-31g(d,p)",-7.79796627233,-0.125444479588,72,3.5727,-942.91585,2.1460,0.75
/home/ccollins/allmols/H/opt/b3lyp/m06hf/1284-13.log,1284-13,---,[],"td M06HF/6-31g(d,p)",-8.09729149477,-0.365720999058,75,0.7982,-964.9784713,2.0949,0.866666666667
/home/ccollins/allmols/H/opt/b3lyp/m06hf/1212-413.log,1212-413,---,[],"td M06HF/6-31g(d,p)",-7.4578239741,0.6269502841,72,1.3477,-898.7009298,4.0566,0.65
/home/ccollins/allmols/H/opt/b3lyp/m06hf/812-13-.log,812-13-,---,[],"td M06HF/6-31g(d,p)",-8.06382149263,-0.109389763111,55,1.1897,-733.9665848,2.1462,0.316666666667
/home/ccollins/allmols/H/opt/b3lyp/m06hf/584-8-.log,584-8-,---,[],"td M06HF/6-31g(d,p)",-9.2730953913,-0.928180303413,82,1.9591,-1374.0743706,2.1028,1.36666666667
/home/ccollins/allmols/H/opt/b3lyp/m06hf/4412-.log,4412-,---,[],"td M06HF/6-31g(d,p)",-8.12586344782,0.642732886738,58,0.6196,-691.9795106,4.6004,0.483333333333
/home/ccollins/allmols/H/opt/b3lyp/m06hf/854-.log,854-,---,[],"td M06HF/6-31g(d,p)",-8.74274551989,-0.405449619492,62,2.2915,-1079.0041707,2.1468,0.4
/home/ccollins/allmols/H/opt/b3lyp/m06hf/84-13-.log,84-13-,---,[],"td M06HF/6-31g(d,p)",-8.23443686942,-0.134152122422,58,2.3242,-736.1947168,2.1052,0.7
/home/ccollins/allmols/H/opt/b3lyp/m06hf/121254-.log,121254-,---,[],"td M06HF/6-31g(d,p)",-7.50272275746,0.333067338428,76,1.2205,-1241.5072369,3.8261,0.783333333333
/home/ccollins/allmols/H/opt/b3lyp/m06hf/8128-.log,8128-,---,[],"td M06HF/6-31g(d,p)",-9.63663947965,-0.757020698943,58,1.5598,-820.0741958,2.1400,0.65
/home/ccollins/allmols/H/opt/b3lyp/m06hf/812-124-.log,812-124-,---,[],"td M06HF/6-31g(d,p)",-8.02871880745,-0.234017901183,75,2.3752,-984.8170692,2.1436,0.616666666667
/home/ccollins/allmols/H/opt/b3lyp/m06hf/1244.log,1244,---,[],"td M06HF/6-31g(d,p)",-8.12586344782,0.642732886738,58,0.6192,-691.9795107,4.6004,0.483333333333
/home/ccollins/allmols/H/opt/b3lyp/m06hf/128-512-.log,128-512-,---,[],"td M06HF/6-31g(d,p)",-8.24967524438,-0.578514020832,76,0.5176,-1305.5627921,2.1373,0.516666666667
/home/ccollins/allmols/H/opt/b3lyp/m06hf/8413-8.log,8413-8,---,[],"td M06HF/6-31g(d,p)",-8.51335355397,-0.588038005182,78,0.4257,-1031.2620601,2.1081,1.01666666667
/home/ccollins/allmols/H/opt/b3lyp/m06hf/41313-5-.log,41313-5-,---,[],"td M06HF/6-31g(d,p)",-7.10516443929,0.939881198472,76,0.6037,-1201.8300198,4.0396,0.8
/home/ccollins/allmols/H/opt/b3lyp/m06hf/13812-13-.log,13812-13-,---,[],"td M06HF/6-31g(d,p)",-7.79197976788,-0.197554646813,72,1.1545,-942.919542,2.1517,0.7
/home/ccollins/allmols/H/opt/b3lyp/m06hf/124-5.log,124-5,---,[],"td M06HF/6-31g(d,p)",-8.0156573432,0.525179708469,59,1.2438,-1012.7284146,4.3774,0.483333333333
/home/ccollins/allmols/H/opt/b3lyp/m06hf/81212-13-.log,81212-13-,---,[],"td M06HF/6-31g(d,p)",-7.66844008516,-0.209799769549,72,2.3382,-962.7496369,2.1431,0.533333333333
/home/ccollins/allmols/H/opt/b3lyp/m06hf/48-13.log,48-13,---,[],"td M06HF/6-31g(d,p)",-8.64886624558,-0.0987773234063,58,1.5701,-736.2045783,2.1108,0.55
/home/ccollins/allmols/H/opt/b3lyp/m06hf/12125.log,12125,---,[],"td M06HF/6-31g(d,p)",-7.68177366325,0.820151109495,56,1.3587,-1010.498105,4.2235,0.316666666667
/home/ccollins/allmols/H/opt/b3lyp/m06hf/512-12.log,512-12,---,[],"td M06HF/6-31g(d,p)",-7.73374740642,0.784776310479,56,0.8368,-1010.5020198,4.2172,0.316666666667
/home/ccollins/allmols/H/opt/b3lyp/m06hf/138-5-4.log,138-5-4,---,[],"td M06HF/6-31g(d,p)",-8.25974345641,-0.442457101539,79,2.0034,-1287.9569553,3.8107,0.766666666667
/home/ccollins/allmols/H/opt/b3lyp/m06hf/1244-12-.log,1244-12-,---,[],"td M06HF/6-31g(d,p)",-7.86708318733,0.343679778133,75,0.0005,-920.765533,4.2561,0.983333333333
/home/ccollins/allmols/H/opt/b3lyp/m06hf/54812.log,54812,---,[],"td M06HF/6-31g(d,p)",-8.53702745792,-0.495247186225,79,1.3745,-1307.7902199,2.0963,0.833333333333
/home/ccollins/allmols/H/opt/b3lyp/m06hf/545.log,545,---,[],"td M06HF/6-31g(d,p)",-8.09865206396,0.350210510259,63,1.3436,-1335.6973637,4.2901,0.483333333333
/home/ccollins/allmols/H/opt/b3lyp/m06hf/1384-5-.log,1384-5-,---,[],"td M06HF/6-31g(d,p)",-8.36559573962,-0.366537340574,79,2.2479,-1287.9593102,4.0379,0.766666666667
/home/ccollins/allmols/H/opt/b3lyp/m06hf/58-4-.log,58-4-,---,[],"td M06HF/6-31g(d,p)",-9.13785481352,-0.382319943212,62,0.6317,-1079.01194,2.0986,0.466666666667
/home/ccollins/allmols/H/opt/b3lyp/m06hf/1213-.log,1213-,---,[],"td M06HF/6-31g(d,p)",-7.81837481022,2.12711387622,35,2.2120,-438.9039577,5.1827,0.15
/home/ccollins/allmols/H/opt/b3lyp/m06hf/121312.log,121312,---,[],"td M06HF/6-31g(d,p)",-7.37101965959,1.48057139574,52,0.6922,-667.692525,4.5131,0.35
/home/ccollins/allmols/H/opt/b3lyp/m06hf/5124-8.log,5124-8,---,[],"td M06HF/6-31g(d,p)",-8.0107592941,-0.342591322778,79,2.8106,-1307.7942856,2.1056,1.06666666667
/home/ccollins/allmols/H/opt/b3lyp/m06hf/485-.log,485-,---,[],"td M06HF/6-31g(d,p)",-9.13758269968,-0.382319943212,62,0.6324,-1079.011942,2.0989,0.466666666667
/home/ccollins/allmols/H/opt/b3lyp/m06hf/513-13.log,513-13,---,[],"td M06HF/6-31g(d,p)",-7.27088176699,1.2299545504,56,0.7850,-970.8197806,4.2936,0.483333333333
/home/ccollins/allmols/H/opt/b3lyp/m06hf/413-12.log,413-12,---,[],"td M06HF/6-31g(d,p)",-7.51714479091,1.1728106443,55,1.9021,-669.9143781,4.4604,0.4
/home/ccollins/allmols/H/opt/b3lyp/m06hf/124-85.log,124-85,---,[],"td M06HF/6-31g(d,p)",-8.45838655857,-0.52109800089,79,1.2284,-1307.7977482,2.1003,0.833333333333
/home/ccollins/allmols/H/opt/b3lyp/m06hf/45-413-.log,45-413-,---,[],"td M06HF/6-31g(d,p)",-7.60721447148,0.248439934628,79,0.9317,-1223.8942873,3.9395,0.933333333333
/home/ccollins/allmols/H/opt/b3lyp/m06hf/1385-.log,1385-,---,[],"td M06HF/6-31g(d,p)",-8.5446466454,-0.222044892285,59,2.1563,-1056.9478855,2.1526,0.366666666667
/home/ccollins/allmols/H/opt/b3lyp/m06hf/854-8.log,854-8,---,[],"td M06HF/6-31g(d,p)",-8.92152431184,-0.893621845913,82,1.1974,-1374.0675914,2.1074,1.76666666667
/home/ccollins/allmols/H/opt/b3lyp/m06hf/1385-13-.log,1385-13-,---,[],"td M06HF/6-31g(d,p)",-7.84014391731,-0.373884414216,76,0.6789,-1265.8907117,3.6070,0.683333333333
/home/ccollins/allmols/H/opt/b3lyp/m06hf/85124.log,85124,---,[],"td M06HF/6-31g(d,p)",-8.0191948231,-0.484906860358,79,2.7600,-1307.7919929,2.1461,1.15
/home/ccollins/allmols/H/opt/b3lyp/m06hf/1312-12-.log,1312-12-,---,[],"td M06HF/6-31g(d,p)",-7.42353763043,1.35621537151,52,2.3963,-667.6854841,4.4010,0.383333333333
/home/ccollins/allmols/H/opt/b3lyp/m06hf/55-4.log,55-4,---,[],"td M06HF/6-31g(d,p)",-7.97375181205,0.302862702345,63,0.2001,-1335.6973269,4.0451,0.633333333333
/home/ccollins/allmols/H/opt/b3lyp/m06hf/1348.log,1348,---,[],"td M06HF/6-31g(d,p)",-8.23389264174,-0.133607894745,58,2.3257,-736.1947138,2.1059,0.633333333333
/home/ccollins/allmols/H/opt/b3lyp/m06hf/1212.log,1212,---,[],"td M06HF/6-31g(d,p)",-8.16205458835,1.72384116744,35,1.1934,-458.7415614,5.1105,0.15
/home/ccollins/allmols/H/opt/b3lyp/m06hf/84-13-4.log,84-13-4,---,[],"td M06HF/6-31g(d,p)",-7.8295314776,-0.239732291793,78,2.2633,-967.2050602,3.9463,1.0
/home/ccollins/allmols/H/opt/b3lyp/m06hf/813-.log,813-,---,[],"td M06HF/6-31g(d,p)",-8.96206927379,-0.101770575631,38,2.0149,-505.1880212,2.1590,0.183333333333
/home/ccollins/allmols/H/opt/b3lyp/m06hf/1213-8.log,1213-8,---,[],"td M06HF/6-31g(d,p)",-8.14436718885,-0.138233830001,55,2.5619,-733.9717914,2.1619,0.333333333333
/home/ccollins/allmols/H/opt/b3lyp/m06hf/8513-.log,8513-,---,[],"td M06HF/6-31g(d,p)",-8.12205385408,-0.273746521616,59,3.4444,-1056.9377941,2.1474,0.333333333333
/home/ccollins/allmols/H/opt/b3lyp/m06hf/555-5-.log,555-5-,---,[],"td M06HF/6-31g(d,p)",-7.5946972349,-0.139594399194,85,0.0011,-2208.1944052,3.5255,0.766666666667
/home/ccollins/allmols/H/opt/b3lyp/m06hf/813-1313.log,813-1313,---,[],"td M06HF/6-31g(d,p)",-7.29972583388,-0.0756476471266,72,2.5506,-923.0712131,3.8163,0.65
/home/ccollins/allmols/H/opt/b3lyp/m06hf/5138-12-.log,5138-12-,---,[],"td M06HF/6-31g(d,p)",-7.96150668932,-0.281637822935,76,1.9793,-1285.7265747,2.1481,0.766666666667
/home/ccollins/allmols/H/opt/b3lyp/m06hf/4135.log,4135,---,[],"td M06HF/6-31g(d,p)",-7.53945812567,0.91729574987,59,0.7291,-992.8858937,4.2602,0.65
/home/ccollins/allmols/H/opt/b3lyp/m06hf/1255.log,1255,---,[],"td M06HF/6-31g(d,p)",-7.77265968534,0.382047829373,60,1.5967,-1333.4698912,3.9791,0.466666666667
/home/ccollins/allmols/H/opt/b3lyp/m06hf/844-.log,844-,---,[],"td M06HF/6-31g(d,p)",-9.01241033393,-0.2383717226,61,1.8144,-758.2576754,2.1063,0.916666666667
/home/ccollins/allmols/H/opt/b3lyp/m06hf/1213-13.log,1213-13,---,[],"td M06HF/6-31g(d,p)",-7.23115314656,1.69418075903,52,0.5772,-647.8480478,4.5559,0.366666666667
/home/ccollins/allmols/H/opt/b3lyp/m06hf/84-55-.log,84-55-,---,[],"td M06HF/6-31g(d,p)",-8.15089792097,-0.510757675024,83,1.8899,-1630.7612519,2.1047,0.983333333333
/home/ccollins/allmols/H/opt/b3lyp/m06hf/125-13-.log,125-13-,---,[],"td M06HF/6-31g(d,p)",-7.52503609223,0.738789071758,56,1.4742,-990.6593329,4.0491,0.416666666667
/home/ccollins/allmols/H/opt/b3lyp/m06hf/488.log,488,---,[],"td M06HF/6-31g(d,p)",-10.0483477174,-1.01307982105,61,1.8706,-822.298941,2.0142,0.433333333333
/home/ccollins/allmols/H/opt/b3lyp/m06hf/54-8-.log,54-8-,---,[],"td M06HF/6-31g(d,p)",-8.75526275647,-0.314835711243,62,1.9807,-1079.0064423,2.1067,0.633333333333
/home/ccollins/allmols/H/opt/b3lyp/m06hf/85-13-.log,85-13-,---,[],"td M06HF/6-31g(d,p)",-8.10191743003,-0.316740508113,59,1.8506,-1056.9378979,2.1497,0.333333333333
/home/ccollins/allmols/H/opt/b3lyp/m06hf/55-8-.log,55-8-,---,[],"td M06HF/6-31g(d,p)",-8.55444274359,-0.497151983095,63,2.0291,-1399.7497884,2.1479,0.55
/home/ccollins/allmols/H/opt/b3lyp/m06hf/4554-.log,4554-,---,[],"td M06HF/6-31g(d,p)",-7.70517545337,0.00408170757877,83,1.0396,-1566.7050421,3.7076,0.9
/home/ccollins/allmols/H/opt/b3lyp/m06hf/5135-.log,5135-,---,[],"td M06HF/6-31g(d,p)",-7.4923824316,0.820695337172,60,1.4361,-1313.6314759,4.1266,0.466666666667
/home/ccollins/allmols/H/opt/b3lyp/m06hf/131355-.log,131355-,---,[],"td M06HF/6-31g(d,p)",-7.10053850403,0.337149046007,77,2.4511,-1522.5699479,3.6250,0.716666666667
/home/ccollins/allmols/H/opt/b3lyp/m06hf/4812-.log,4812-,---,[],"td M06HF/6-31g(d,p)",-9.07499651681,-0.260957171203,58,0.8747,-756.0354921,2.0945,0.5
/home/ccollins/allmols/H/opt/b3lyp/m06hf/12135-.log,12135-,---,[],"td M06HF/6-31g(d,p)",-7.44612307904,1.09471397263,56,1.8091,-990.6624457,4.2914,0.333333333333
/home/ccollins/allmols/H/opt/b3lyp/m06hf/48-4.log,48-4,---,[],"td M06HF/6-31g(d,p)",-9.3683352348,-0.269936927876,61,0.0006,-758.2686439,2.0591,0.466666666667
/home/ccollins/allmols/H/opt/b3lyp/m06hf/48-88.log,48-88,---,[],"td M06HF/6-31g(d,p)",-10.1038589405,-1.59458709411,81,2.1013,-1117.3447964,1.9786,1.56666666667
/home/ccollins/allmols/H/opt/b3lyp/m06hf/41213.log,41213,---,[],"td M06HF/6-31g(d,p)",-7.52993414132,1.03702583885,55,1.1455,-669.9194052,4.3589,0.433333333333
/home/ccollins/allmols/H/opt/b3lyp/m06hf/1285.log,1285,---,[],"td M06HF/6-31g(d,p)",-8.90900707527,-0.378238235633,59,1.3227,-1076.7788389,2.1358,0.4
/home/ccollins/allmols/H/opt/b3lyp/m06hf/125128.log,125128,---,[],"td M06HF/6-31g(d,p)",-7.90980505999,-0.334427907621,76,3.3580,-1305.5581708,2.1424,0.85
/home/ccollins/allmols/H/opt/b3lyp/m06hf/13513-.log,13513-,---,[],"td M06HF/6-31g(d,p)",-7.33646120209,0.960017622528,56,1.1466,-970.8178819,4.0658,0.433333333333
/home/ccollins/allmols/H/opt/b3lyp/m06hf/84-5-.log,84-5-,---,[],"td M06HF/6-31g(d,p)",-8.75553487031,-0.314563597404,62,1.9800,-1079.006442,2.1063,0.483333333333
/home/ccollins/allmols/H/opt/b3lyp/m06hf/135-4.log,135-4,---,[],"td M06HF/6-31g(d,p)",-7.64041235979,0.658787603214,59,2.1594,-992.8848175,4.1216,0.466666666667
/home/ccollins/allmols/H/opt/b3lyp/m06hf/58.log,58,---,[],"td M06HF/6-31g(d,p)",-9.60180890831,-0.204357492777,42,1.6876,-847.9951197,2.1449,0.15
/home/ccollins/allmols/H/opt/b3lyp/m06hf/813138.log,813138,---,[],"td M06HF/6-31g(d,p)",-8.09729149477,-0.408987099393,75,0.3517,-1009.1965039,3.7845,0.6
/home/ccollins/allmols/H/opt/b3lyp/m06hf/1312-13-.log,1312-13-,---,[],"td M06HF/6-31g(d,p)",-7.26190201032,1.56928050712,52,1.8007,-647.8504264,4.4288,0.4
/home/ccollins/allmols/H/opt/b3lyp/m06hf/1212-1212-.log,1212-1212-,---,[],"td M06HF/6-31g(d,p)",-7.43959234691,0.733074681148,69,0.0000,-916.3143437,3.9870,0.483333333333
/home/ccollins/allmols/H/opt/b3lyp/m06hf/13413.log,13413,---,[],"td M06HF/6-31g(d,p)",-7.49292665927,1.10587064001,55,3.0119,-650.0726073,4.4483,0.466666666667
/home/ccollins/allmols/H/opt/b3lyp/m06hf/13512-4-.log,13512-4-,---,[],"td M06HF/6-31g(d,p)",-7.37292445646,0.435654255574,76,1.2952,-1221.6729906,3.7705,0.866666666667
/home/ccollins/allmols/H/opt/b3lyp/m06hf/44-12.log,44-12,---,[],"td M06HF/6-31g(d,p)",-8.12586344782,0.642732886738,58,0.6193,-691.9795099,4.6004,0.483333333333
/home/ccollins/allmols/H/opt/b3lyp/m06hf/4513-.log,4513-,---,[],"td M06HF/6-31g(d,p)",-7.64041235979,0.658787603214,59,2.1594,-992.8848177,4.1217,0.45
/home/ccollins/allmols/H/opt/b3lyp/m06hf/813-12.log,813-12,---,[],"td M06HF/6-31g(d,p)",-8.14463930268,-0.137417488485,55,2.5656,-733.9717793,2.1612,0.333333333333
/home/ccollins/allmols/H/opt/b3lyp/m06hf/12138-.log,12138-,---,[],"td M06HF/6-31g(d,p)",-8.12423076479,-0.0838110622842,55,2.6622,-733.9735508,2.1600,0.316666666667
/home/ccollins/allmols/H/opt/b3lyp/m06hf/125-8.log,125-8,---,[],"td M06HF/6-31g(d,p)",-8.46899899828,-0.408442871716,59,2.2158,-1076.7789193,2.1481,0.533333333333
/home/ccollins/allmols/H/opt/b3lyp/m06hf/131312-.log,131312-,---,[],"td M06HF/6-31g(d,p)",-7.19849948593,1.63349937303,52,3.3190,-647.8433342,4.5082,0.333333333333
/home/ccollins/allmols/H/opt/b3lyp/m06hf/54-4.log,54-4,---,[],"td M06HF/6-31g(d,p)",-8.22219174668,0.45198108589,62,0.6735,-1014.9486362,4.4747,0.683333333333
/home/ccollins/allmols/H/opt/b3lyp/m06hf/5513-4-.log,5513-4-,---,[],"td M06HF/6-31g(d,p)",-7.3612235614,0.332795224589,80,2.4292,-1544.6393299,3.7272,0.933333333333
/home/ccollins/allmols/H/opt/b3lyp/m06hf/81312-13-.log,81312-13-,---,[],"td M06HF/6-31g(d,p)",-7.52748511677,-0.158098140218,72,1.2522,-942.9180831,2.1621,0.616666666667
/home/ccollins/allmols/H/opt/b3lyp/m06hf/134-12-.log,134-12-,---,[],"td M06HF/6-31g(d,p)",-7.68286211861,0.91920054674,55,2.0912,-669.9159873,4.4522,0.45
/home/ccollins/allmols/H/opt/b3lyp/m06hf/58-55.log,58-55,---,[],"td M06HF/6-31g(d,p)",-8.31579890715,-0.702870045065,84,1.6581,-1951.5081405,2.1409,0.7
/home/ccollins/allmols/H/opt/b3lyp/m06hf/85-13.log,85-13,---,[],"td M06HF/6-31g(d,p)",-8.12205385408,-0.273746521616,59,3.4444,-1056.9377941,2.1474,0.333333333333
/home/ccollins/allmols/H/opt/b3lyp/m06hf/8454-.log,8454-,---,[],"td M06HF/6-31g(d,p)",-8.26845109924,-0.45579067963,82,2.2928,-1310.0155538,2.1045,1.2
/home/ccollins/allmols/H/opt/b3lyp/m06hf/138-12.log,138-12,---,[],"td M06HF/6-31g(d,p)",-8.50899973255,-0.0816341515755,55,0.9459,-733.9716687,2.1493,0.4
/home/ccollins/allmols/H/opt/b3lyp/m06hf/125-84-.log,125-84-,---,[],"td M06HF/6-31g(d,p)",-8.31389411028,-0.5768813378,79,0.8632,-1307.7957593,2.0999,0.8
/home/ccollins/allmols/H/opt/b3lyp/m06hf/412-12-13.log,412-12-13,---,[],"td M06HF/6-31g(d,p)",-7.27768461295,0.826409727782,72,2.3527,-898.6993466,3.9993,0.7
/home/ccollins/allmols/H/opt/b3lyp/m06hf/58-8-13-.log,58-8-13-,---,[],"td M06HF/6-31g(d,p)",-8.92887138549,-1.03974697723,79,2.1561,-1351.9967179,2.0390,1.0
/home/ccollins/allmols/H/opt/b3lyp/m06hf/1213-4-5.log,1213-4-5,---,[],"td M06HF/6-31g(d,p)",-7.41564632912,0.462865639433,76,2.5103,-1221.6692035,4.0235,0.783333333333
/home/ccollins/allmols/H/opt/b3lyp/m06hf/4124-.log,4124-,---,[],"td M06HF/6-31g(d,p)",-7.93919335455,0.810082897467,58,0.4740,-691.9868596,4.4476,0.483333333333
/home/ccollins/allmols/H/opt/b3lyp/m06hf/84-4-.log,84-4-,---,[],"td M06HF/6-31g(d,p)",-9.01268244777,-0.238643836439,61,1.8156,-758.2576711,2.1063,0.916666666667
/home/ccollins/allmols/H/opt/b3lyp/m06hf/458.log,458,---,[],"td M06HF/6-31g(d,p)",-8.74247340606,-0.40572173333,62,2.2920,-1079.004166,2.1470,0.666666666667
/home/ccollins/allmols/H/opt/b3lyp/m06hf/88-84-.log,88-84-,---,[],"td M06HF/6-31g(d,p)",-10.103042599,-1.59513132178,81,2.1061,-1117.3447768,1.9798,1.0
/home/ccollins/allmols/H/opt/b3lyp/m06hf/51312-.log,51312-,---,[],"td M06HF/6-31g(d,p)",-7.44829998975,1.02559705763,56,1.3760,-990.659746,4.2604,0.45
/home/ccollins/allmols/H/opt/b3lyp/m06hf/41312.log,41312,---,[],"td M06HF/6-31g(d,p)",-7.48911706553,1.21498828928,55,1.1011,-669.9169387,4.4768,0.4
/home/ccollins/allmols/H/opt/b3lyp/m06hf/5125-.log,5125-,---,[],"td M06HF/6-31g(d,p)",-7.7498021229,0.595385078824,60,0.5898,-1333.473953,4.0943,0.433333333333
/home/ccollins/allmols/H/opt/b3lyp/m06hf/812-4-13-.log,812-4-13-,---,[],"td M06HF/6-31g(d,p)",-7.87878408239,-0.222317006124,75,1.5140,-964.9753089,2.1426,0.85
/home/ccollins/allmols/H/opt/b3lyp/m06hf/1212-.log,1212-,---,[],"td M06HF/6-31g(d,p)",-8.17402759725,1.72683441966,35,0.0000,-458.7447963,5.1269,0.166666666667
/home/ccollins/allmols/H/opt/b3lyp/m06hf/5812-5-.log,5812-5-,---,[],"td M06HF/6-31g(d,p)",-8.24260028458,-0.525179708469,80,1.1064,-1628.5351867,2.1363,0.733333333333
/home/ccollins/allmols/H/opt/b3lyp/m06hf/544.log,544,---,[],"td M06HF/6-31g(d,p)",-8.22219174668,0.45198108589,62,0.6733,-1014.948636,4.4748,0.683333333333
/home/ccollins/allmols/H/opt/b3lyp/m06hf/548-12.log,548-12,---,[],"td M06HF/6-31g(d,p)",-8.53702745792,-0.495247186225,79,1.3745,-1307.79022,2.0963,0.833333333333
/home/ccollins/allmols/H/opt/b3lyp/m06hf/412-5-8-.log,412-5-8-,---,[],"td M06HF/6-31g(d,p)",-8.01892270926,-0.485178974197,79,2.7608,-1307.7919928,2.1465,1.18333333333
/home/ccollins/allmols/H/opt/b3lyp/m06hf/5412-12-.log,5412-12-,---,[],"td M06HF/6-31g(d,p)",-7.62680666786,0.364360429865,76,0.9735,-1241.5101006,4.0295,0.733333333333
/home/ccollins/allmols/H/opt/b3lyp/m06hf/1212-13-8.log,1212-13-8,---,[],"td M06HF/6-31g(d,p)",-7.73184260955,-0.122723341202,72,2.3850,-962.7583381,2.1617,0.533333333333
/home/ccollins/allmols/H/opt/b3lyp/m06hf/813-8.log,813-8,---,[],"td M06HF/6-31g(d,p)",-9.18220936921,-0.585316866796,58,0.5676,-800.2520041,2.1598,0.533333333333
/home/ccollins/allmols/H/opt/b3lyp/m06hf/512-12-.log,512-12-,---,[],"td M06HF/6-31g(d,p)",-7.7068081364,0.817702084948,56,0.7896,-1010.4988825,4.2306,0.316666666667
/home/ccollins/allmols/H/opt/b3lyp/m06hf/44-4.log,44-4,---,[],"td M06HF/6-31g(d,p)",-8.38001777306,0.556200686068,61,0.0001,-694.1998723,4.7367,0.65
/home/ccollins/allmols/H/opt/b3lyp/m06hf/88.log,88,---,[],"td M06HF/6-31g(d,p)",-11.3280991003,-0.896887211976,41,0.0002,-591.2809654,2.0437,0.233333333333
/home/ccollins/allmols/H/opt/b3lyp/m06hf/8134-.log,8134-,---,[],"td M06HF/6-31g(d,p)",-8.31906427322,-0.120546430493,58,2.3283,-736.1983701,2.1611,0.433333333333
/home/ccollins/allmols/H/opt/b3lyp/m06hf/512.log,512,---,[],"td M06HF/6-31g(d,p)",-8.23797434932,1.19376340987,39,1.1946,-781.7168307,4.7973,0.133333333333
/home/ccollins/allmols/H/opt/b3lyp/m06hf/55-8-4-.log,55-8-4-,---,[],"td M06HF/6-31g(d,p)",-8.39063021277,-0.637290609966,83,0.6662,-1630.7667662,2.0999,0.816666666667
/home/ccollins/allmols/H/opt/b3lyp/m06hf/138-13.log,138-13,---,[],"td M06HF/6-31g(d,p)",-8.25457329347,0.0405449619492,55,3.1228,-714.140143,2.1585,0.35
/home/ccollins/allmols/H/opt/b3lyp/m06hf/545-8-.log,545-8-,---,[],"td M06HF/6-31g(d,p)",-8.28042410814,-0.57497654093,83,2.2580,-1630.7588801,3.8420,0.733333333333
/home/ccollins/allmols/H/opt/b3lyp/m06hf/485.log,485,---,[],"td M06HF/6-31g(d,p)",-9.13758269968,-0.382319943212,62,0.6323,-1079.0119416,2.0989,0.466666666667
/home/ccollins/allmols/H/opt/b3lyp/m06hf/1313-12-13-.log,1313-12-13-,---,[],"td M06HF/6-31g(d,p)",-6.96665849545,1.28900325338,69,1.6770,-856.7954602,4.0824,0.666666666667
/home/ccollins/allmols/H/opt/b3lyp/m06hf/134-8.log,134-8,---,[],"td M06HF/6-31g(d,p)",-8.23389264174,-0.133335780907,58,2.3267,-736.1947094,2.1057,0.633333333333
/home/ccollins/allmols/H/opt/b3lyp/m06hf/54-5-13.log,54-5-13,---,[],"td M06HF/6-31g(d,p)",-7.53646487345,0.200547899037,80,1.5521,-1544.6396341,3.8405,0.766666666667
/home/ccollins/allmols/H/opt/b3lyp/m06hf/1244-.log,1244-,---,[],"td M06HF/6-31g(d,p)",-8.12586344782,0.642732886738,58,0.6194,-691.9795101,4.6004,0.483333333333
/home/ccollins/allmols/H/opt/b3lyp/m06hf/128-13.log,128-13,---,[],"td M06HF/6-31g(d,p)",-8.50899973255,-0.0813620377369,55,0.9455,-733.9716678,2.1493,0.4
/home/ccollins/allmols/H/opt/b3lyp/m06hf/134-13-.log,134-13-,---,[],"td M06HF/6-31g(d,p)",-7.4888449517,1.10423795698,55,0.0017,-650.0727725,4.4443,0.466666666667
/home/ccollins/allmols/H/opt/b3lyp/m06hf/12128-13-.log,12128-13-,---,[],"td M06HF/6-31g(d,p)",-8.03987547483,-0.207078631163,72,2.4272,-962.7524198,2.1431,0.516666666667
/home/ccollins/allmols/H/opt/b3lyp/m06hf/1212134.log,1212134,---,[],"td M06HF/6-31g(d,p)",-7.24149347242,0.911309245421,72,1.5465,-898.6995368,4.0356,0.7
/home/ccollins/allmols/H/opt/b3lyp/m06hf/135-5-.log,135-5-,---,[],"td M06HF/6-31g(d,p)",-7.56231568811,0.527356619178,60,2.7232,-1313.6287705,3.9432,0.4
/home/ccollins/allmols/H/opt/b3lyp/m06hf/128-5-.log,128-5-,---,[],"td M06HF/6-31g(d,p)",-8.90873496143,-0.378510349472,59,0.2691,-1076.7788547,2.1338,0.416666666667
/home/ccollins/allmols/H/opt/b3lyp/m06hf/45-.log,45-,---,[],"td M06HF/6-31g(d,p)",-8.55226583289,0.972806972941,42,0.6861,-783.9424247,4.9039,0.183333333333
/home/ccollins/allmols/H/opt/b3lyp/m06hf/88-48-.log,88-48-,---,[],"td M06HF/6-31g(d,p)",-10.1158319494,-1.38723634911,81,0.5171,-1117.3607625,2.0165,0.95
/home/ccollins/allmols/H/opt/b3lyp/m06hf/88-8.log,88-8,---,[],"td M06HF/6-31g(d,p)",-11.3566710533,-1.61118603826,61,0.0002,-886.3266463,1.9889,0.333333333333
/home/ccollins/allmols/H/opt/b3lyp/m06hf/1212128-.log,1212128-,---,[],"td M06HF/6-31g(d,p)",-7.84721887711,-0.160819278604,72,3.2797,-982.5805307,2.1400,0.816666666667
/home/ccollins/allmols/H/opt/b3lyp/m06hf/558-4-.log,558-4-,---,[],"td M06HF/6-31g(d,p)",-8.36641208113,-0.630215650163,83,1.4441,-1630.7649049,2.0991,0.833333333333
/home/ccollins/allmols/H/opt/b3lyp/m06hf/512-124-.log,512-124-,---,[],"td M06HF/6-31g(d,p)",-7.52530820607,0.512390358055,76,0.6741,-1241.515618,3.9230,0.816666666667
/home/ccollins/allmols/H/opt/b3lyp/m06hf/1213-4.log,1213-4,---,[],"td M06HF/6-31g(d,p)",-7.51741690475,1.17362698582,55,1.9009,-669.9144023,4.4613,0.416666666667
/home/ccollins/allmols/H/opt/b3lyp/m06hf/135-58.log,135-58,---,[],"td M06HF/6-31g(d,p)",-7.76803375008,-0.562731418194,80,3.1680,-1608.6922121,3.4808,0.633333333333
/home/ccollins/allmols/H/opt/b3lyp/m06hf/124-8-.log,124-8-,---,[],"td M06HF/6-31g(d,p)",-8.6341720983,-0.215242046321,58,2.2287,-756.0374953,2.1057,0.566666666667
/home/ccollins/allmols/H/opt/b3lyp/m06hf/1354.log,1354,---,[],"td M06HF/6-31g(d,p)",-7.61782691118,0.617154185911,59,0.9337,-992.8846692,4.0886,0.566666666667
/home/ccollins/allmols/H/opt/b3lyp/m06hf/121312-.log,121312-,---,[],"td M06HF/6-31g(d,p)",-7.3993194988,1.45009464582,52,1.7303,-667.6906347,4.4983,0.35
/home/ccollins/allmols/H/opt/b3lyp/m06hf/4445-.log,4445-,---,[],"td M06HF/6-31g(d,p)",-8.06137246808,0.18068358882,82,0.6716,-1245.9549679,4.2553,1.11666666667
/home/ccollins/allmols/H/opt/b3lyp/m06hf/135-5-13.log,135-5-13,---,[],"td M06HF/6-31g(d,p)",-7.22244550372,0.321910671046,77,3.9207,-1522.5713324,3.5945,0.683333333333
/home/ccollins/allmols/H/opt/b3lyp/m06hf/84-12-.log,84-12-,---,[],"td M06HF/6-31g(d,p)",-8.63471632598,-0.214697818643,58,2.2268,-756.0375029,2.1053,0.633333333333
/home/ccollins/allmols/H/opt/b3lyp/m06hf/5412-12.log,5412-12,---,[],"td M06HF/6-31g(d,p)",-7.65156902717,0.327625061656,76,0.8618,-1241.5131106,4.0158,0.733333333333
/home/ccollins/allmols/H/opt/b3lyp/m06hf/558-5-.log,558-5-,---,[],"td M06HF/6-31g(d,p)",-8.31715947635,-0.703414272742,84,0.9883,-1951.50814,2.1420,0.766666666667
/home/ccollins/allmols/H/opt/b3lyp/m06hf/8135-4.log,8135-4,---,[],"td M06HF/6-31g(d,p)",-7.92585977646,-0.222589119962,79,2.6502,-1287.9526524,3.7811,0.75
/home/ccollins/allmols/H/opt/b3lyp/m06hf/131312-5.log,131312-5,---,[],"td M06HF/6-31g(d,p)",-7.0798578523,0.831852004554,73,2.4803,-1199.600737,3.9391,0.883333333333
/home/ccollins/allmols/H/opt/b3lyp/m06hf/124-13-.log,124-13-,---,[],"td M06HF/6-31g(d,p)",-7.68286211861,0.91920054674,55,2.0913,-669.9159877,4.4522,0.45
/home/ccollins/allmols/H/opt/b3lyp/m06hf/12413.log,12413,---,[],"td M06HF/6-31g(d,p)",-7.68367846012,0.918384205224,55,1.1031,-669.9162151,4.4532,0.45
/home/ccollins/allmols/H/opt/b3lyp/m06hf/45-12.log,45-12,---,[],"td M06HF/6-31g(d,p)",-7.90572335241,0.483274177327,59,0.0313,-1012.726393,4.1615,0.433333333333
/home/ccollins/allmols/H/opt/b3lyp/m06hf/55-.log,55-,---,[],"td M06HF/6-31g(d,p)",-8.36069769052,0.814980946562,43,0.0003,-1104.6881178,4.5521,0.183333333333
/home/ccollins/allmols/H/opt/b3lyp/m06hf/81313-.log,81313-,---,[],"td M06HF/6-31g(d,p)",-7.85402172308,-0.0476199217524,55,2.6759,-714.1318369,2.1606,0.35
/home/ccollins/allmols/H/opt/b3lyp/m06hf/131313-.log,131313-,---,[],"td M06HF/6-31g(d,p)",-7.02679565378,1.9619407762,52,1.5654,-628.0032739,4.6203,0.366666666667
/home/ccollins/allmols/H/opt/b3lyp/m06hf/44-4-12-.log,44-4-12-,---,[],"td M06HF/6-31g(d,p)",-7.98953441469,0.296331970219,78,0.6215,-922.9858907,4.3255,1.23333333333
/home/ccollins/allmols/H/opt/b3lyp/m06hf/1212-55-.log,1212-55-,---,[],"td M06HF/6-31g(d,p)",-7.52857357213,0.175785539726,77,0.1595,-1562.2570097,3.7041,0.65
/home/ccollins/allmols/H/opt/b3lyp/m06hf/88-4-8.log,88-4-8,---,[],"td M06HF/6-31g(d,p)",-10.1158319494,-1.38723634911,81,0.5171,-1117.3607625,2.0165,0.95
/home/ccollins/allmols/H/opt/b3lyp/m06hf/813-5-.log,813-5-,---,[],"td M06HF/6-31g(d,p)",-8.18083044322,-0.131975211714,59,2.4523,-1056.943028,2.1615,0.35
/home/ccollins/allmols/H/opt/b3lyp/m06hf/85-138.log,85-138,---,[],"td M06HF/6-31g(d,p)",-8.39906574176,-0.7306256566,79,1.4796,-1352.0048279,3.7144,0.733333333333
/home/ccollins/allmols/H/opt/b3lyp/m06hf/88-.log,88-,---,[],"td M06HF/6-31g(d,p)",-11.3280991003,-0.896887211976,41,0.0002,-591.2809654,2.0436,0.233333333333
/home/ccollins/allmols/H/opt/b3lyp/m06hf/812-.log,812-,---,[],"td M06HF/6-31g(d,p)",-9.51527670764,-0.155104887993,38,1.9434,-525.0185973,2.1414,0.2
/home/ccollins/allmols/H/opt/b3lyp/m06hf/1213135.log,1213135,---,[],"td M06HF/6-31g(d,p)",-6.99822370073,0.965187785461,73,1.8447,-1199.6024479,3.9814,0.75
/home/ccollins/allmols/H/opt/b3lyp/m06hf/1313-12.log,1313-12,---,[],"td M06HF/6-31g(d,p)",-7.23115314656,1.69418075903,52,0.5772,-647.8480482,4.5559,0.366666666667
/home/ccollins/allmols/H/opt/b3lyp/m06hf/44-.log,44-,---,[],"td M06HF/6-31g(d,p)",-8.8140393456,1.12138112881,41,0.0003,-463.1934769,5.3780,0.216666666667
/home/ccollins/allmols/H/opt/b3lyp/m06hf/551212-.log,551212-,---,[],"td M06HF/6-31g(d,p)",-7.47251812138,0.188030662462,77,0.9202,-1562.2546574,3.6874,0.733333333333
/home/ccollins/allmols/H/opt/b3lyp/m06hf/54-8-4-.log,54-8-4-,---,[],"td M06HF/6-31g(d,p)",-8.60859339747,-0.49606352774,82,0.8088,-1310.0233411,2.0611,1.13333333333
/home/ccollins/allmols/H/opt/b3lyp/m06hf/1312.log,1312,---,[],"td M06HF/6-31g(d,p)",-7.79742204465,2.11160338742,35,1.2580,-438.9064485,5.1623,0.15
/home/ccollins/allmols/H/opt/b3lyp/m06hf/58-13-8.log,58-13-8,---,[],"td M06HF/6-31g(d,p)",-8.77022901759,-0.775252326128,79,2.2684,-1352.0121278,3.9228,0.65
/home/ccollins/allmols/H/opt/b3lyp/m06hf/4413-13.log,4413-13,---,[],"td M06HF/6-31g(d,p)",-7.24421461081,0.674842319691,75,0.6553,-881.0804742,4.1385,1.0
/home/ccollins/allmols/H/opt/b3lyp/m06hf/512138.log,512138,---,[],"td M06HF/6-31g(d,p)",-7.73456374794,-0.102314803308,76,3.1823,-1285.7302864,2.1609,0.883333333333
/home/ccollins/allmols/H/opt/b3lyp/m06hf/131244-.log,131244-,---,[],"td M06HF/6-31g(d,p)",-7.46217779551,0.474022306815,75,1.1056,-900.9255963,4.0661,0.916666666667
/home/ccollins/allmols/H/opt/b3lyp/m06hf/13513-13.log,13513-13,---,[],"td M06HF/6-31g(d,p)",-7.02162549085,0.812804035853,73,1.5581,-1179.7620855,3.8161,0.75
/home/ccollins/allmols/H/opt/b3lyp/m06hf/12813.log,12813,---,[],"td M06HF/6-31g(d,p)",-8.50899973255,-0.0813620377369,55,0.9455,-733.9716678,2.1493,0.4
/home/ccollins/allmols/H/opt/b3lyp/m06hf/812.log,812,---,[],"td M06HF/6-31g(d,p)",-9.51527670764,-0.155104887993,38,1.9434,-525.0185972,2.1414,0.2
/home/ccollins/allmols/H/opt/b3lyp/m06hf/512-12-4-.log,512-12-4-,---,[],"td M06HF/6-31g(d,p)",-7.49918527756,0.533615237465,76,0.5578,-1241.5126782,3.9127,0.833333333333
/home/ccollins/allmols/H/opt/b3lyp/m06hf/412-5.log,412-5,---,[],"td M06HF/6-31g(d,p)",-7.85048424317,0.699332565163,59,0.2641,-1012.7306505,4.2536,0.5
/home/ccollins/allmols/H/opt/b3lyp/m06hf/58-134-.log,58-134-,---,[],"td M06HF/6-31g(d,p)",-8.08776751042,-0.358646039255,79,1.0433,-1287.958393,2.1543,1.0
/home/ccollins/allmols/H/opt/b3lyp/m06hf/41312-5-.log,41312-5-,---,[],"td M06HF/6-31g(d,p)",-7.28584802811,0.717564192348,76,2.2053,-1221.6712663,3.9491,0.766666666667
/home/ccollins/allmols/H/opt/b3lyp/m06hf/513-.log,513-,---,[],"td M06HF/6-31g(d,p)",-7.89701570957,1.46560513462,39,2.2180,-761.8756635,4.7541,0.216666666667
/home/ccollins/allmols/H/opt/b3lyp/m06hf/84-4-8.log,84-4-8,---,[],"td M06HF/6-31g(d,p)",-9.18465839376,-0.741782323982,81,0.0003,-1053.3212013,2.1078,1.61666666667
/home/ccollins/allmols/H/opt/b3lyp/m06hf/58-58-.log,58-58-,---,[],"td M06HF/6-31g(d,p)",-9.09322814399,-1.10532641233,83,2.3158,-1694.8151289,2.1403,1.08333333333
/home/ccollins/allmols/H/opt/b3lyp/m06hf/48-12-.log,48-12-,---,[],"td M06HF/6-31g(d,p)",-9.07499651681,-0.260957171203,58,0.8747,-756.0354921,2.0945,0.5
/home/ccollins/allmols/H/opt/b3lyp/m06hf/84-5.log,84-5,---,[],"td M06HF/6-31g(d,p)",-8.75553487031,-0.314835711243,62,1.9802,-1079.0064438,2.1063,0.7
/home/ccollins/allmols/H/opt/b3lyp/m06hf/88-1312-.log,88-1312-,---,[],"td M06HF/6-31g(d,p)",-8.27552605904,-0.987773234063,75,3.4169,-1029.0195958,2.0431,0.916666666667
/home/ccollins/allmols/H/opt/b3lyp/m06hf/41313-.log,41313-,---,[],"td M06HF/6-31g(d,p)",-7.2956441263,1.36274610363,55,0.4828,-650.0742015,4.4970,0.466666666667
/home/ccollins/allmols/H/opt/b3lyp/m06hf/85125.log,85125,---,[],"td M06HF/6-31g(d,p)",-7.90898871847,-0.503410601382,80,3.3081,-1628.534705,3.5928,0.633333333333
/home/ccollins/allmols/H/opt/b3lyp/m06hf/5134.log,5134,---,[],"td M06HF/6-31g(d,p)",-7.53945812567,0.917023636031,59,0.7290,-992.8858917,4.2601,0.65
/home/ccollins/allmols/H/opt/b3lyp/m06hf/84-13.log,84-13,---,[],"td M06HF/6-31g(d,p)",-8.23443686942,-0.134152122422,58,2.3244,-736.1947165,2.1052,0.483333333333
/home/ccollins/allmols/H/opt/b3lyp/m06hf/125-.log,125-,---,[],"td M06HF/6-31g(d,p)",-8.25675020418,1.18804901926,39,0.2024,-781.7171892,4.7936,0.183333333333
/home/ccollins/allmols/H/opt/b3lyp/m06hf/4513-13.log,4513-13,---,[],"td M06HF/6-31g(d,p)",-7.17156021591,0.555112230713,76,0.8092,-1201.8289604,3.8368,0.916666666667
/home/ccollins/allmols/H/opt/b3lyp/m06hf/1388.log,1388,---,[],"td M06HF/6-31g(d,p)",-9.10628960824,-0.89035647985,58,2.6799,-800.2357132,2.0428,0.433333333333
/home/ccollins/allmols/H/opt/b3lyp/m06hf/13125-.log,13125-,---,[],"td M06HF/6-31g(d,p)",-7.4888449517,0.893621845913,56,1.4934,-990.6633608,4.1713,0.366666666667
/home/ccollins/allmols/H/opt/b3lyp/m06hf/54-4-5-.log,54-4-5-,---,[],"td M06HF/6-31g(d,p)",-7.98735750398,0.113199356851,83,0.0006,-1566.7037402,4.1482,0.933333333333
/home/ccollins/allmols/H/opt/b3lyp/m06hf/58-12.log,58-12,---,[],"td M06HF/6-31g(d,p)",-8.90873496143,-0.378238235633,59,1.3225,-1076.7788402,2.1358,0.4
/home/ccollins/allmols/H/opt/b3lyp/m06hf/124-128-.log,124-128-,---,[],"td M06HF/6-31g(d,p)",-8.14491141652,-0.262045626557,75,2.9458,-984.818303,2.1432,1.0
/home/ccollins/allmols/H/opt/b3lyp/m06hf/84-513-.log,84-513-,---,[],"td M06HF/6-31g(d,p)",-7.80939505355,-0.382319943212,79,3.5076,-1287.9487376,2.1030,0.983333333333
/home/ccollins/allmols/H/opt/b3lyp/m06hf/88-8-.log,88-8-,---,[],"td M06HF/6-31g(d,p)",-11.3566710533,-1.61118603826,61,0.0002,-886.3266463,1.9889,0.333333333333
/home/ccollins/allmols/H/opt/b3lyp/m06hf/81312-.log,81312-,---,[],"td M06HF/6-31g(d,p)",-8.14463930268,-0.137417488485,55,2.5655,-733.9717793,2.1612,0.333333333333
/home/ccollins/allmols/H/opt/b3lyp/m06hf/1344.log,1344,---,[],"td M06HF/6-31g(d,p)",-7.81728635487,0.781510944416,58,1.5133,-672.13636,4.5294,0.516666666667
/home/ccollins/allmols/H/opt/b3lyp/m06hf/125-5.log,125-5,---,[],"td M06HF/6-31g(d,p)",-7.82789879457,0.357557583901,60,0.6904,-1333.4720336,3.9748,0.533333333333
/home/ccollins/allmols/H/opt/b3lyp/m06hf/1313-124.log,1313-124,---,[],"td M06HF/6-31g(d,p)",-7.11849801738,0.993215510835,72,0.7224,-878.8617074,4.0952,0.716666666667
/home/ccollins/allmols/H/opt/b3lyp/m06hf/13454-.log,13454-,---,[],"td M06HF/6-31g(d,p)",-7.60721447148,0.248167820789,79,0.9313,-1223.8942817,3.9393,0.933333333333
/home/ccollins/allmols/H/opt/b3lyp/m06hf/8138-5.log,8138-5,---,[],"td M06HF/6-31g(d,p)",-8.77131747295,-0.77307541542,79,2.0428,-1352.0122037,3.9221,0.65
/home/ccollins/allmols/H/opt/b3lyp/m06hf/513-1312.log,513-1312,---,[],"td M06HF/6-31g(d,p)",-7.06489159118,1.05634592139,73,1.2294,-1199.6062121,4.0701,0.8
/home/ccollins/allmols/H/opt/b3lyp/m06hf/513-12-.log,513-12-,---,[],"td M06HF/6-31g(d,p)",-7.44612307904,1.09471397263,56,1.8091,-990.6624457,4.2914,0.333333333333
/home/ccollins/allmols/H/opt/b3lyp/m06hf/125-4-.log,125-4-,---,[],"td M06HF/6-31g(d,p)",-7.90572335241,0.483274177327,59,0.0314,-1012.7263917,4.1615,0.433333333333
/home/ccollins/allmols/H/opt/b3lyp/m06hf/1213-12.log,1213-12,---,[],"td M06HF/6-31g(d,p)",-7.43360584246,1.42097846509,52,2.5696,-667.6881579,4.4889,0.516666666667
/home/ccollins/allmols/H/opt/b3lyp/m06hf/413-.log,413-,---,[],"td M06HF/6-31g(d,p)",-8.00286799278,1.61880522574,38,1.5504,-441.1301102,5.1073,0.233333333333
/home/ccollins/allmols/H/opt/b3lyp/m06hf/8131313-.log,8131313-,---,[],"td M06HF/6-31g(d,p)",-7.3027190861,-0.0775524439967,72,3.2007,-923.0727726,3.7584,0.65
/home/ccollins/allmols/H/opt/b3lyp/m06hf/121313-8.log,121313-8,---,[],"td M06HF/6-31g(d,p)",-7.48911706553,-0.0715659395478,72,2.9652,-942.9184329,2.1627,0.583333333333
/home/ccollins/allmols/H/opt/b3lyp/m06hf/4121312.log,4121312,---,[],"td M06HF/6-31g(d,p)",-7.22571086978,0.86913160044,72,0.7073,-898.7059723,4.0490,0.7
/home/ccollins/allmols/H/opt/b3lyp/m06hf/125-4.log,125-4,---,[],"td M06HF/6-31g(d,p)",-7.90572335241,0.483002063488,59,0.0314,-1012.7263886,4.1612,0.433333333333
/home/ccollins/allmols/H/opt/b3lyp/m06hf/128-124.log,128-124,---,[],"td M06HF/6-31g(d,p)",-8.3612419182,-0.388850675338,75,0.9437,-984.8164602,2.1337,0.6
/home/ccollins/allmols/H/opt/b3lyp/m06hf/1213-134-.log,1213-134-,---,[],"td M06HF/6-31g(d,p)",-7.10516443929,1.13172145467,72,0.6597,-878.8586192,4.1815,0.733333333333
/home/ccollins/allmols/H/opt/b3lyp/m06hf/413-13.log,413-13,---,[],"td M06HF/6-31g(d,p)",-7.2956441263,1.36220187596,55,0.4829,-650.0741909,4.4965,0.466666666667
/home/ccollins/allmols/H/opt/b3lyp/m06hf/12413-5.log,12413-5,---,[],"td M06HF/6-31g(d,p)",-7.41346941841,0.560826621324,76,2.4734,-1221.6719005,4.0002,0.8
/home/ccollins/allmols/H/opt/b3lyp/m06hf/513.log,513,---,[],"td M06HF/6-31g(d,p)",-7.87633505784,1.43921009228,39,0.9230,-761.8756808,4.7507,0.15
/home/ccollins/allmols/H/opt/b3lyp/m06hf/51213-12.log,51213-12,---,[],"td M06HF/6-31g(d,p)",-7.23904444787,0.763007203392,73,2.8636,-1219.4449341,3.9527,0.733333333333
/home/ccollins/allmols/H/opt/b3lyp/m06hf/138-5-5-.log,138-5-5-,---,[],"td M06HF/6-31g(d,p)",-8.14436718885,-0.509124991992,80,2.5739,-1608.700831,3.6776,0.65
/home/ccollins/allmols/H/opt/b3lyp/m06hf/513-4-.log,513-4-,---,[],"td M06HF/6-31g(d,p)",-7.56721373721,0.933078352508,59,1.9025,-992.8861721,4.2718,0.5
/home/ccollins/allmols/H/opt/b3lyp/m06hf/5134-.log,5134-,---,[],"td M06HF/6-31g(d,p)",-7.53945812567,0.917023636031,59,0.7290,-992.8858916,4.2601,0.65
/home/ccollins/allmols/H/opt/b3lyp/m06hf/88-13-.log,88-13-,---,[],"td M06HF/6-31g(d,p)",-9.10601749441,-0.889812252173,58,2.6778,-800.2357154,2.0432,0.433333333333
/home/ccollins/allmols/H/opt/b3lyp/m06hf/812-5-8-.log,812-5-8-,---,[],"td M06HF/6-31g(d,p)",-8.64233551346,-0.843825013452,79,2.6905,-1371.8358245,2.1475,0.966666666667
/home/ccollins/allmols/H/opt/b3lyp/m06hf/85-5.log,85-5,---,[],"td M06HF/6-31g(d,p)",-8.55498697127,-0.496879869256,63,2.0279,-1399.7497893,2.1477,0.333333333333
/home/ccollins/allmols/H/opt/b3lyp/m06hf/1313128-.log,1313128-,---,[],"td M06HF/6-31g(d,p)",-7.37700616404,-0.174424970533,72,0.3454,-942.9070734,3.6219,0.6
/home/ccollins/allmols/H/opt/b3lyp/m06hf/58-.log,58-,---,[],"td M06HF/6-31g(d,p)",-9.60180890831,-0.204357492777,42,1.6876,-847.9951197,2.1449,0.15
/home/ccollins/allmols/H/opt/b3lyp/m06hf/128-54-.log,128-54-,---,[],"td M06HF/6-31g(d,p)",-8.45212794029,-0.570078491835,79,1.0784,-1307.7880264,2.1359,0.833333333333
/home/ccollins/allmols/H/opt/b3lyp/m06hf/541313-.log,541313-,---,[],"td M06HF/6-31g(d,p)",-7.22679932514,0.559466052131,76,1.0310,-1201.8291571,4.0186,0.816666666667
/home/ccollins/allmols/H/opt/b3lyp/m06hf/138-1312.log,138-1312,---,[],"td M06HF/6-31g(d,p)",-7.80068741071,-0.0408170757877,72,3.1124,-942.9257975,2.1617,0.616666666667
/home/ccollins/allmols/H/opt/b3lyp/m06hf/12813-.log,12813-,---,[],"td M06HF/6-31g(d,p)",-8.50899973255,-0.0764639886424,55,2.3273,-733.9713744,2.1443,0.433333333333
/home/ccollins/allmols/H/opt/b3lyp/m06hf/45-5-.log,45-5-,---,[],"td M06HF/6-31g(d,p)",-7.94817311123,0.305039613054,63,1.1841,-1335.695641,4.0425,0.616666666667
/home/ccollins/allmols/H/opt/b3lyp/m06hf/1388-12-.log,1388-12-,---,[],"td M06HF/6-31g(d,p)",-8.91281666901,-0.982330957292,75,2.3553,-1029.0201367,2.0364,0.833333333333
/home/ccollins/allmols/H/opt/b3lyp/m06hf/125.log,125,---,[],"td M06HF/6-31g(d,p)",-8.23797434932,1.19376340987,39,1.1946,-781.7168307,4.7973,0.133333333333
/home/ccollins/allmols/H/opt/b3lyp/m06hf/513-8.log,513-8,---,[],"td M06HF/6-31g(d,p)",-8.20722548556,-0.161091392442,59,2.4019,-1056.9435387,2.1608,0.383333333333
/home/ccollins/allmols/H/opt/b3lyp/m06hf/134-8-.log,134-8-,---,[],"td M06HF/6-31g(d,p)",-8.23389264174,-0.133335780907,58,2.3267,-736.1947094,2.1057,0.633333333333
/home/ccollins/allmols/H/opt/b3lyp/m06hf/134-13-13-.log,134-13-13-,---,[],"td M06HF/6-31g(d,p)",-7.30734502136,1.00899811347,72,1.4706,-859.0195258,4.2998,0.766666666667
/home/ccollins/allmols/H/opt/b3lyp/m06hf/513-48.log,513-48,---,[],"td M06HF/6-31g(d,p)",-7.7653126117,-0.280277253742,79,2.1922,-1287.9503449,3.8678,0.8
/home/ccollins/allmols/H/opt/b3lyp/m06hf/13138-5-.log,13138-5-,---,[],"td M06HF/6-31g(d,p)",-7.66653528829,-0.320277988014,76,3.2069,-1265.888257,3.6660,0.65
/home/ccollins/allmols/H/opt/b3lyp/m06hf/5513-.log,5513-,---,[],"td M06HF/6-31g(d,p)",-7.56231568811,0.527356619178,60,2.7232,-1313.6287703,3.9432,0.4
/home/ccollins/allmols/H/opt/b3lyp/m06hf/858-.log,858-,---,[],"td M06HF/6-31g(d,p)",-9.67800078311,-1.00301160902,62,0.9978,-1143.054897,2.1472,0.65
/home/ccollins/allmols/H/opt/b3lyp/m06hf/12413-4-.log,12413-4-,---,[],"td M06HF/6-31g(d,p)",-7.44721153439,0.629127194808,75,1.8084,-900.9265358,4.0976,0.933333333333
/home/ccollins/allmols/H/opt/b3lyp/m06hf/135-13-12-.log,135-13-12-,---,[],"td M06HF/6-31g(d,p)",-7.1002663902,0.732258339632,73,1.0700,-1199.6043495,3.8079,0.716666666667
/home/ccollins/allmols/H/opt/b3lyp/m06hf/125-13-8.log,125-13-8,---,[],"td M06HF/6-31g(d,p)",-7.7914355402,-0.222861233801,76,2.5530,-1285.7267875,3.6980,0.633333333333
/home/ccollins/allmols/H/opt/b3lyp/m06hf/54-13.log,54-13,---,[],"td M06HF/6-31g(d,p)",-7.74844155371,0.656338578667,59,0.8345,-992.8852277,4.3269,0.516666666667
/home/ccollins/allmols/H/opt/b3lyp/m06hf/812-12-12-.log,812-12-12-,---,[],"td M06HF/6-31g(d,p)",-7.84749099095,-0.161091392442,72,3.2802,-982.5805213,2.1394,0.5
/home/ccollins/allmols/H/opt/b3lyp/m06hf/12138-13-.log,12138-13-,---,[],"td M06HF/6-31g(d,p)",-7.79252399556,-0.0541506538784,72,0.8092,-942.9260533,2.1699,0.583333333333
/home/ccollins/allmols/H/opt/b3lyp/m06hf/48-.log,48-,---,[],"td M06HF/6-31g(d,p)",-9.95664535382,-0.191568142364,41,1.3106,-527.2517777,2.1048,0.183333333333
/home/ccollins/allmols/H/opt/b3lyp/m06hf/128-.log,128-,---,[],"td M06HF/6-31g(d,p)",-9.5150045938,-0.154832774155,38,1.9446,-525.0185801,2.1413,0.2
/home/ccollins/allmols/H/opt/b3lyp/m06hf/131212-.log,131212-,---,[],"td M06HF/6-31g(d,p)",-7.45809608794,1.26968317084,52,1.6136,-667.6910325,4.3659,0.35
/home/ccollins/allmols/H/opt/b3lyp/m06hf/545-5-.log,545-5-,---,[],"td M06HF/6-31g(d,p)",-7.76640106705,-0.0122451227363,84,0.5749,-1887.4503779,3.8015,0.9
/home/ccollins/allmols/H/opt/b3lyp/m06hf/544-13.log,544-13,---,[],"td M06HF/6-31g(d,p)",-7.70952927479,0.293610831833,79,0.8326,-1223.8915137,4.1538,0.933333333333
/home/ccollins/allmols/H/opt/b3lyp/m06hf/812-1212-.log,812-1212-,---,[],"td M06HF/6-31g(d,p)",-7.91660790595,-0.237283267246,72,2.6043,-982.5881161,2.1436,0.5
/home/ccollins/allmols/H/opt/b3lyp/m06hf/513-4-5.log,513-4-5,---,[],"td M06HF/6-31g(d,p)",-7.45455860803,0.388306447661,80,2.4671,-1544.6407657,3.9471,0.8
/home/ccollins/allmols/H/opt/b3lyp/m06hf/13812.log,13812,---,[],"td M06HF/6-31g(d,p)",-8.50899973255,-0.0816341515755,55,0.9459,-733.9716687,2.1493,0.4
/home/ccollins/allmols/H/opt/b3lyp/m06hf/81388.log,81388,---,[],"td M06HF/6-31g(d,p)",-9.29132701848,-1.28791479802,78,0.8313,-1095.2990902,2.0455,1.06666666667
/home/ccollins/allmols/H/opt/b3lyp/m06hf/13135-.log,13135-,---,[],"td M06HF/6-31g(d,p)",-7.23469062646,1.17308275814,56,3.2394,-970.8151231,4.2425,0.55
/home/ccollins/allmols/H/opt/b3lyp/m06hf/135-13-.log,135-13-,---,[],"td M06HF/6-31g(d,p)",-7.33646120209,0.960017622528,56,1.1466,-970.8178819,4.0658,0.433333333333
/home/ccollins/allmols/H/opt/b3lyp/m06hf/12812-12-.log,12812-12-,---,[],"td M06HF/6-31g(d,p)",-8.18300735393,-0.361911405318,72,1.1328,-982.5835691,2.1289,0.533333333333
/home/ccollins/allmols/H/opt/b3lyp/m06hf/13512-.log,13512-,---,[],"td M06HF/6-31g(d,p)",-7.52503609223,0.738789071758,56,1.4742,-990.6593329,4.0491,0.416666666667
/home/ccollins/allmols/H/opt/b3lyp/m06hf/445.log,445,---,[],"td M06HF/6-31g(d,p)",-8.22219174668,0.45198108589,62,0.6733,-1014.9486355,4.4748,0.683333333333
/home/ccollins/allmols/H/opt/b3lyp/m06hf/138-13-.log,138-13-,---,[],"td M06HF/6-31g(d,p)",-8.25076369973,0.0220412209254,55,0.0066,-714.1404219,2.1677,0.333333333333
/home/ccollins/allmols/H/opt/b3lyp/m06hf/5124-.log,5124-,---,[],"td M06HF/6-31g(d,p)",-7.82544977002,0.700965248195,59,0.9925,-1012.730372,4.2466,0.533333333333
/home/ccollins/allmols/H/opt/b3lyp/m06hf/5512.log,5512,---,[],"td M06HF/6-31g(d,p)",-7.77265968534,0.382047829373,60,1.5967,-1333.4698912,3.9791,0.466666666667
/home/ccollins/allmols/H/opt/b3lyp/m06hf/44-124.log,44-124,---,[],"td M06HF/6-31g(d,p)",-7.79769415849,0.40000734272,78,0.4582,-922.9929072,4.1604,1.15
/home/ccollins/allmols/H/opt/b3lyp/m06hf/134-412-.log,134-412-,---,[],"td M06HF/6-31g(d,p)",-7.66762374365,0.438103280122,75,2.0728,-900.9223744,4.2131,0.866666666667
/home/ccollins/allmols/H/opt/b3lyp/m06hf/5135.log,5135,---,[],"td M06HF/6-31g(d,p)",-7.461361454,0.810355011306,60,0.1366,-1313.6309184,4.1154,0.433333333333
/home/ccollins/allmols/H/opt/b3lyp/m06hf/84-8-.log,84-8-,---,[],"td M06HF/6-31g(d,p)",-10.0393679608,-0.792123384121,61,0.0009,-822.3140269,2.1081,0.4
/home/ccollins/allmols/H/opt/b3lyp/m06hf/558-.log,558-,---,[],"td M06HF/6-31g(d,p)",-8.53267363651,-0.491709706323,63,2.7252,-1399.7480693,2.1486,0.566666666667
/home/ccollins/allmols/H/opt/b3lyp/m06hf/8135.log,8135,---,[],"td M06HF/6-31g(d,p)",-8.18083044322,-0.131975211714,59,2.4523,-1056.943028,2.1615,0.35
/home/ccollins/allmols/H/opt/b3lyp/m06hf/12138.log,12138,---,[],"td M06HF/6-31g(d,p)",-8.12423076479,-0.0838110622842,55,2.6622,-733.9735508,2.1600,0.316666666667
/home/ccollins/allmols/H/opt/b3lyp/m06hf/8412-.log,8412-,---,[],"td M06HF/6-31g(d,p)",-8.63471632598,-0.214697818643,58,2.2265,-756.0375041,2.1053,0.633333333333
/home/ccollins/allmols/H/opt/b3lyp/m06hf/138-8-.log,138-8-,---,[],"td M06HF/6-31g(d,p)",-9.10628960824,-0.89035647985,58,2.6799,-800.2357132,2.0428,0.433333333333
/home/ccollins/allmols/H/opt/b3lyp/m06hf/5124.log,5124,---,[],"td M06HF/6-31g(d,p)",-7.82544977002,0.700965248195,59,0.9923,-1012.7303721,4.2465,0.533333333333
/home/ccollins/allmols/H/opt/b3lyp/m06hf/1341312-.log,1341312-,---,[],"td M06HF/6-31g(d,p)",-7.27060965315,0.817429971109,72,3.2749,-878.8569117,4.1011,0.666666666667
/home/ccollins/allmols/H/opt/b3lyp/m06hf/8513.log,8513,---,[],"td M06HF/6-31g(d,p)",-8.10191743003,-0.316740508113,59,1.8506,-1056.9378979,2.1497,0.333333333333
/home/ccollins/allmols/H/opt/b3lyp/m06hf/412-4.log,412-4,---,[],"td M06HF/6-31g(d,p)",-7.93919335455,0.810082897467,58,0.4739,-691.9868604,4.4477,0.483333333333
/home/ccollins/allmols/H/opt/b3lyp/m06hf/854.log,854,---,[],"td M06HF/6-31g(d,p)",-8.74274551989,-0.405449619492,62,2.2915,-1079.0041721,2.1468,0.4
/home/ccollins/allmols/H/opt/b3lyp/m06hf/84-8.log,84-8,---,[],"td M06HF/6-31g(d,p)",-10.0393679608,-0.792123384121,61,0.0009,-822.3140269,2.1081,0.4
/home/ccollins/allmols/H/opt/b3lyp/m06hf/135-.log,135-,---,[],"td M06HF/6-31g(d,p)",-7.89701570957,1.46560513462,39,2.2180,-761.8756635,4.7541,0.2
/home/ccollins/allmols/H/opt/b3lyp/m06hf/1213-125-.log,1213-125-,---,[],"td M06HF/6-31g(d,p)",-7.26435103486,0.763279317231,73,1.8363,-1219.445586,3.9635,0.75
/home/ccollins/allmols/H/opt/b3lyp/m06hf/813-513.log,813-513,---,[],"td M06HF/6-31g(d,p)",-7.59279243803,-0.180955702659,76,1.9094,-1265.8856843,3.6733,0.683333333333
/home/ccollins/allmols/H/opt/b3lyp/m06hf/513-13-.log,513-13-,---,[],"td M06HF/6-31g(d,p)",-7.23469062646,1.17308275814,56,3.2394,-970.8151231,4.2425,0.55
/home/ccollins/allmols/H/opt/b3lyp/m06hf/124-812.log,124-812,---,[],"td M06HF/6-31g(d,p)",-8.43988281755,-0.427762954255,75,1.2803,-984.8212584,2.0953,0.75
/home/ccollins/allmols/H/opt/b3lyp/m06hf/513124.log,513124,---,[],"td M06HF/6-31g(d,p)",-7.26299046567,0.707768094159,76,0.4359,-1221.6753672,3.9363,0.783333333333
/home/ccollins/allmols/H/opt/b3lyp/m06hf/88-5-5-.log,88-5-5-,---,[],"td M06HF/6-31g(d,p)",-8.63362787062,-1.22532861515,83,3.6391,-1694.7952295,2.0380,1.03333333333
/home/ccollins/allmols/H/opt/b3lyp/m06hf/1348-8.log,1348-8,---,[],"td M06HF/6-31g(d,p)",-8.32749980221,-1.05063153078,78,3.0757,-1031.2419263,2.0131,1.36666666667
/home/ccollins/allmols/H/opt/b3lyp/m06hf/131288-.log,131288-,---,[],"td M06HF/6-31g(d,p)",-8.17620450796,-1.06777470261,75,2.2825,-1029.0140198,2.0372,0.883333333333
/home/ccollins/allmols/H/opt/b3lyp/m06hf/513-5-.log,513-5-,---,[],"td M06HF/6-31g(d,p)",-7.4923824316,0.820695337172,60,1.4361,-1313.6314759,4.1266,0.466666666667
/home/ccollins/allmols/H/opt/b3lyp/m06hf/413-4-.log,413-4-,---,[],"td M06HF/6-31g(d,p)",-7.6257182125,1.03294413127,58,1.2365,-672.1405564,4.4513,0.6
/home/ccollins/allmols/H/opt/b3lyp/m06hf/513-1213.log,513-1213,---,[],"td M06HF/6-31g(d,p)",-7.13645753073,0.881648837015,73,1.5804,-1199.6061807,3.9682,0.85
/home/ccollins/allmols/H/opt/b3lyp/m06hf/84-128.log,84-128,---,[],"td M06HF/6-31g(d,p)",-8.83744113572,-0.696339312939,78,1.6383,-1051.0959374,2.1076,0.9
/home/ccollins/allmols/H/opt/b3lyp/m06hf/5812-8.log,5812-8,---,[],"td M06HF/6-31g(d,p)",-9.06139082488,-0.921649571287,79,1.6027,-1371.8347169,2.1351,0.85
/home/ccollins/allmols/H/opt/b3lyp/m06hf/55-5.log,55-5,---,[],"td M06HF/6-31g(d,p)",-7.88504270067,0.193472939234,64,0.7124,-1656.4430025,3.8845,0.516666666667
/home/ccollins/allmols/H/opt/b3lyp/m06hf/125-13.log,125-13,---,[],"td M06HF/6-31g(d,p)",-7.54190715022,0.779061919869,56,1.5561,-990.6596765,4.0773,0.4
/home/ccollins/allmols/H/opt/b3lyp/m06hf/13512.log,13512,---,[],"td M06HF/6-31g(d,p)",-7.49129397624,0.755115902073,56,1.0463,-990.659108,4.0519,0.416666666667
/home/ccollins/allmols/H/opt/b3lyp/m06hf/12813-4.log,12813-4,---,[],"td M06HF/6-31g(d,p)",-8.06844742788,-0.241909202502,75,2.3326,-964.9819078,2.1471,0.9
/home/ccollins/allmols/H/opt/b3lyp/m06hf/12124-4.log,12124-4,---,[],"td M06HF/6-31g(d,p)",-7.66952854052,0.463137753272,75,1.0428,-920.7612816,4.1391,0.883333333333
/home/ccollins/allmols/H/opt/b3lyp/m06hf/585-.log,585-,---,[],"td M06HF/6-31g(d,p)",-8.95934813541,-0.485178974197,63,0.0010,-1399.7553095,2.1391,0.4
/home/ccollins/allmols/H/opt/b3lyp/m06hf/413-12-.log,413-12-,---,[],"td M06HF/6-31g(d,p)",-7.48911706553,1.21526040312,55,1.1012,-669.9169418,4.4770,0.4
/home/ccollins/allmols/H/opt/b3lyp/m06hf/85.log,85,---,[],"td M06HF/6-31g(d,p)",-9.60208102215,-0.204085378939,42,1.6860,-847.9951132,2.1452,0.15
/home/ccollins/allmols/H/opt/b3lyp/m06hf/1212-12.log,1212-12,---,[],"td M06HF/6-31g(d,p)",-7.69211398912,1.08301307757,52,0.7920,-687.5294983,4.3776,0.316666666667
/home/ccollins/allmols/H/opt/b3lyp/m06hf/412-13.log,412-13,---,[],"td M06HF/6-31g(d,p)",-7.53619275961,1.11593885204,55,2.1106,-669.917507,4.4035,0.433333333333
/home/ccollins/allmols/H/opt/b3lyp/m06hf/84812-.log,84812-,---,[],"td M06HF/6-31g(d,p)",-9.214590916,-0.874029649535,78,2.2250,-1051.097927,2.0988,0.733333333333
/home/ccollins/allmols/H/opt/b3lyp/m06hf/128-12-8-.log,128-12-8-,---,[],"td M06HF/6-31g(d,p)",-9.01676415535,-0.86151241296,75,1.7162,-1048.8584781,2.1309,0.9
/home/ccollins/allmols/H/opt/b3lyp/m06hf/845-.log,845-,---,[],"td M06HF/6-31g(d,p)",-8.75553487031,-0.314835711243,62,1.9802,-1079.0064438,2.1063,0.483333333333
/home/ccollins/allmols/H/opt/b3lyp/m06hf/138-125.log,138-125,---,[],"td M06HF/6-31g(d,p)",-8.07960409526,-0.285719530514,76,1.5851,-1285.728133,2.1508,0.716666666667
/home/ccollins/allmols/H/opt/b3lyp/m06hf/44-5-12-.log,44-5-12-,---,[],"td M06HF/6-31g(d,p)",-7.76204724563,0.185037410238,79,1.0651,-1243.731982,3.9582,0.9
/home/ccollins/allmols/H/opt/b3lyp/m06hf/584.log,584,---,[],"td M06HF/6-31g(d,p)",-9.13785481352,-0.382319943212,62,0.6322,-1079.0119406,2.0986,0.466666666667
/home/ccollins/allmols/H/opt/b3lyp/m06hf/455.log,455,---,[],"td M06HF/6-31g(d,p)",-7.94790099739,0.304495385377,63,1.1844,-1335.6956337,4.0420,0.616666666667
/home/ccollins/allmols/H/opt/b3lyp/m06hf/48.log,48,---,[],"td M06HF/6-31g(d,p)",-9.95664535382,-0.191568142364,41,1.3106,-527.2517777,2.1048,0.183333333333
/home/ccollins/allmols/H/opt/b3lyp/m06hf/12125-12.log,12125-12,---,[],"td M06HF/6-31g(d,p)",-7.46680373077,0.375244983409,73,0.9034,-1239.2827476,3.7902,0.583333333333
/home/ccollins/allmols/H/opt/b3lyp/m06hf/1313-.log,1313-,---,[],"td M06HF/6-31g(d,p)",-7.52639666142,2.58807471878,35,0.0014,-419.0637405,5.3418,0.283333333333
/home/ccollins/allmols/H/opt/b3lyp/m06hf/131244.log,131244,---,[],"td M06HF/6-31g(d,p)",-7.46217779551,0.473750192976,75,1.1054,-900.9255918,4.0660,0.916666666667
/home/ccollins/allmols/H/opt/b3lyp/m06hf/121213.log,121213,---,[],"td M06HF/6-31g(d,p)",-7.42761933801,1.28655422883,52,1.5297,-667.6885382,4.3674,0.4
/home/ccollins/allmols/H/opt/b3lyp/m06hf/4813-.log,4813-,---,[],"td M06HF/6-31g(d,p)",-8.64886624558,-0.0987773234063,58,1.5702,-736.2045786,2.1108,0.55
/home/ccollins/allmols/H/opt/b3lyp/m06hf/4128.log,4128,---,[],"td M06HF/6-31g(d,p)",-8.64859413174,-0.138233830001,58,2.1755,-756.0326162,2.1418,0.683333333333
/home/ccollins/allmols/H/opt/b3lyp/m06hf/412-.log,412-,---,[],"td M06HF/6-31g(d,p)",-8.41239931985,1.36138553444,38,0.6160,-460.9734256,5.1677,0.2
/home/ccollins/allmols/H/opt/b3lyp/m06hf/813-4-4-.log,813-4-4-,---,[],"td M06HF/6-31g(d,p)",-8.11035295902,-0.164628872344,78,2.4879,-967.2044099,4.0139,0.983333333333
/home/ccollins/allmols/H/opt/b3lyp/m06hf/134-128.log,134-128,---,[],"td M06HF/6-31g(d,p)",-7.87878408239,-0.222317006124,75,1.5145,-964.975307,2.1427,0.85
/home/ccollins/allmols/H/opt/b3lyp/m06hf/84-.log,84-,---,[],"td M06HF/6-31g(d,p)",-9.95691746766,-0.191296028525,41,1.3118,-527.2517774,2.1039,0.183333333333
/home/ccollins/allmols/H/opt/b3lyp/m06hf/58-4.log,58-4,---,[],"td M06HF/6-31g(d,p)",-9.13785481352,-0.382319943212,62,0.6322,-1079.0119406,2.0986,0.466666666667
/home/ccollins/allmols/H/opt/b3lyp/m06hf/1313-13-.log,1313-13-,---,[],"td M06HF/6-31g(d,p)",-7.02679565378,1.9619407762,52,1.5654,-628.0032738,4.6203,0.366666666667
/home/ccollins/allmols/H/opt/b3lyp/m06hf/48-44-.log,48-44-,---,[],"td M06HF/6-31g(d,p)",-8.82111430541,-0.444089784571,81,0.4342,-989.2745437,3.8372,1.05
/home/ccollins/allmols/H/opt/b3lyp/m06hf/1212-5-.log,1212-5-,---,[],"td M06HF/6-31g(d,p)",-7.70653602256,0.78450419664,56,0.4269,-1010.5016427,4.2069,0.316666666667
/home/ccollins/allmols/H/opt/b3lyp/m06hf/44-8-.log,44-8-,---,[],"td M06HF/6-31g(d,p)",-9.01213822009,-0.238915950278,61,1.8165,-758.2576687,2.1063,0.683333333333
/home/ccollins/allmols/H/opt/b3lyp/m06hf/412812.log,412812,---,[],"td M06HF/6-31g(d,p)",-8.3612419182,-0.388850675338,75,0.9441,-984.816459,2.1336,0.6
/home/ccollins/allmols/H/opt/b3lyp/m06hf/48-5-8-.log,48-5-8-,---,[],"td M06HF/6-31g(d,p)",-9.26221083775,-1.05444112452,82,1.7268,-1374.0720079,2.0988,1.18333333333
/home/ccollins/allmols/H/opt/b3lyp/m06hf/84-4-12.log,84-4-12,---,[],"td M06HF/6-31g(d,p)",-8.29838362149,-0.35565278703,78,2.4209,-987.0435897,2.1056,1.01666666667
/home/ccollins/allmols/H/opt/b3lyp/m06hf/1212-8-13.log,1212-8-13,---,[],"td M06HF/6-31g(d,p)",-8.05674653282,-0.240004405632,72,1.2898,-962.756479,2.1467,0.533333333333
/home/ccollins/allmols/H/opt/b3lyp/m06hf/1288-.log,1288-,---,[],"td M06HF/6-31g(d,p)",-9.6306529752,-1.02586917147,58,2.5441,-820.0656396,2.0370,0.35
/home/ccollins/allmols/H/opt/b3lyp/m06hf/125138-.log,125138-,---,[],"td M06HF/6-31g(d,p)",-7.76014244876,-0.190479687009,76,3.2675,-1285.7264984,3.7031,0.633333333333
/home/ccollins/allmols/H/opt/b3lyp/m06hf/858-8-.log,858-8-,---,[],"td M06HF/6-31g(d,p)",-9.76344452843,-1.54098066791,82,1.2155,-1438.1017348,2.0391,1.13333333333
/home/ccollins/allmols/H/opt/b3lyp/m06hf/13125.log,13125,---,[],"td M06HF/6-31g(d,p)",-7.4648989339,0.891444935204,56,1.2455,-990.6633853,4.1624,0.333333333333
/home/ccollins/allmols/H/opt/b3lyp/m06hf/588-4.log,588-4,---,[],"td M06HF/6-31g(d,p)",-9.49867776348,-1.13580316225,82,0.6607,-1374.0600064,2.0117,1.15
/home/ccollins/allmols/H/opt/b3lyp/m06hf/1358.log,1358,---,[],"td M06HF/6-31g(d,p)",-8.10191743003,-0.31728473579,59,1.8524,-1056.9378906,2.1494,0.333333333333
/home/ccollins/allmols/H/opt/b3lyp/m06hf/1312-55.log,1312-55,---,[],"td M06HF/6-31g(d,p)",-7.32367185167,0.282998392128,77,1.0951,-1542.4145779,3.6862,0.783333333333
/home/ccollins/allmols/H/opt/b3lyp/m06hf/135-8-.log,135-8-,---,[],"td M06HF/6-31g(d,p)",-8.12150962641,-0.274018635455,59,3.4454,-1056.937794,2.1477,0.333333333333
