/home/ccollins/allmols/H/opt/m06hf/b3lyp/84412.log,84412,---,[],"td B3LYP/6-31g(d,p)",-5.65452556579,-2.65419838156,78,2.7269,-987.2978217,2.1323,0.416666666667
/home/ccollins/allmols/H/opt/m06hf/b3lyp/135.log,135,---,[],"td B3LYP/6-31g(d,p)",-5.08499130164,-0.592663940438,39,0.9632,-761.9947242,4.2780,0.0666666666667
/home/ccollins/allmols/H/opt/m06hf/b3lyp/813-8-5-.log,813-8-5-,---,[],"td B3LYP/6-31g(d,p)",-6.15766405334,-2.80712635884,79,2.3136,-1352.2874054,2.1961,0.283333333333
/home/ccollins/allmols/H/opt/m06hf/b3lyp/1312-12.log,1312-12,---,[],"td B3LYP/6-31g(d,p)",-4.77124404575,-0.634841585419,52,1.5762,-667.8588394,3.8987,0.216666666667
/home/ccollins/allmols/H/opt/m06hf/b3lyp/1312-4-.log,1312-4-,---,[],"td B3LYP/6-31g(d,p)",-4.8583204741,-0.788585904219,55,2.1140,-670.0874005,3.7869,0.25
/home/ccollins/allmols/H/opt/m06hf/b3lyp/58-4-5.log,58-4-5,---,[],"td B3LYP/6-31g(d,p)",-5.95085753601,-2.56684983937,83,1.0160,-1631.0345317,2.1469,0.366666666667
/home/ccollins/allmols/H/opt/m06hf/b3lyp/413-55.log,413-55,---,[],"td B3LYP/6-31g(d,p)",-5.01369747593,-1.07158429635,80,2.2901,-1544.8782255,3.5543,0.4
/home/ccollins/allmols/H/opt/m06hf/b3lyp/1213-13-8-.log,1213-13-8-,---,[],"td B3LYP/6-31g(d,p)",-5.1228151252,-2.57038731927,72,2.6645,-943.1501327,2.0803,0.333333333333
/home/ccollins/allmols/H/opt/m06hf/b3lyp/413512-.log,413512-,---,[],"td B3LYP/6-31g(d,p)",-4.94185942254,-1.06342088119,76,1.3241,-1221.9014265,3.5153,0.433333333333
/home/ccollins/allmols/H/opt/m06hf/b3lyp/48-5.log,48-5,---,[],"td B3LYP/6-31g(d,p)",-6.14269779222,-2.57038731927,62,0.5958,-1079.2186686,2.1445,0.216666666667
/home/ccollins/allmols/H/opt/m06hf/b3lyp/45124-.log,45124-,---,[],"td B3LYP/6-31g(d,p)",-5.08798455386,-1.2968945547,79,0.7238,-1243.9831689,3.4688,0.483333333333
/home/ccollins/allmols/H/opt/m06hf/b3lyp/4812.log,4812,---,[],"td B3LYP/6-31g(d,p)",-6.07602990176,-2.51161073014,58,0.8158,-756.2358142,2.1325,0.216666666667
/home/ccollins/allmols/H/opt/m06hf/b3lyp/12858-.log,12858-,---,[],"td B3LYP/6-31g(d,p)",-6.36719170905,-2.86073278504,79,2.9219,-1372.1235805,2.1818,0.283333333333
/home/ccollins/allmols/H/opt/m06hf/b3lyp/488-12-.log,488-12-,---,[],"td B3LYP/6-31g(d,p)",-6.07820681247,-2.91161807286,78,0.9107,-1051.3597327,1.9461,0.283333333333
/home/ccollins/allmols/H/opt/m06hf/b3lyp/1213-13-4.log,1213-13-4,---,[],"td B3LYP/6-31g(d,p)",-4.75546144311,-0.522458570083,72,2.6128,-879.0700947,3.8055,0.416666666667
/home/ccollins/allmols/H/opt/m06hf/b3lyp/128.log,128,---,[],"td B3LYP/6-31g(d,p)",-6.28283641909,-2.66671561813,38,2.1622,-525.1638019,2.1710,0.05
/home/ccollins/allmols/H/opt/m06hf/b3lyp/55-5-.log,55-5-,---,[],"td B3LYP/6-31g(d,p)",-5.43220855967,-1.29526187166,64,0.4508,-1656.6409143,3.8005,0.216666666667
/home/ccollins/allmols/H/opt/m06hf/b3lyp/1212-58-.log,1212-58-,---,[],"td B3LYP/6-31g(d,p)",-5.3802348165,-2.64494651105,76,3.2956,-1305.8292129,2.1909,0.25
/home/ccollins/allmols/H/opt/m06hf/b3lyp/128-4-4.log,128-4-4,---,[],"td B3LYP/6-31g(d,p)",-6.05398868084,-2.49147430608,78,0.5808,-987.2996331,2.1357,0.416666666667
/home/ccollins/allmols/H/opt/m06hf/b3lyp/558.log,558,---,[],"td B3LYP/6-31g(d,p)",-5.90051647588,-2.66481082126,63,3.0701,-1399.962561,2.1891,0.15
/home/ccollins/allmols/H/opt/m06hf/b3lyp/85-4-.log,85-4-,---,[],"td B3LYP/6-31g(d,p)",-6.2074608858,-2.65773586146,62,2.6568,-1079.2120529,2.1863,0.216666666667
/home/ccollins/allmols/H/opt/m06hf/b3lyp/1348-.log,1348-,---,[],"td B3LYP/6-31g(d,p)",-5.53670027369,-2.57365268534,58,2.9317,-736.3820613,2.1343,0.233333333333
/home/ccollins/allmols/H/opt/m06hf/b3lyp/55-8.log,55-8,---,[],"td B3LYP/6-31g(d,p)",-5.91357794013,-2.67406269177,63,2.5341,-1399.96404,2.1863,0.15
/home/ccollins/allmols/H/opt/m06hf/b3lyp/124-12.log,124-12,---,[],"td B3LYP/6-31g(d,p)",-5.2145174888,-1.05825071826,55,0.7157,-689.9366387,3.9593,0.25
/home/ccollins/allmols/H/opt/m06hf/b3lyp/1312-8.log,1312-8,---,[],"td B3LYP/6-31g(d,p)",-5.44173254402,-2.49038585073,55,4.2275,-734.1557958,2.1774,0.15
/home/ccollins/allmols/H/opt/m06hf/b3lyp/85-134-.log,85-134-,---,[],"td B3LYP/6-31g(d,p)",-5.38322806873,-2.60249675223,79,3.6640,-1288.2026224,2.1857,0.45
/home/ccollins/allmols/H/opt/m06hf/b3lyp/413-13-8.log,413-13-8,---,[],"td B3LYP/6-31g(d,p)",-5.27411041945,-2.55106723673,75,2.7870,-945.376927,2.1983,0.466666666667
/home/ccollins/allmols/H/opt/m06hf/b3lyp/45-48-.log,45-48-,---,[],"td B3LYP/6-31g(d,p)",-5.79901801408,-2.67814439935,82,2.5313,-1310.2758208,2.1333,0.383333333333
/home/ccollins/allmols/H/opt/m06hf/b3lyp/81212.log,81212,---,[],"td B3LYP/6-31g(d,p)",-5.7533028892,-2.56521715634,55,3.2349,-754.0035455,2.1759,0.15
/home/ccollins/allmols/H/opt/m06hf/b3lyp/1312-134-.log,1312-134-,---,[],"td B3LYP/6-31g(d,p)",-4.58539029399,-0.671576953628,72,3.1502,-879.0741241,3.5692,0.4
/home/ccollins/allmols/H/opt/m06hf/b3lyp/45-13-.log,45-13-,---,[],"td B3LYP/6-31g(d,p)",-5.14648902916,-0.918656319063,59,1.3159,-993.0599777,3.8451,0.233333333333
/home/ccollins/allmols/H/opt/m06hf/b3lyp/513-12.log,513-12,---,[],"td B3LYP/6-31g(d,p)",-4.82838795185,-0.866682575893,56,2.2177,-990.8355746,3.7228,0.183333333333
/home/ccollins/allmols/H/opt/m06hf/b3lyp/45.log,45,---,[],"td B3LYP/6-31g(d,p)",-5.86813492908,-0.774708098451,42,0.5724,-784.0734221,4.7368,0.1
/home/ccollins/allmols/H/opt/m06hf/b3lyp/54-4-12.log,54-4-12,---,[],"td B3LYP/6-31g(d,p)",-5.41370481865,-1.18940958845,79,1.0441,-1243.9764356,3.8718,0.583333333333
/home/ccollins/allmols/H/opt/m06hf/b3lyp/134-13-5.log,134-13-5,---,[],"td B3LYP/6-31g(d,p)",-4.90947787575,-0.845729810322,76,1.8779,-1202.0487351,3.6798,0.483333333333
/home/ccollins/allmols/H/opt/m06hf/b3lyp/512-.log,512-,---,[],"td B3LYP/6-31g(d,p)",-5.4387392918,-0.837022167487,39,0.2420,-781.847328,4.3942,0.0666666666667
/home/ccollins/allmols/H/opt/m06hf/b3lyp/1312-.log,1312-,---,[],"td B3LYP/6-31g(d,p)",-4.99546584874,-0.0718380533864,35,2.0263,-439.0162951,4.7530,0.0666666666667
/home/ccollins/allmols/H/opt/m06hf/b3lyp/4138-.log,4138-,---,[],"td B3LYP/6-31g(d,p)",-5.78568443599,-2.54698552915,58,2.8166,-736.3902236,2.1983,0.233333333333
/home/ccollins/allmols/H/opt/m06hf/b3lyp/58-54-.log,58-54-,---,[],"td B3LYP/6-31g(d,p)",-5.92555094903,-2.54671341532,83,1.0261,-1631.0357,2.1963,0.366666666667
/home/ccollins/allmols/H/opt/m06hf/b3lyp/1213-48-.log,1213-48-,---,[],"td B3LYP/6-31g(d,p)",-5.17832634827,-2.63542252669,75,2.6173,-965.222336,2.1292,0.433333333333
/home/ccollins/allmols/H/opt/m06hf/b3lyp/41213-5.log,41213-5,---,[],"td B3LYP/6-31g(d,p)",-4.82321778892,-1.00600486125,76,2.1311,-1221.9066146,3.4833,0.416666666667
/home/ccollins/allmols/H/opt/m06hf/b3lyp/545-.log,545-,---,[],"td B3LYP/6-31g(d,p)",-5.63166800335,-1.15866072469,63,0.0002,-1335.8891404,4.1146,0.25
/home/ccollins/allmols/H/opt/m06hf/b3lyp/858.log,858,---,[],"td B3LYP/6-31g(d,p)",-6.57671936476,-2.99134742756,62,1.0383,-1143.2819284,2.1824,0.15
/home/ccollins/allmols/H/opt/m06hf/b3lyp/1212-4-13.log,1212-4-13,---,[],"td B3LYP/6-31g(d,p)",-4.90757307888,-1.08410153292,72,1.4919,-898.9256126,3.5279,0.433333333333
/home/ccollins/allmols/H/opt/m06hf/b3lyp/128-4.log,128-4,---,[],"td B3LYP/6-31g(d,p)",-6.07711835712,-2.51215495782,58,0.8177,-756.2358319,2.1329,0.233333333333
/home/ccollins/allmols/H/opt/m06hf/b3lyp/8128-12.log,8128-12,---,[],"td B3LYP/6-31g(d,p)",-6.33562650377,-2.80957538339,75,2.9376,-1049.139135,2.1716,0.266666666667
/home/ccollins/allmols/H/opt/m06hf/b3lyp/412.log,412,---,[],"td B3LYP/6-31g(d,p)",-5.56663279593,-0.674025978175,38,0.5154,-461.097066,4.6782,0.0833333333333
/home/ccollins/allmols/H/opt/m06hf/b3lyp/131313-8.log,131313-8,---,[],"td B3LYP/6-31g(d,p)",-5.04689536423,-2.50807325024,72,3.0469,-923.2984545,2.0759,0.366666666667
/home/ccollins/allmols/H/opt/m06hf/b3lyp/138.log,138,---,[],"td B3LYP/6-31g(d,p)",-6.15848039485,-2.58072764514,38,2.3064,-505.3225207,2.1969,0.0666666666667
/home/ccollins/allmols/H/opt/m06hf/b3lyp/5512-.log,5512-,---,[],"td B3LYP/6-31g(d,p)",-5.14648902916,-1.39322285355,60,0.5599,-1333.6628648,3.5296,0.166666666667
/home/ccollins/allmols/H/opt/m06hf/b3lyp/448.log,448,---,[],"td B3LYP/6-31g(d,p)",-6.23467226966,-2.66535504894,61,2.0817,-758.4585958,2.1327,0.283333333333
/home/ccollins/allmols/H/opt/m06hf/b3lyp/1313-84.log,1313-84,---,[],"td B3LYP/6-31g(d,p)",-5.12254301136,-2.37147210327,75,2.2277,-945.3837838,2.1604,0.35
/home/ccollins/allmols/H/opt/m06hf/b3lyp/8813-5-.log,8813-5-,---,[],"td B3LYP/6-31g(d,p)",-5.77969793154,-2.97148311735,79,4.5845,-1352.2649724,1.9769,0.266666666667
/home/ccollins/allmols/H/opt/m06hf/b3lyp/455-.log,455-,---,[],"td B3LYP/6-31g(d,p)",-5.37642522276,-1.30179260379,63,0.2828,-1335.8903313,3.7702,0.233333333333
/home/ccollins/allmols/H/opt/m06hf/b3lyp/812-12-8.log,812-12-8,---,[],"td B3LYP/6-31g(d,p)",-6.0678664866,-2.72848545949,75,3.4257,-1049.1389224,2.1704,0.25
/home/ccollins/allmols/H/opt/m06hf/b3lyp/444.log,444,---,[],"td B3LYP/6-31g(d,p)",-5.86350899383,-0.850899973255,61,0.0000,-694.3848858,4.6094,0.366666666667
/home/ccollins/allmols/H/opt/m06hf/b3lyp/1213.log,1213,---,[],"td B3LYP/6-31g(d,p)",-4.97777844923,-0.0887091113787,35,1.3322,-439.0185229,4.7257,0.0666666666667
/home/ccollins/allmols/H/opt/m06hf/b3lyp/512-13-.log,512-13-,---,[],"td B3LYP/6-31g(d,p)",-4.8308369764,-0.985324209516,56,1.4352,-990.8399222,3.5909,0.183333333333
/home/ccollins/allmols/H/opt/m06hf/b3lyp/134-8-13-.log,134-8-13-,---,[],"td B3LYP/6-31g(d,p)",-5.3111179015,-2.37990763226,75,0.4498,-945.3809501,2.1594,0.383333333333
/home/ccollins/allmols/H/opt/m06hf/b3lyp/51213-.log,51213-,---,[],"td B3LYP/6-31g(d,p)",-4.80553038941,-0.911853473098,56,2.3654,-990.8376337,3.6338,0.183333333333
/home/ccollins/allmols/H/opt/m06hf/b3lyp/1213-13-5.log,1213-13-5,---,[],"td B3LYP/6-31g(d,p)",-4.74076729583,-0.697699882132,73,2.8487,-1199.8222636,3.6457,0.366666666667
/home/ccollins/allmols/H/opt/m06hf/b3lyp/138-.log,138-,---,[],"td B3LYP/6-31g(d,p)",-6.15848039485,-2.58072764514,38,2.3064,-505.3225207,2.1969,0.0666666666667
/home/ccollins/allmols/H/opt/m06hf/b3lyp/1212-124-.log,1212-124-,---,[],"td B3LYP/6-31g(d,p)",-4.90049811908,-1.16981739208,72,0.5326,-918.7820071,3.4473,0.333333333333
/home/ccollins/allmols/H/opt/m06hf/b3lyp/13134.log,13134,---,[],"td B3LYP/6-31g(d,p)",-4.90947787575,-0.387762219983,55,2.5763,-650.2294921,4.0906,0.366666666667
/home/ccollins/allmols/H/opt/m06hf/b3lyp/41248-.log,41248-,---,[],"td B3LYP/6-31g(d,p)",-5.53016954156,-2.62807545305,78,2.8422,-987.3057965,2.1357,0.366666666667
/home/ccollins/allmols/H/opt/m06hf/b3lyp/1384.log,1384,---,[],"td B3LYP/6-31g(d,p)",-5.88691078395,-2.45854853161,58,1.6105,-736.3940171,2.1556,0.233333333333
/home/ccollins/allmols/H/opt/m06hf/b3lyp/88-5-.log,88-5-,---,[],"td B3LYP/6-31g(d,p)",-6.33100056852,-3.13720044505,62,2.7448,-1143.269141,1.9695,0.15
/home/ccollins/allmols/H/opt/m06hf/b3lyp/4813-12-.log,4813-12-,---,[],"td B3LYP/6-31g(d,p)",-5.35628879871,-2.4182756835,75,2.1040,-965.2364036,2.1586,0.3
/home/ccollins/allmols/H/opt/m06hf/b3lyp/581313-.log,581313-,---,[],"td B3LYP/6-31g(d,p)",-5.22785106689,-2.41990836654,76,1.7671,-1266.1351389,2.2086,0.316666666667
/home/ccollins/allmols/H/opt/m06hf/b3lyp/854-8-.log,854-8-,---,[],"td B3LYP/6-31g(d,p)",-6.40120593887,-2.84168481634,82,1.2709,-1374.3482062,2.1345,0.35
/home/ccollins/allmols/H/opt/m06hf/b3lyp/4135-.log,4135-,---,[],"td B3LYP/6-31g(d,p)",-5.07410674809,-0.750217852979,59,1.7696,-993.0630108,3.9522,0.283333333333
/home/ccollins/allmols/H/opt/m06hf/b3lyp/124-13.log,124-13,---,[],"td B3LYP/6-31g(d,p)",-5.07165772355,-0.84028753355,55,1.4000,-670.0831803,3.9433,0.25
/home/ccollins/allmols/H/opt/m06hf/b3lyp/131285-.log,131285-,---,[],"td B3LYP/6-31g(d,p)",-5.29261416048,-2.47814072799,76,1.3721,-1285.9831598,2.1943,0.266666666667
/home/ccollins/allmols/H/opt/m06hf/b3lyp/85513.log,85513,---,[],"td B3LYP/6-31g(d,p)",-5.3886703455,-2.66834830116,80,2.7574,-1608.9494707,2.1866,0.316666666667
/home/ccollins/allmols/H/opt/m06hf/b3lyp/48-1212.log,48-1212,---,[],"td B3LYP/6-31g(d,p)",-5.59030669989,-2.43786787988,75,1.7655,-985.0756259,2.1356,0.316666666667
/home/ccollins/allmols/H/opt/m06hf/b3lyp/135-12-.log,135-12-,---,[],"td B3LYP/6-31g(d,p)",-4.97941113227,-0.950221524339,56,2.2491,-990.8338008,3.7350,0.216666666667
/home/ccollins/allmols/H/opt/m06hf/b3lyp/1258-5-.log,1258-5-,---,[],"td B3LYP/6-31g(d,p)",-5.61615751455,-2.52031837297,80,1.3800,-1628.8100093,2.1962,0.266666666667
/home/ccollins/allmols/H/opt/m06hf/b3lyp/134-5-.log,134-5-,---,[],"td B3LYP/6-31g(d,p)",-5.21179635042,-0.8998804642,59,1.7540,-993.0592813,3.9532,0.266666666667
/home/ccollins/allmols/H/opt/m06hf/b3lyp/12131313-.log,12131313-,---,[],"td B3LYP/6-31g(d,p)",-4.5995402136,-0.31157034518,69,2.1628,-856.9937177,3.9115,0.383333333333
/home/ccollins/allmols/H/opt/m06hf/b3lyp/8512.log,8512,---,[],"td B3LYP/6-31g(d,p)",-5.80309972166,-2.62562642851,59,3.2303,-1076.9863615,2.1868,0.15
/home/ccollins/allmols/H/opt/m06hf/b3lyp/4558.log,4558,---,[],"td B3LYP/6-31g(d,p)",-5.77207874406,-2.66072911368,83,3.1972,-1631.0278135,2.1864,0.333333333333
/home/ccollins/allmols/H/opt/m06hf/b3lyp/125-135-.log,125-135-,---,[],"td B3LYP/6-31g(d,p)",-4.91682494939,-1.14940885418,77,1.7975,-1542.653449,3.4259,0.35
/home/ccollins/allmols/H/opt/m06hf/b3lyp/48-12.log,48-12,---,[],"td B3LYP/6-31g(d,p)",-6.07602990176,-2.51161073014,58,0.8158,-756.2358142,2.1325,0.216666666667
/home/ccollins/allmols/H/opt/m06hf/b3lyp/54-44.log,54-44,---,[],"td B3LYP/6-31g(d,p)",-5.66214475327,-1.10995234759,82,0.5860,-1246.2004119,4.1388,0.633333333333
/home/ccollins/allmols/H/opt/m06hf/b3lyp/4555-.log,4555-,---,[],"td B3LYP/6-31g(d,p)",-5.30621985241,-1.40220261023,84,0.4920,-1887.7060606,3.5381,0.466666666667
/home/ccollins/allmols/H/opt/m06hf/b3lyp/124.log,124,---,[],"td B3LYP/6-31g(d,p)",-5.56663279593,-0.674025978175,38,0.5154,-461.0970659,4.6782,0.0833333333333
/home/ccollins/allmols/H/opt/m06hf/b3lyp/124-.log,124-,---,[],"td B3LYP/6-31g(d,p)",-5.56663279593,-0.674025978175,38,0.5154,-461.0970659,4.6782,0.0833333333333
/home/ccollins/allmols/H/opt/m06hf/b3lyp/1313-813.log,1313-813,---,[],"td B3LYP/6-31g(d,p)",-5.09152203376,-2.34480494709,72,1.8465,-923.3100355,2.2135,0.35
/home/ccollins/allmols/H/opt/m06hf/b3lyp/513-512-.log,513-512-,---,[],"td B3LYP/6-31g(d,p)",-4.91682494939,-1.14940885418,77,1.7977,-1542.6534496,3.4258,0.35
/home/ccollins/allmols/H/opt/m06hf/b3lyp/8448-.log,8448-,---,[],"td B3LYP/6-31g(d,p)",-6.36283788763,-2.79379278075,81,0.0000,-1053.5947668,2.1330,0.45
/home/ccollins/allmols/H/opt/m06hf/b3lyp/138-4.log,138-4,---,[],"td B3LYP/6-31g(d,p)",-5.88691078395,-2.45854853161,58,1.6105,-736.3940171,2.1556,0.216666666667
/home/ccollins/allmols/H/opt/m06hf/b3lyp/1345-.log,1345-,---,[],"td B3LYP/6-31g(d,p)",-5.04635113656,-1.11376194133,59,2.0768,-993.0589883,3.6984,0.3
/home/ccollins/allmols/H/opt/m06hf/b3lyp/512-12-13-.log,512-12-13-,---,[],"td B3LYP/6-31g(d,p)",-4.69858965085,-1.18070194562,73,0.8024,-1219.6804069,3.2240,0.316666666667
/home/ccollins/allmols/H/opt/m06hf/b3lyp/1248-.log,1248-,---,[],"td B3LYP/6-31g(d,p)",-5.89616265446,-2.62807545305,58,2.7102,-756.2348604,2.1331,0.183333333333
/home/ccollins/allmols/H/opt/m06hf/b3lyp/13121313-.log,13121313-,---,[],"td B3LYP/6-31g(d,p)",-4.50538882545,-0.502594259866,69,1.6272,-856.9983417,3.6767,0.383333333333
/home/ccollins/allmols/H/opt/m06hf/b3lyp/45-8.log,45-8,---,[],"td B3LYP/6-31g(d,p)",-6.2074608858,-2.65773586146,62,2.6565,-1079.2120506,2.1863,0.2
/home/ccollins/allmols/H/opt/m06hf/b3lyp/848-5-.log,848-5-,---,[],"td B3LYP/6-31g(d,p)",-6.33426593458,-2.83406562886,82,2.3309,-1374.3540414,2.1325,0.35
/home/ccollins/allmols/H/opt/m06hf/b3lyp/448-8-.log,448-8-,---,[],"td B3LYP/6-31g(d,p)",-6.37535512421,-3.03134816184,81,2.9878,-1053.5817034,2.0889,0.433333333333
/home/ccollins/allmols/H/opt/m06hf/b3lyp/1312-5.log,1312-5,---,[],"td B3LYP/6-31g(d,p)",-4.82566681346,-0.915663066838,56,1.6731,-990.8378674,3.6396,0.183333333333
/home/ccollins/allmols/H/opt/m06hf/b3lyp/1381313-.log,1381313-,---,[],"td B3LYP/6-31g(d,p)",-5.10512772569,-2.33201559667,72,2.6036,-923.3097733,2.2181,0.383333333333
/home/ccollins/allmols/H/opt/m06hf/b3lyp/125-12.log,125-12,---,[],"td B3LYP/6-31g(d,p)",-5.0953316275,-1.22260747676,56,0.3606,-1010.6865911,3.6636,0.166666666667
/home/ccollins/allmols/H/opt/m06hf/b3lyp/813-8-.log,813-8-,---,[],"td B3LYP/6-31g(d,p)",-6.53943976887,-2.91461132508,58,0.2873,-800.463232,2.1944,0.166666666667
/home/ccollins/allmols/H/opt/m06hf/b3lyp/512-8-5.log,512-8-5,---,[],"td B3LYP/6-31g(d,p)",-5.64091987387,-2.51569243772,80,1.1091,-1628.8096792,2.1894,0.266666666667
/home/ccollins/allmols/H/opt/m06hf/b3lyp/51312.log,51312,---,[],"td B3LYP/6-31g(d,p)",-4.88879722402,-0.694434516069,56,0.8726,-990.8374299,3.8668,0.183333333333
/home/ccollins/allmols/H/opt/m06hf/b3lyp/5813-4-.log,5813-4-,---,[],"td B3LYP/6-31g(d,p)",-5.49044092113,-2.49310698911,79,2.1461,-1288.213383,2.2130,0.366666666667
/home/ccollins/allmols/H/opt/m06hf/b3lyp/441212-.log,441212-,---,[],"td B3LYP/6-31g(d,p)",-5.07900479719,-1.15784438318,75,0.2010,-921.0032307,3.6222,0.5
/home/ccollins/allmols/H/opt/m06hf/b3lyp/848-.log,848-,---,[],"td B3LYP/6-31g(d,p)",-6.47222765074,-2.94345539197,61,0.0001,-822.5296012,2.1322,0.216666666667
/home/ccollins/allmols/H/opt/m06hf/b3lyp/55-4-.log,55-4-,---,[],"td B3LYP/6-31g(d,p)",-5.46268530959,-1.20954601251,63,0.4147,-1335.8902835,3.9127,0.25
/home/ccollins/allmols/H/opt/m06hf/b3lyp/128-84-.log,128-84-,---,[],"td B3LYP/6-31g(d,p)",-6.07847892631,-2.91161807286,78,0.9104,-1051.3597303,1.9461,0.3
/home/ccollins/allmols/H/opt/m06hf/b3lyp/5135-4-.log,5135-4-,---,[],"td B3LYP/6-31g(d,p)",-5.00090812551,-1.07022372715,80,1.3658,-1544.8792814,3.5472,0.416666666667
/home/ccollins/allmols/H/opt/m06hf/b3lyp/1284.log,1284,---,[],"td B3LYP/6-31g(d,p)",-6.07711835712,-2.51215495782,58,0.8177,-756.2358319,2.1329,0.233333333333
/home/ccollins/allmols/H/opt/m06hf/b3lyp/13131312.log,13131312,---,[],"td B3LYP/6-31g(d,p)",-4.67165038083,-0.325448150948,69,2.6644,-856.9909206,3.9768,0.383333333333
/home/ccollins/allmols/H/opt/m06hf/b3lyp/4413-.log,4413-,---,[],"td B3LYP/6-31g(d,p)",-5.23138854679,-0.697427768293,58,1.6014,-672.3068367,4.1436,0.316666666667
/home/ccollins/allmols/H/opt/m06hf/b3lyp/51254.log,51254,---,[],"td B3LYP/6-31g(d,p)",-5.03410601382,-1.34070488271,80,0.9662,-1564.7331765,3.3870,0.4
/home/ccollins/allmols/H/opt/m06hf/b3lyp/135-8-4-.log,135-8-4-,---,[],"td B3LYP/6-31g(d,p)",-5.48200539213,-2.47922918335,79,2.3114,-1288.2061653,2.1466,0.35
/home/ccollins/allmols/H/opt/m06hf/b3lyp/13138-12-.log,13138-12-,---,[],"td B3LYP/6-31g(d,p)",-5.25506245075,-2.41582665896,72,2.9484,-943.150119,2.1958,0.283333333333
/home/ccollins/allmols/H/opt/m06hf/b3lyp/81313-5.log,81313-5,---,[],"td B3LYP/6-31g(d,p)",-5.24091253115,-2.54045479703,76,2.9490,-1266.1301862,2.1967,0.4
/home/ccollins/allmols/H/opt/m06hf/b3lyp/458-.log,458-,---,[],"td B3LYP/6-31g(d,p)",-6.2074608858,-2.65746374762,62,2.6567,-1079.2120492,2.1862,0.2
/home/ccollins/allmols/H/opt/m06hf/b3lyp/813.log,813,---,[],"td B3LYP/6-31g(d,p)",-6.15902462253,-2.58127187282,38,2.3035,-505.3225153,2.1966,0.0666666666667
/home/ccollins/allmols/H/opt/m06hf/b3lyp/84-12.log,84-12,---,[],"td B3LYP/6-31g(d,p)",-5.89697899597,-2.6269869977,58,2.7073,-756.2348359,2.1326,0.216666666667
/home/ccollins/allmols/H/opt/m06hf/b3lyp/5138-5.log,5138-5,---,[],"td B3LYP/6-31g(d,p)",-5.39873855752,-2.48494357396,80,1.2384,-1608.9646355,2.2125,0.3
/home/ccollins/allmols/H/opt/m06hf/b3lyp/548.log,548,---,[],"td B3LYP/6-31g(d,p)",-6.0333080291,-2.66236179671,62,2.4288,-1079.210689,2.1347,0.2
/home/ccollins/allmols/H/opt/m06hf/b3lyp/813-5.log,813-5,---,[],"td B3LYP/6-31g(d,p)",-5.60500084717,-2.58508146656,59,2.7522,-1057.141409,2.2005,0.166666666667
/home/ccollins/allmols/H/opt/m06hf/b3lyp/13412-8-.log,13412-8-,---,[],"td B3LYP/6-31g(d,p)",-5.34758115587,-2.5720200023,75,3.8606,-965.2218802,2.1782,0.35
/home/ccollins/allmols/H/opt/m06hf/b3lyp/13134-.log,13134-,---,[],"td B3LYP/6-31g(d,p)",-4.90947787575,-0.387762219983,55,2.5763,-650.2294921,4.0906,0.366666666667
/home/ccollins/allmols/H/opt/m06hf/b3lyp/55-13.log,55-13,---,[],"td B3LYP/6-31g(d,p)",-5.14159098006,-1.05961128745,60,1.8643,-1313.8117129,3.6919,0.216666666667
/home/ccollins/allmols/H/opt/m06hf/b3lyp/88-5-12-.log,88-5-12-,---,[],"td B3LYP/6-31g(d,p)",-5.9620142034,-3.02699434042,79,4.6057,-1372.1093468,1.9692,0.25
/home/ccollins/allmols/H/opt/m06hf/b3lyp/1312-8-4.log,1312-8-4,---,[],"td B3LYP/6-31g(d,p)",-5.31166212918,-2.37582592468,75,2.9191,-965.2276904,2.1371,0.35
/home/ccollins/allmols/H/opt/m06hf/b3lyp/1244-4-.log,1244-4-,---,[],"td B3LYP/6-31g(d,p)",-5.4218682338,-1.08981592353,78,0.5150,-923.2242261,3.9920,0.583333333333
/home/ccollins/allmols/H/opt/m06hf/b3lyp/848-8-.log,848-8-,---,[],"td B3LYP/6-31g(d,p)",-6.45535659275,-3.30645525265,81,0.6953,-1117.6513211,1.9446,0.316666666667
/home/ccollins/allmols/H/opt/m06hf/b3lyp/84-512-.log,84-512-,---,[],"td B3LYP/6-31g(d,p)",-5.49180149032,-2.68385878996,79,2.4581,-1308.0498129,2.1335,0.35
/home/ccollins/allmols/H/opt/m06hf/b3lyp/41212.log,41212,---,[],"td B3LYP/6-31g(d,p)",-5.09723642437,-0.963827216268,55,0.8553,-689.9367792,3.8929,0.233333333333
/home/ccollins/allmols/H/opt/m06hf/b3lyp/444-.log,444-,---,[],"td B3LYP/6-31g(d,p)",-5.86350899383,-0.850899973255,61,0.0000,-694.3848857,4.6095,0.366666666667
/home/ccollins/allmols/H/opt/m06hf/b3lyp/44-13.log,44-13,---,[],"td B3LYP/6-31g(d,p)",-5.23138854679,-0.697427768293,58,1.6014,-672.3068368,4.1436,0.333333333333
/home/ccollins/allmols/H/opt/m06hf/b3lyp/1388-.log,1388-,---,[],"td B3LYP/6-31g(d,p)",-6.21671275631,-3.02019149445,58,3.3237,-800.445872,1.9732,0.166666666667
/home/ccollins/allmols/H/opt/m06hf/b3lyp/58-48.log,58-48,---,[],"td B3LYP/6-31g(d,p)",-6.33453804842,-2.83406562886,82,2.3312,-1374.3540441,2.1325,0.35
/home/ccollins/allmols/H/opt/m06hf/b3lyp/124-5-12-.log,124-5-12-,---,[],"td B3LYP/6-31g(d,p)",-5.12417569439,-1.30288105914,76,0.5086,-1241.7519307,3.5152,0.4
/home/ccollins/allmols/H/opt/m06hf/b3lyp/5413.log,5413,---,[],"td B3LYP/6-31g(d,p)",-5.22757895305,-0.909404448551,59,0.9991,-993.0594011,3.9558,0.3
/home/ccollins/allmols/H/opt/m06hf/b3lyp/54-55-.log,54-55-,---,[],"td B3LYP/6-31g(d,p)",-5.41016733875,-1.38397098304,84,0.7688,-1887.7059518,3.6563,0.466666666667
/home/ccollins/allmols/H/opt/m06hf/b3lyp/41313.log,41313,---,[],"td B3LYP/6-31g(d,p)",-4.88036169502,-0.432388889511,55,2.3758,-650.2304068,4.0585,0.333333333333
/home/ccollins/allmols/H/opt/m06hf/b3lyp/54-13-8-.log,54-13-8-,---,[],"td B3LYP/6-31g(d,p)",-5.64554580912,-2.56004699341,79,2.9583,-1288.2056128,2.1991,0.35
/home/ccollins/allmols/H/opt/m06hf/b3lyp/413.log,413,---,[],"td B3LYP/6-31g(d,p)",-5.26839602884,-0.287352213546,38,1.6140,-441.2436162,4.5367,0.1
/home/ccollins/allmols/H/opt/m06hf/b3lyp/134-.log,134-,---,[],"td B3LYP/6-31g(d,p)",-5.26839602884,-0.286263758191,38,1.6147,-441.2436055,4.5360,0.1
/home/ccollins/allmols/H/opt/m06hf/b3lyp/512-5.log,512-5,---,[],"td B3LYP/6-31g(d,p)",-5.12934585733,-1.24927463294,60,0.7184,-1333.6688364,3.6300,0.166666666667
/home/ccollins/allmols/H/opt/m06hf/b3lyp/84.log,84,---,[],"td B3LYP/6-31g(d,p)",-6.26895861332,-2.70072984796,41,1.5313,-527.3947891,2.1302,0.0833333333333
/home/ccollins/allmols/H/opt/m06hf/b3lyp/588-13.log,588-13,---,[],"td B3LYP/6-31g(d,p)",-6.05262811164,-2.84903188998,79,1.1515,-1352.2710914,1.9828,0.283333333333
/home/ccollins/allmols/H/opt/m06hf/b3lyp/555-.log,555-,---,[],"td B3LYP/6-31g(d,p)",-5.22159244861,-1.52138847153,64,0.5086,-1656.6406308,3.4597,0.183333333333
/home/ccollins/allmols/H/opt/m06hf/b3lyp/4138-8-.log,4138-8-,---,[],"td B3LYP/6-31g(d,p)",-5.97643623684,-2.91624400811,78,4.1255,-1031.5145228,2.1028,0.383333333333
/home/ccollins/allmols/H/opt/m06hf/b3lyp/1313-5.log,1313-5,---,[],"td B3LYP/6-31g(d,p)",-4.8224014474,-0.537969058882,56,1.1458,-970.9840662,3.9010,0.25
/home/ccollins/allmols/H/opt/m06hf/b3lyp/445-8-.log,445-8-,---,[],"td B3LYP/6-31g(d,p)",-6.01997445101,-2.64739553559,82,2.9267,-1310.2752882,2.1841,0.383333333333
/home/ccollins/allmols/H/opt/m06hf/b3lyp/12413-.log,12413-,---,[],"td B3LYP/6-31g(d,p)",-5.07437886193,-0.839471192034,55,1.9635,-670.0830092,3.9425,0.25
/home/ccollins/allmols/H/opt/m06hf/b3lyp/812-12-5.log,812-12-5,---,[],"td B3LYP/6-31g(d,p)",-5.37098294599,-2.5720200023,76,2.5156,-1305.8254923,2.1759,0.25
/home/ccollins/allmols/H/opt/m06hf/b3lyp/12128-5-.log,12128-5-,---,[],"td B3LYP/6-31g(d,p)",-5.55928572229,-2.4683446298,76,1.5253,-1305.8274364,2.1869,0.266666666667
/home/ccollins/allmols/H/opt/m06hf/b3lyp/812-5-.log,812-5-,---,[],"td B3LYP/6-31g(d,p)",-5.83058321936,-2.59542179242,59,3.0694,-1076.98533,2.1765,0.166666666667
/home/ccollins/allmols/H/opt/m06hf/b3lyp/45-8-.log,45-8-,---,[],"td B3LYP/6-31g(d,p)",-6.2074608858,-2.65746374762,62,2.6567,-1079.2120495,2.1862,0.2
/home/ccollins/allmols/H/opt/m06hf/b3lyp/854-4.log,854-4,---,[],"td B3LYP/6-31g(d,p)",-6.01181103586,-2.64712342175,82,2.9372,-1310.2756457,2.1833,0.4
/home/ccollins/allmols/H/opt/m06hf/b3lyp/8134.log,8134,---,[],"td B3LYP/6-31g(d,p)",-5.78595654983,-2.54698552915,58,2.8169,-736.3902265,2.1982,0.233333333333
/home/ccollins/allmols/H/opt/m06hf/b3lyp/4485.log,4485,---,[],"td B3LYP/6-31g(d,p)",-6.11603063603,-2.54752975683,82,0.5242,-1310.2822661,2.1461,0.416666666667
/home/ccollins/allmols/H/opt/m06hf/b3lyp/85-5-4.log,85-5-4,---,[],"td B3LYP/6-31g(d,p)",-5.80173915247,-2.66617139045,83,3.1686,-1631.0275344,2.1855,0.35
/home/ccollins/allmols/H/opt/m06hf/b3lyp/1312-4.log,1312-4,---,[],"td B3LYP/6-31g(d,p)",-4.8583204741,-0.788585904219,55,2.1140,-670.0874006,3.7869,0.25
/home/ccollins/allmols/H/opt/m06hf/b3lyp/55-88.log,55-88,---,[],"td B3LYP/6-31g(d,p)",-6.06623380357,-3.06862775772,83,3.8572,-1695.0869898,1.9716,0.25
/home/ccollins/allmols/H/opt/m06hf/b3lyp/13124.log,13124,---,[],"td B3LYP/6-31g(d,p)",-4.86376275087,-0.860151843767,55,1.0092,-670.0894013,3.7355,0.25
/home/ccollins/allmols/H/opt/m06hf/b3lyp/125-412-.log,125-412-,---,[],"td B3LYP/6-31g(d,p)",-5.14812171219,-1.30369740066,76,0.5875,-1241.7519779,3.5247,0.383333333333
/home/ccollins/allmols/H/opt/m06hf/b3lyp/134.log,134,---,[],"td B3LYP/6-31g(d,p)",-5.18458496656,-0.411164010102,38,1.5172,-441.2432623,4.5236,0.1
/home/ccollins/allmols/H/opt/m06hf/b3lyp/51212-.log,51212-,---,[],"td B3LYP/6-31g(d,p)",-5.04743959191,-1.10124470475,56,0.3379,-1010.6897737,3.7152,0.166666666667
/home/ccollins/allmols/H/opt/m06hf/b3lyp/48-1212-.log,48-1212-,---,[],"td B3LYP/6-31g(d,p)",-5.60445661949,-2.46752828829,75,1.1809,-985.078989,2.1369,0.316666666667
/home/ccollins/allmols/H/opt/m06hf/b3lyp/44-813.log,44-813,---,[],"td B3LYP/6-31g(d,p)",-5.81099102298,-2.44358227049,78,1.5538,-967.4575037,2.1580,0.416666666667
/home/ccollins/allmols/H/opt/m06hf/b3lyp/1312-8-.log,1312-8-,---,[],"td B3LYP/6-31g(d,p)",-5.44173254402,-2.49038585073,55,4.2275,-734.1557958,2.1774,0.15
/home/ccollins/allmols/H/opt/m06hf/b3lyp/121213-.log,121213-,---,[],"td B3LYP/6-31g(d,p)",-4.74403266189,-0.623140690359,52,2.1393,-667.8559248,3.8904,0.266666666667
/home/ccollins/allmols/H/opt/m06hf/b3lyp/48-513.log,48-513,---,[],"td B3LYP/6-31g(d,p)",-5.36526855538,-2.47215422354,79,1.3264,-1288.207175,2.1510,0.316666666667
/home/ccollins/allmols/H/opt/m06hf/b3lyp/45-5.log,45-5,---,[],"td B3LYP/6-31g(d,p)",-5.37696945044,-1.29934357924,63,0.2773,-1335.8902341,3.7708,0.233333333333
/home/ccollins/allmols/H/opt/m06hf/b3lyp/12844-.log,12844-,---,[],"td B3LYP/6-31g(d,p)",-6.05426079468,-2.49174641992,78,0.5808,-987.2996337,2.1357,0.433333333333
/home/ccollins/allmols/H/opt/m06hf/b3lyp/548-.log,548-,---,[],"td B3LYP/6-31g(d,p)",-6.0333080291,-2.66236179671,62,2.4288,-1079.2106889,2.1347,0.216666666667
/home/ccollins/allmols/H/opt/m06hf/b3lyp/845.log,845,---,[],"td B3LYP/6-31g(d,p)",-6.0333080291,-2.66236179671,62,2.4289,-1079.210689,2.1347,0.216666666667
/home/ccollins/allmols/H/opt/m06hf/b3lyp/51313.log,51313,---,[],"td B3LYP/6-31g(d,p)",-4.88852511018,-0.564908328902,56,1.9863,-970.9817352,3.9195,0.183333333333
/home/ccollins/allmols/H/opt/m06hf/b3lyp/54-1312-.log,54-1312-,---,[],"td B3LYP/6-31g(d,p)",-4.93560080425,-1.053624783,76,1.1830,-1221.8998996,3.5225,0.433333333333
/home/ccollins/allmols/H/opt/m06hf/b3lyp/81313.log,81313,---,[],"td B3LYP/6-31g(d,p)",-5.42404514451,-2.54399227693,55,2.7270,-714.3097597,2.1993,0.2
/home/ccollins/allmols/H/opt/m06hf/b3lyp/88-13.log,88-13,---,[],"td B3LYP/6-31g(d,p)",-6.21698487015,-3.02046360829,58,3.3223,-800.4458753,1.9732,0.166666666667
/home/ccollins/allmols/H/opt/m06hf/b3lyp/1213-13-.log,1213-13-,---,[],"td B3LYP/6-31g(d,p)",-4.78185648545,-0.238915950278,52,2.7966,-648.0027426,4.2331,0.25
/home/ccollins/allmols/H/opt/m06hf/b3lyp/1312-813-.log,1312-813-,---,[],"td B3LYP/6-31g(d,p)",-5.16907447776,-2.31024648959,72,2.2435,-943.154722,2.2036,0.283333333333
/home/ccollins/allmols/H/opt/m06hf/b3lyp/128-12-.log,128-12-,---,[],"td B3LYP/6-31g(d,p)",-6.08038372318,-2.48439934628,55,0.0000,-754.0048698,2.1734,0.166666666667
/home/ccollins/allmols/H/opt/m06hf/b3lyp/1313.log,1313,---,[],"td B3LYP/6-31g(d,p)",-4.98267649833,0.659876058568,35,2.8132,-419.1620685,5.2731,0.0666666666667
/home/ccollins/allmols/H/opt/m06hf/b3lyp/12513-.log,12513-,---,[],"td B3LYP/6-31g(d,p)",-4.98594186439,-0.948860955146,56,2.2229,-990.8337957,3.7386,0.216666666667
/home/ccollins/allmols/H/opt/m06hf/b3lyp/58-5.log,58-5,---,[],"td B3LYP/6-31g(d,p)",-6.21371950409,-2.59514967858,63,1.0279,-1399.9703599,2.1946,0.183333333333
/home/ccollins/allmols/H/opt/m06hf/b3lyp/44-84.log,44-84,---,[],"td B3LYP/6-31g(d,p)",-6.03956664739,-2.51950203146,81,0.4663,-989.5305029,2.0960,0.5
/home/ccollins/allmols/H/opt/m06hf/b3lyp/54-.log,54-,---,[],"td B3LYP/6-31g(d,p)",-5.86813492908,-0.774708098451,42,0.5724,-784.0734221,4.7368,0.1
/home/ccollins/allmols/H/opt/m06hf/b3lyp/55.log,55,---,[],"td B3LYP/6-31g(d,p)",-5.54758482723,-1.11893210426,43,1.0945,-1104.8235985,4.1895,0.0666666666667
/home/ccollins/allmols/H/opt/m06hf/b3lyp/44.log,44,---,[],"td B3LYP/6-31g(d,p)",-6.13997665383,-0.543683449493,41,0.0000,-463.3212803,5.1474,0.0833333333333
/home/ccollins/allmols/H/opt/m06hf/b3lyp/512-48.log,512-48,---,[],"td B3LYP/6-31g(d,p)",-5.44799116231,-2.63542252669,79,2.5298,-1308.0563411,2.1348,0.316666666667
/home/ccollins/allmols/H/opt/m06hf/b3lyp/812-8.log,812-8,---,[],"td B3LYP/6-31g(d,p)",-6.54978009474,-2.94209482278,58,1.6220,-820.2972251,2.1723,0.15
/home/ccollins/allmols/H/opt/m06hf/b3lyp/1212-4.log,1212-4,---,[],"td B3LYP/6-31g(d,p)",-5.1157401654,-0.989950144772,55,0.1912,-689.9394518,3.8738,0.233333333333
/home/ccollins/allmols/H/opt/m06hf/b3lyp/125-124.log,125-124,---,[],"td B3LYP/6-31g(d,p)",-4.97777844923,-1.39975358568,76,0.3253,-1241.7577052,3.3072,0.433333333333
/home/ccollins/allmols/H/opt/m06hf/b3lyp/8412.log,8412,---,[],"td B3LYP/6-31g(d,p)",-5.89697899597,-2.6269869977,58,2.7073,-756.2348358,2.1326,0.216666666667
/home/ccollins/allmols/H/opt/m06hf/b3lyp/54.log,54,---,[],"td B3LYP/6-31g(d,p)",-5.86813492908,-0.77498021229,42,0.5722,-784.0734224,4.7365,0.1
/home/ccollins/allmols/H/opt/m06hf/b3lyp/48-1213.log,48-1213,---,[],"td B3LYP/6-31g(d,p)",-5.3111179015,-2.44630340888,75,0.8823,-965.2313916,2.1430,0.333333333333
/home/ccollins/allmols/H/opt/m06hf/b3lyp/88-13-12.log,88-13-12,---,[],"td B3LYP/6-31g(d,p)",-5.72119345625,-2.97066677583,75,4.4103,-1029.2870217,1.9750,0.266666666667
/home/ccollins/allmols/H/opt/m06hf/b3lyp/813-13.log,813-13,---,[],"td B3LYP/6-31g(d,p)",-5.24717114943,-2.46371869455,55,3.4345,-714.3122484,2.2015,0.183333333333
/home/ccollins/allmols/H/opt/m06hf/b3lyp/1212-5.log,1212-5,---,[],"td B3LYP/6-31g(d,p)",-5.0656712191,-1.10097259091,56,0.7041,-1010.6898735,3.7236,0.166666666667
/home/ccollins/allmols/H/opt/m06hf/b3lyp/813-12-.log,813-12-,---,[],"td B3LYP/6-31g(d,p)",-5.50758409296,-2.52031837297,55,3.1500,-734.1647637,2.1995,0.183333333333
/home/ccollins/allmols/H/opt/m06hf/b3lyp/13124-.log,13124-,---,[],"td B3LYP/6-31g(d,p)",-4.86376275087,-0.860151843767,55,1.0092,-670.0894013,3.7355,0.266666666667
/home/ccollins/allmols/H/opt/m06hf/b3lyp/85-.log,85-,---,[],"td B3LYP/6-31g(d,p)",-6.3527696756,-2.72739700414,42,1.8969,-848.1466958,2.1848,0.0666666666667
/home/ccollins/allmols/H/opt/m06hf/b3lyp/81312.log,81312,---,[],"td B3LYP/6-31g(d,p)",-5.5078562068,-2.52031837297,55,3.1491,-734.1647575,2.1994,0.183333333333
/home/ccollins/allmols/H/opt/m06hf/b3lyp/88-4.log,88-4,---,[],"td B3LYP/6-31g(d,p)",-6.29589788334,-3.13774467272,61,2.2924,-822.5169836,1.9422,0.216666666667
/home/ccollins/allmols/H/opt/m06hf/b3lyp/813-85.log,813-85,---,[],"td B3LYP/6-31g(d,p)",-6.15793616718,-2.80903115571,79,2.3664,-1352.2873558,2.1948,0.266666666667
/home/ccollins/allmols/H/opt/m06hf/b3lyp/812-12-.log,812-12-,---,[],"td B3LYP/6-31g(d,p)",-5.7533028892,-2.56521715634,55,3.2349,-754.0035455,2.1759,0.15
/home/ccollins/allmols/H/opt/m06hf/b3lyp/58-5-.log,58-5-,---,[],"td B3LYP/6-31g(d,p)",-6.21371950409,-2.60140829687,63,0.0001,-1399.9705112,2.1972,0.2
/home/ccollins/allmols/H/opt/m06hf/b3lyp/445-4-.log,445-4-,---,[],"td B3LYP/6-31g(d,p)",-5.47411409081,-1.20900178483,82,0.4645,-1246.2022731,3.8733,0.633333333333
/home/ccollins/allmols/H/opt/m06hf/b3lyp/51313-.log,51313-,---,[],"td B3LYP/6-31g(d,p)",-4.82158510589,-0.536880603528,56,1.6211,-970.9839575,3.8919,0.2
/home/ccollins/allmols/H/opt/m06hf/b3lyp/135-4-8.log,135-4-8,---,[],"td B3LYP/6-31g(d,p)",-5.34622058668,-2.65283781236,79,3.4635,-1288.1975459,2.1339,0.466666666667
/home/ccollins/allmols/H/opt/m06hf/b3lyp/125-413.log,125-413,---,[],"td B3LYP/6-31g(d,p)",-5.07818845567,-1.20492007725,76,1.6310,-1221.8985364,3.5331,0.4
/home/ccollins/allmols/H/opt/m06hf/b3lyp/8131312.log,8131312,---,[],"td B3LYP/6-31g(d,p)",-5.07410674809,-2.53501252026,72,3.0925,-943.1524567,2.0682,0.333333333333
/home/ccollins/allmols/H/opt/m06hf/b3lyp/13812-13.log,13812-13,---,[],"td B3LYP/6-31g(d,p)",-5.15900626573,-2.31568876636,72,3.4146,-943.1544457,2.1970,0.283333333333
/home/ccollins/allmols/H/opt/m06hf/b3lyp/1284-13.log,1284-13,---,[],"td B3LYP/6-31g(d,p)",-5.44989595918,-2.452834141,75,1.1374,-965.2227839,2.1357,0.333333333333
/home/ccollins/allmols/H/opt/m06hf/b3lyp/1212-413.log,1212-413,---,[],"td B3LYP/6-31g(d,p)",-4.8259389273,-1.10859177839,72,1.3861,-898.9254779,3.4598,0.416666666667
/home/ccollins/allmols/H/opt/m06hf/b3lyp/812-13-.log,812-13-,---,[],"td B3LYP/6-31g(d,p)",-5.44445368241,-2.56467292866,55,1.8693,-734.1594894,2.1835,0.166666666667
/home/ccollins/allmols/H/opt/m06hf/b3lyp/584-8-.log,584-8-,---,[],"td B3LYP/6-31g(d,p)",-6.33426593458,-2.83406562886,82,2.3310,-1374.3540416,2.1325,0.35
/home/ccollins/allmols/H/opt/m06hf/b3lyp/4412-.log,4412-,---,[],"td B3LYP/6-31g(d,p)",-5.4564266913,-0.960017622528,58,0.5202,-692.1607068,4.2124,0.316666666667
/home/ccollins/allmols/H/opt/m06hf/b3lyp/854-.log,854-,---,[],"td B3LYP/6-31g(d,p)",-6.07031551115,-2.66481082126,62,2.6549,-1079.2117697,2.1875,0.216666666667
/home/ccollins/allmols/H/opt/m06hf/b3lyp/84-13-.log,84-13-,---,[],"td B3LYP/6-31g(d,p)",-5.58513653696,-2.61637455799,58,2.5971,-736.3818792,2.1326,0.233333333333
/home/ccollins/allmols/H/opt/m06hf/b3lyp/121254-.log,121254-,---,[],"td B3LYP/6-31g(d,p)",-4.97532942469,-1.2454650392,76,0.8600,-1241.7517876,3.4338,0.416666666667
/home/ccollins/allmols/H/opt/m06hf/b3lyp/8128-.log,8128-,---,[],"td B3LYP/6-31g(d,p)",-6.5495079809,-2.94209482278,58,1.6209,-820.29722,2.1723,0.15
/home/ccollins/allmols/H/opt/m06hf/b3lyp/812-124-.log,812-124-,---,[],"td B3LYP/6-31g(d,p)",-5.47547466001,-2.59406122323,75,2.9603,-985.0780797,2.1782,0.3
/home/ccollins/allmols/H/opt/m06hf/b3lyp/1244.log,1244,---,[],"td B3LYP/6-31g(d,p)",-5.4564266913,-0.960017622528,58,0.5202,-692.1607068,4.2124,0.3
/home/ccollins/allmols/H/opt/m06hf/b3lyp/128-512-.log,128-512-,---,[],"td B3LYP/6-31g(d,p)",-5.60037491192,-2.49528389982,76,0.6143,-1305.8275053,2.1922,0.266666666667
/home/ccollins/allmols/H/opt/m06hf/b3lyp/8413-8.log,8413-8,---,[],"td B3LYP/6-31g(d,p)",-6.01779754031,-2.81610611552,78,0.5819,-1031.5268065,2.1347,0.483333333333
/home/ccollins/allmols/H/opt/m06hf/b3lyp/41313-5-.log,41313-5-,---,[],"td B3LYP/6-31g(d,p)",-4.75627778463,-0.667495246049,76,1.2928,-1202.0517202,3.6784,0.433333333333
/home/ccollins/allmols/H/opt/m06hf/b3lyp/13812-13-.log,13812-13-,---,[],"td B3LYP/6-31g(d,p)",-5.16363220099,-2.38752681974,72,0.8575,-943.1581886,2.2038,0.3
/home/ccollins/allmols/H/opt/m06hf/b3lyp/124-5.log,124-5,---,[],"td B3LYP/6-31g(d,p)",-5.40662985884,-1.10532641233,59,0.9638,-1012.9128143,4.0212,0.216666666667
/home/ccollins/allmols/H/opt/m06hf/b3lyp/81212-13-.log,81212-13-,---,[],"td B3LYP/6-31g(d,p)",-5.12145455601,-2.56793829473,72,3.0586,-963.0000055,2.1165,0.283333333333
/home/ccollins/allmols/H/opt/m06hf/b3lyp/48-13.log,48-13,---,[],"td B3LYP/6-31g(d,p)",-5.88691078395,-2.45854853161,58,1.6105,-736.3940171,2.1556,0.233333333333
/home/ccollins/allmols/H/opt/m06hf/b3lyp/12125.log,12125,---,[],"td B3LYP/6-31g(d,p)",-5.02430991563,-1.07212852402,56,1.0510,-1010.6868175,3.7338,0.233333333333
/home/ccollins/allmols/H/opt/m06hf/b3lyp/512-12.log,512-12,---,[],"td B3LYP/6-31g(d,p)",-5.0656712191,-1.10124470475,56,0.7042,-1010.6898756,3.7235,0.166666666667
/home/ccollins/allmols/H/opt/m06hf/b3lyp/138-5-4.log,138-5-4,---,[],"td B3LYP/6-31g(d,p)",-5.66595434702,-2.45201779949,79,1.8631,-1288.2108886,2.2071,0.366666666667
/home/ccollins/allmols/H/opt/m06hf/b3lyp/1244-12-.log,1244-12-,---,[],"td B3LYP/6-31g(d,p)",-5.29451895735,-1.12301381184,75,0.2887,-920.9998902,3.8390,0.45
/home/ccollins/allmols/H/opt/m06hf/b3lyp/54812.log,54812,---,[],"td B3LYP/6-31g(d,p)",-5.92174135528,-2.51297129933,79,1.0756,-1308.0517523,2.1363,0.333333333333
/home/ccollins/allmols/H/opt/m06hf/b3lyp/545.log,545,---,[],"td B3LYP/6-31g(d,p)",-5.63520548325,-1.15457901712,63,1.1150,-1335.8890757,4.1206,0.25
/home/ccollins/allmols/H/opt/m06hf/b3lyp/1384-5-.log,1384-5-,---,[],"td B3LYP/6-31g(d,p)",-5.74214622182,-2.46535137758,79,2.0217,-1288.2099309,2.1590,0.383333333333
/home/ccollins/allmols/H/opt/m06hf/b3lyp/58-4-.log,58-4-,---,[],"td B3LYP/6-31g(d,p)",-6.14269779222,-2.57038731927,62,0.5958,-1079.2186686,2.1445,0.25
/home/ccollins/allmols/H/opt/m06hf/b3lyp/1213-.log,1213-,---,[],"td B3LYP/6-31g(d,p)",-4.99492162106,-0.0726543949022,35,2.0267,-439.0163053,4.7519,0.0666666666667
/home/ccollins/allmols/H/opt/m06hf/b3lyp/121312.log,121312,---,[],"td B3LYP/6-31g(d,p)",-4.71246745661,-0.545044018686,52,0.8691,-667.8611237,3.9786,0.216666666667
/home/ccollins/allmols/H/opt/m06hf/b3lyp/5124-8.log,5124-8,---,[],"td B3LYP/6-31g(d,p)",-5.43166433199,-2.61909569638,79,3.3300,-1308.0562286,2.1357,0.3
/home/ccollins/allmols/H/opt/m06hf/b3lyp/485-.log,485-,---,[],"td B3LYP/6-31g(d,p)",-6.14269779222,-2.57038731927,62,0.5958,-1079.2186685,2.1445,0.216666666667
/home/ccollins/allmols/H/opt/m06hf/b3lyp/513-13.log,513-13,---,[],"td B3LYP/6-31g(d,p)",-4.82267356124,-0.537696945044,56,1.1455,-970.9840588,3.9015,0.216666666667
/home/ccollins/allmols/H/opt/m06hf/b3lyp/413-12.log,413-12,---,[],"td B3LYP/6-31g(d,p)",-4.92362779536,-0.60191581095,55,1.7467,-670.0841226,3.9893,0.266666666667
/home/ccollins/allmols/H/opt/m06hf/b3lyp/124-85.log,124-85,---,[],"td B3LYP/6-31g(d,p)",-5.73643183121,-2.51623666539,79,1.1854,-1308.0586219,2.1463,0.333333333333
/home/ccollins/allmols/H/opt/m06hf/b3lyp/45-413-.log,45-413-,---,[],"td B3LYP/6-31g(d,p)",-5.1658091117,-1.15076942338,79,1.1279,-1224.1245703,3.6458,0.55
/home/ccollins/allmols/H/opt/m06hf/b3lyp/1385-.log,1385-,---,[],"td B3LYP/6-31g(d,p)",-5.81507273056,-2.49256276144,59,2.0887,-1057.1457874,2.2080,0.166666666667
/home/ccollins/allmols/H/opt/m06hf/b3lyp/854-8.log,854-8,---,[],"td B3LYP/6-31g(d,p)",-6.40120593887,-2.84195693018,82,1.2724,-1374.3482083,2.1345,0.35
/home/ccollins/allmols/H/opt/m06hf/b3lyp/1385-13-.log,1385-13-,---,[],"td B3LYP/6-31g(d,p)",-5.22050399325,-2.40984015451,76,0.5256,-1266.1340079,2.2130,0.3
/home/ccollins/allmols/H/opt/m06hf/b3lyp/85124.log,85124,---,[],"td B3LYP/6-31g(d,p)",-5.48527075819,-2.61419764729,79,3.2353,-1308.0575466,2.1871,0.3
/home/ccollins/allmols/H/opt/m06hf/b3lyp/1312-12-.log,1312-12-,---,[],"td B3LYP/6-31g(d,p)",-4.74403266189,-0.623140690359,52,2.1393,-667.8559248,3.8904,0.216666666667
/home/ccollins/allmols/H/opt/m06hf/b3lyp/55-4.log,55-4,---,[],"td B3LYP/6-31g(d,p)",-5.46241319575,-1.20954601251,63,0.4146,-1335.8902835,3.9127,0.25
/home/ccollins/allmols/H/opt/m06hf/b3lyp/1348.log,1348,---,[],"td B3LYP/6-31g(d,p)",-5.53670027369,-2.57365268534,58,2.9317,-736.3820613,2.1343,0.233333333333
/home/ccollins/allmols/H/opt/m06hf/b3lyp/1212.log,1212,---,[],"td B3LYP/6-31g(d,p)",-5.32200245504,-0.448171492149,35,0.8369,-458.8656049,4.7428,0.05
/home/ccollins/allmols/H/opt/m06hf/b3lyp/84-13-4.log,84-13-4,---,[],"td B3LYP/6-31g(d,p)",-5.35547245719,-2.62100049325,78,2.6371,-967.4499614,2.1320,0.45
/home/ccollins/allmols/H/opt/m06hf/b3lyp/813-.log,813-,---,[],"td B3LYP/6-31g(d,p)",-6.15902462253,-2.58127187282,38,2.3035,-505.3225153,2.1966,0.0666666666667
/home/ccollins/allmols/H/opt/m06hf/b3lyp/1213-8.log,1213-8,---,[],"td B3LYP/6-31g(d,p)",-5.52255035408,-2.56222390412,55,2.9543,-734.1631265,2.2006,0.183333333333
/home/ccollins/allmols/H/opt/m06hf/b3lyp/8513-.log,8513-,---,[],"td B3LYP/6-31g(d,p)",-5.6030960503,-2.60521789061,59,3.5662,-1057.1344821,2.1861,0.15
/home/ccollins/allmols/H/opt/m06hf/b3lyp/555-5-.log,555-5-,---,[],"td B3LYP/6-31g(d,p)",-5.37696945044,-1.42043423741,85,1.1610,-2208.4561187,3.5496,0.4
/home/ccollins/allmols/H/opt/m06hf/b3lyp/813-1313.log,813-1313,---,[],"td B3LYP/6-31g(d,p)",-5.04689536423,-2.50807325024,72,3.0470,-923.2984545,2.0759,0.366666666667
/home/ccollins/allmols/H/opt/m06hf/b3lyp/5138-12-.log,5138-12-,---,[],"td B3LYP/6-31g(d,p)",-5.37152717367,-2.4337861723,76,1.9368,-1285.9816846,2.1990,0.283333333333
/home/ccollins/allmols/H/opt/m06hf/b3lyp/4135.log,4135,---,[],"td B3LYP/6-31g(d,p)",-5.09642008286,-0.685182645557,59,1.0529,-993.0623607,4.0164,0.283333333333
/home/ccollins/allmols/H/opt/m06hf/b3lyp/1255.log,1255,---,[],"td B3LYP/6-31g(d,p)",-5.12363146672,-1.37471911253,60,1.2881,-1333.6628297,3.5381,0.166666666667
/home/ccollins/allmols/H/opt/m06hf/b3lyp/844-.log,844-,---,[],"td B3LYP/6-31g(d,p)",-6.23630495269,-2.66644350429,61,2.0817,-758.4586054,2.1331,0.316666666667
/home/ccollins/allmols/H/opt/m06hf/b3lyp/1213-13.log,1213-13,---,[],"td B3LYP/6-31g(d,p)",-4.71273957045,-0.22884773825,52,1.2367,-648.005355,4.1865,0.266666666667
/home/ccollins/allmols/H/opt/m06hf/b3lyp/84-55-.log,84-55-,---,[],"td B3LYP/6-31g(d,p)",-5.69153304784,-2.69637602654,83,2.2278,-1631.0274883,2.1343,0.333333333333
/home/ccollins/allmols/H/opt/m06hf/b3lyp/125-13-.log,125-13-,---,[],"td B3LYP/6-31g(d,p)",-5.00526194693,-0.984779981839,56,1.5389,-990.8341484,3.7267,0.166666666667
/home/ccollins/allmols/H/opt/m06hf/b3lyp/488.log,488,---,[],"td B3LYP/6-31g(d,p)",-6.29589788334,-3.13774467272,61,2.2924,-822.5169833,1.9422,0.216666666667
/home/ccollins/allmols/H/opt/m06hf/b3lyp/54-8-.log,54-8-,---,[],"td B3LYP/6-31g(d,p)",-6.0333080291,-2.66236179671,62,2.4288,-1079.2106889,2.1347,0.2
/home/ccollins/allmols/H/opt/m06hf/b3lyp/85-13-.log,85-13-,---,[],"td B3LYP/6-31g(d,p)",-5.60146336727,-2.63161293295,59,2.3628,-1057.1349554,2.1892,0.166666666667
/home/ccollins/allmols/H/opt/m06hf/b3lyp/55-8-.log,55-8-,---,[],"td B3LYP/6-31g(d,p)",-5.91357794013,-2.67406269177,63,2.5341,-1399.9640401,2.1863,0.15
/home/ccollins/allmols/H/opt/m06hf/b3lyp/4554-.log,4554-,---,[],"td B3LYP/6-31g(d,p)",-5.39547319146,-1.26641780477,83,0.7774,-1566.9539646,3.7126,0.533333333333
/home/ccollins/allmols/H/opt/m06hf/b3lyp/5135-.log,5135-,---,[],"td B3LYP/6-31g(d,p)",-5.0656712191,-0.843280785775,60,1.4536,-1313.8142368,3.8593,0.183333333333
/home/ccollins/allmols/H/opt/m06hf/b3lyp/131355-.log,131355-,---,[],"td B3LYP/6-31g(d,p)",-4.85287819732,-1.13988486983,77,2.2044,-1522.7986696,3.3392,0.35
/home/ccollins/allmols/H/opt/m06hf/b3lyp/4812-.log,4812-,---,[],"td B3LYP/6-31g(d,p)",-6.07602990176,-2.51161073014,58,0.8157,-756.2358142,2.1325,0.216666666667
/home/ccollins/allmols/H/opt/m06hf/b3lyp/12135-.log,12135-,---,[],"td B3LYP/6-31g(d,p)",-4.80498616173,-0.836205825971,56,1.7305,-990.8378556,3.7367,0.2
/home/ccollins/allmols/H/opt/m06hf/b3lyp/48-4.log,48-4,---,[],"td B3LYP/6-31g(d,p)",-6.05834250225,-2.53963845551,61,0.0000,-758.4668549,2.0934,0.3
/home/ccollins/allmols/H/opt/m06hf/b3lyp/48-88.log,48-88,---,[],"td B3LYP/6-31g(d,p)",-6.36664748137,-3.52577900654,81,2.6431,-1117.6378283,1.8523,0.35
/home/ccollins/allmols/H/opt/m06hf/b3lyp/41213.log,41213,---,[],"td B3LYP/6-31g(d,p)",-4.86376275087,-0.860151843767,55,1.0092,-670.0894014,3.7355,0.25
/home/ccollins/allmols/H/opt/m06hf/b3lyp/1285.log,1285,---,[],"td B3LYP/6-31g(d,p)",-6.14677949979,-2.54099902471,59,1.0963,-1076.9876637,2.1856,0.166666666667
/home/ccollins/allmols/H/opt/m06hf/b3lyp/125128.log,125128,---,[],"td B3LYP/6-31g(d,p)",-5.36880603528,-2.55106723673,76,3.7390,-1305.8246353,2.1778,0.25
/home/ccollins/allmols/H/opt/m06hf/b3lyp/13513-.log,13513-,---,[],"td B3LYP/6-31g(d,p)",-4.90974998959,-0.656882806344,56,0.9535,-970.9814052,3.8865,0.183333333333
/home/ccollins/allmols/H/opt/m06hf/b3lyp/84-5-.log,84-5-,---,[],"td B3LYP/6-31g(d,p)",-6.03303591527,-2.66236179671,62,2.4289,-1079.210689,2.1347,0.216666666667
/home/ccollins/allmols/H/opt/m06hf/b3lyp/135-4.log,135-4,---,[],"td B3LYP/6-31g(d,p)",-5.13614870329,-0.897431439653,59,1.9709,-993.0599913,3.8662,0.266666666667
/home/ccollins/allmols/H/opt/m06hf/b3lyp/58.log,58,---,[],"td B3LYP/6-31g(d,p)",-6.35195333409,-2.72658066262,42,1.8971,-848.1466944,2.1846,0.0666666666667
/home/ccollins/allmols/H/opt/m06hf/b3lyp/813138.log,813138,---,[],"td B3LYP/6-31g(d,p)",-5.79956224176,-2.74807765587,75,0.3291,-1009.4548072,2.1991,0.316666666667
/home/ccollins/allmols/H/opt/m06hf/b3lyp/1312-13-.log,1312-13-,---,[],"td B3LYP/6-31g(d,p)",-4.58511818016,-0.418783197582,52,1.7374,-648.0088075,3.9269,0.233333333333
/home/ccollins/allmols/H/opt/m06hf/b3lyp/1212-1212-.log,1212-1212-,---,[],"td B3LYP/6-31g(d,p)",-4.83627925317,-1.10777543688,69,0.0001,-916.5534626,3.4691,0.35
/home/ccollins/allmols/H/opt/m06hf/b3lyp/13413.log,13413,---,[],"td B3LYP/6-31g(d,p)",-5.00390137774,-0.542867107977,55,3.1033,-650.2291755,4.1077,0.283333333333
/home/ccollins/allmols/H/opt/m06hf/b3lyp/13512-4-.log,13512-4-,---,[],"td B3LYP/6-31g(d,p)",-4.92526047839,-1.23349203031,76,1.3858,-1221.9051375,3.3708,0.45
/home/ccollins/allmols/H/opt/m06hf/b3lyp/44-12.log,44-12,---,[],"td B3LYP/6-31g(d,p)",-5.4564266913,-0.960017622528,58,0.5202,-692.1607068,4.2124,0.316666666667
/home/ccollins/allmols/H/opt/m06hf/b3lyp/4513-.log,4513-,---,[],"td B3LYP/6-31g(d,p)",-5.13587658945,-0.897431439653,59,1.9708,-993.0599949,3.8660,0.233333333333
/home/ccollins/allmols/H/opt/m06hf/b3lyp/813-12.log,813-12,---,[],"td B3LYP/6-31g(d,p)",-5.52282246792,-2.56222390412,55,2.9536,-734.1631204,2.2005,0.183333333333
/home/ccollins/allmols/H/opt/m06hf/b3lyp/12138-.log,12138-,---,[],"td B3LYP/6-31g(d,p)",-5.50758409296,-2.52031837297,55,3.1502,-734.1647652,2.1995,0.183333333333
/home/ccollins/allmols/H/opt/m06hf/b3lyp/125-8.log,125-8,---,[],"td B3LYP/6-31g(d,p)",-5.81262370601,-2.65501472307,59,2.7721,-1076.9865226,2.1873,0.15
/home/ccollins/allmols/H/opt/m06hf/b3lyp/131312-.log,131312-,---,[],"td B3LYP/6-31g(d,p)",-4.78158437161,-0.238643836439,52,2.7974,-648.0027402,4.2329,0.216666666667
/home/ccollins/allmols/H/opt/m06hf/b3lyp/54-4.log,54-4,---,[],"td B3LYP/6-31g(d,p)",-5.71330215493,-1.02423648843,62,0.5669,-1015.1370716,4.3121,0.333333333333
/home/ccollins/allmols/H/opt/m06hf/b3lyp/5513-4-.log,5513-4-,---,[],"td B3LYP/6-31g(d,p)",-5.0142417036,-1.10151681859,80,2.2420,-1544.878662,3.5269,0.4
/home/ccollins/allmols/H/opt/m06hf/b3lyp/81312-13-.log,81312-13-,---,[],"td B3LYP/6-31g(d,p)",-4.991656255,-2.55759796886,72,2.1622,-943.1560057,1.9772,0.316666666667
/home/ccollins/allmols/H/opt/m06hf/b3lyp/134-12-.log,134-12-,---,[],"td B3LYP/6-31g(d,p)",-5.07437886193,-0.839471192034,55,1.9633,-670.0830123,3.9425,0.233333333333
/home/ccollins/allmols/H/opt/m06hf/b3lyp/58-55.log,58-55,---,[],"td B3LYP/6-31g(d,p)",-5.70024069068,-2.55514894431,84,1.5215,-1951.7862015,2.2000,0.3
/home/ccollins/allmols/H/opt/m06hf/b3lyp/85-13.log,85-13,---,[],"td B3LYP/6-31g(d,p)",-5.6030960503,-2.60521789061,59,3.5658,-1057.1344789,2.1861,0.166666666667
/home/ccollins/allmols/H/opt/m06hf/b3lyp/8454-.log,8454-,---,[],"td B3LYP/6-31g(d,p)",-5.79901801408,-2.67814439935,82,2.5306,-1310.2758181,2.1333,0.416666666667
/home/ccollins/allmols/H/opt/m06hf/b3lyp/138-12.log,138-12,---,[],"td B3LYP/6-31g(d,p)",-5.76663646729,-2.42861600937,55,1.0518,-734.1631144,2.1993,0.15
/home/ccollins/allmols/H/opt/m06hf/b3lyp/125-84-.log,125-84-,---,[],"td B3LYP/6-31g(d,p)",-5.65887938721,-2.52385585288,79,1.1937,-1308.0584547,2.1501,0.333333333333
/home/ccollins/allmols/H/opt/m06hf/b3lyp/412-12-13.log,412-12-13,---,[],"td B3LYP/6-31g(d,p)",-4.68307916205,-1.00301160902,72,2.3463,-898.9273138,3.3707,0.366666666667
/home/ccollins/allmols/H/opt/m06hf/b3lyp/58-8-13-.log,58-8-13-,---,[],"td B3LYP/6-31g(d,p)",-6.05643770538,-2.85039245918,79,2.1224,-1352.2711132,1.9844,0.266666666667
/home/ccollins/allmols/H/opt/m06hf/b3lyp/1213-4-5.log,1213-4-5,---,[],"td B3LYP/6-31g(d,p)",-4.91492015252,-1.03430470046,76,1.8683,-1221.8998335,3.5277,0.466666666667
/home/ccollins/allmols/H/opt/m06hf/b3lyp/4124-.log,4124-,---,[],"td B3LYP/6-31g(d,p)",-5.2610489552,-1.07158429635,58,0.4243,-692.1678243,3.9081,0.3
/home/ccollins/allmols/H/opt/m06hf/b3lyp/84-4-.log,84-4-,---,[],"td B3LYP/6-31g(d,p)",-6.23467226966,-2.66535504894,61,2.0817,-758.4585959,2.1327,0.283333333333
/home/ccollins/allmols/H/opt/m06hf/b3lyp/458.log,458,---,[],"td B3LYP/6-31g(d,p)",-6.2074608858,-2.65746374762,62,2.6567,-1079.2120492,2.1862,0.2
/home/ccollins/allmols/H/opt/m06hf/b3lyp/88-84-.log,88-84-,---,[],"td B3LYP/6-31g(d,p)",-6.36637536753,-3.52577900654,81,2.6425,-1117.6378083,1.8522,0.35
/home/ccollins/allmols/H/opt/m06hf/b3lyp/51312-.log,51312-,---,[],"td B3LYP/6-31g(d,p)",-4.93886617032,-0.718924761541,56,1.4375,-990.8353029,3.8749,0.183333333333
/home/ccollins/allmols/H/opt/m06hf/b3lyp/41312.log,41312,---,[],"td B3LYP/6-31g(d,p)",-4.8689329138,-0.599738900241,55,1.1492,-670.0864788,3.9673,0.266666666667
/home/ccollins/allmols/H/opt/m06hf/b3lyp/5125-.log,5125-,---,[],"td B3LYP/6-31g(d,p)",-5.10839309175,-1.24709772223,60,0.4742,-1333.6686996,3.6208,0.166666666667
/home/ccollins/allmols/H/opt/m06hf/b3lyp/812-4-13-.log,812-4-13-,---,[],"td B3LYP/6-31g(d,p)",-5.34486001748,-2.58208821433,75,2.2082,-965.2221983,2.1782,0.366666666667
/home/ccollins/allmols/H/opt/m06hf/b3lyp/1212-.log,1212-,---,[],"td B3LYP/6-31g(d,p)",-5.33343123626,-0.444906126086,35,0.0000,-458.868434,4.7488,0.05
/home/ccollins/allmols/H/opt/m06hf/b3lyp/5812-5-.log,5812-5-,---,[],"td B3LYP/6-31g(d,p)",-5.62377670203,-2.49555601366,80,1.2926,-1628.8091844,2.1882,0.266666666667
/home/ccollins/allmols/H/opt/m06hf/b3lyp/544.log,544,---,[],"td B3LYP/6-31g(d,p)",-5.71330215493,-1.02423648843,62,0.5669,-1015.1370714,4.3121,0.316666666667
/home/ccollins/allmols/H/opt/m06hf/b3lyp/548-12.log,548-12,---,[],"td B3LYP/6-31g(d,p)",-5.92201346912,-2.51324341317,79,1.0757,-1308.0517515,2.1362,0.333333333333
/home/ccollins/allmols/H/opt/m06hf/b3lyp/412-5-8-.log,412-5-8-,---,[],"td B3LYP/6-31g(d,p)",-5.48527075819,-2.61392553345,79,3.2347,-1308.0575406,2.1871,0.3
/home/ccollins/allmols/H/opt/m06hf/b3lyp/5412-12-.log,5412-12-,---,[],"td B3LYP/6-31g(d,p)",-5.09968544892,-1.2348525995,76,0.9715,-1241.7524543,3.5649,0.383333333333
/home/ccollins/allmols/H/opt/m06hf/b3lyp/1212-13-8.log,1212-13-8,---,[],"td B3LYP/6-31g(d,p)",-5.20009545536,-2.52957024349,72,3.0181,-963.0072523,2.1596,0.283333333333
/home/ccollins/allmols/H/opt/m06hf/b3lyp/813-8.log,813-8,---,[],"td B3LYP/6-31g(d,p)",-6.53943976887,-2.91461132508,58,0.2873,-800.463232,2.1944,0.166666666667
/home/ccollins/allmols/H/opt/m06hf/b3lyp/512-12-.log,512-12-,---,[],"td B3LYP/6-31g(d,p)",-5.04090885979,-1.07539389009,56,0.6655,-1010.6871795,3.7371,0.166666666667
/home/ccollins/allmols/H/opt/m06hf/b3lyp/44-4.log,44-4,---,[],"td B3LYP/6-31g(d,p)",-5.86350899383,-0.850899973255,61,0.0000,-694.3848858,4.6094,0.366666666667
/home/ccollins/allmols/H/opt/m06hf/b3lyp/88.log,88,---,[],"td B3LYP/6-31g(d,p)",-6.56637903889,-3.37638850916,41,0.0004,-591.4429296,1.9596,0.05
/home/ccollins/allmols/H/opt/m06hf/b3lyp/8134-.log,8134-,---,[],"td B3LYP/6-31g(d,p)",-5.78595654983,-2.54725764299,58,2.8171,-736.3902244,2.1983,0.233333333333
/home/ccollins/allmols/H/opt/m06hf/b3lyp/512.log,512,---,[],"td B3LYP/6-31g(d,p)",-5.42458937219,-0.832940459908,39,0.9468,-781.8472493,4.4056,0.0666666666667
/home/ccollins/allmols/H/opt/m06hf/b3lyp/55-8-4-.log,55-8-4-,---,[],"td B3LYP/6-31g(d,p)",-5.75112597849,-2.54317593541,83,0.9234,-1631.0360512,2.1493,0.35
/home/ccollins/allmols/H/opt/m06hf/b3lyp/138-13.log,138-13,---,[],"td B3LYP/6-31g(d,p)",-5.53234645227,-2.38453356752,55,3.1205,-714.32047,2.2156,0.166666666667
/home/ccollins/allmols/H/opt/m06hf/b3lyp/545-8-.log,545-8-,---,[],"td B3LYP/6-31g(d,p)",-5.90133281739,-2.66780407349,83,2.5992,-1631.0275823,2.1841,0.35
/home/ccollins/allmols/H/opt/m06hf/b3lyp/485.log,485,---,[],"td B3LYP/6-31g(d,p)",-6.14269779222,-2.57038731927,62,0.5958,-1079.2186686,2.1445,0.216666666667
/home/ccollins/allmols/H/opt/m06hf/b3lyp/1313-12-13-.log,1313-12-13-,---,[],"td B3LYP/6-31g(d,p)",-4.37722320748,-0.60382060782,69,1.8110,-856.9987483,3.4897,0.4
/home/ccollins/allmols/H/opt/m06hf/b3lyp/134-8.log,134-8,---,[],"td B3LYP/6-31g(d,p)",-5.53670027369,-2.57365268534,58,2.9317,-736.3820613,2.1343,0.233333333333
/home/ccollins/allmols/H/opt/m06hf/b3lyp/54-5-13.log,54-5-13,---,[],"td B3LYP/6-31g(d,p)",-5.11247479933,-1.20818544332,80,1.5583,-1544.8760112,3.5395,0.433333333333
/home/ccollins/allmols/H/opt/m06hf/b3lyp/1244-.log,1244-,---,[],"td B3LYP/6-31g(d,p)",-5.4564266913,-0.960017622528,58,0.5202,-692.1607068,4.2124,0.316666666667
/home/ccollins/allmols/H/opt/m06hf/b3lyp/128-13.log,128-13,---,[],"td B3LYP/6-31g(d,p)",-5.76663646729,-2.42861600937,55,1.0518,-734.1631145,2.1993,0.15
/home/ccollins/allmols/H/opt/m06hf/b3lyp/134-13-.log,134-13-,---,[],"td B3LYP/6-31g(d,p)",-4.9775063354,-0.539873855752,55,2.0207,-650.2293105,4.0843,0.233333333333
/home/ccollins/allmols/H/opt/m06hf/b3lyp/12128-13-.log,12128-13-,---,[],"td B3LYP/6-31g(d,p)",-5.39166359772,-2.37201633094,72,2.0699,-963.0025192,2.1955,0.266666666667
/home/ccollins/allmols/H/opt/m06hf/b3lyp/1212134.log,1212134,---,[],"td B3LYP/6-31g(d,p)",-4.69369160175,-0.8653220067,72,1.3173,-898.9267625,3.5232,0.383333333333
/home/ccollins/allmols/H/opt/m06hf/b3lyp/135-5-.log,135-5-,---,[],"td B3LYP/6-31g(d,p)",-5.13941406935,-0.993215510835,60,2.4978,-1313.8105407,3.7795,0.2
/home/ccollins/allmols/H/opt/m06hf/b3lyp/128-5-.log,128-5-,---,[],"td B3LYP/6-31g(d,p)",-6.14569104444,-2.54480861845,59,0.3072,-1076.9876865,2.1848,0.166666666667
/home/ccollins/allmols/H/opt/m06hf/b3lyp/45-.log,45-,---,[],"td B3LYP/6-31g(d,p)",-5.86813492908,-0.77498021229,42,0.5721,-784.0734223,4.7365,0.1
/home/ccollins/allmols/H/opt/m06hf/b3lyp/88-48-.log,88-48-,---,[],"td B3LYP/6-31g(d,p)",-6.45535659275,-3.30645525265,81,0.6953,-1117.651322,1.9446,0.316666666667
/home/ccollins/allmols/H/opt/m06hf/b3lyp/88-8.log,88-8,---,[],"td B3LYP/6-31g(d,p)",-6.59903269952,-3.71190487214,61,0.0003,-886.5633608,1.8527,0.15
/home/ccollins/allmols/H/opt/m06hf/b3lyp/1212128-.log,1212128-,---,[],"td B3LYP/6-31g(d,p)",-5.29261416048,-2.51569243772,72,3.5927,-982.8430255,2.1741,0.25
/home/ccollins/allmols/H/opt/m06hf/b3lyp/558-4-.log,558-4-,---,[],"td B3LYP/6-31g(d,p)",-5.91085680174,-2.54916243986,83,1.2828,-1631.0342888,2.1457,0.366666666667
/home/ccollins/allmols/H/opt/m06hf/b3lyp/512-124-.log,512-124-,---,[],"td B3LYP/6-31g(d,p)",-4.94485267477,-1.28737057035,76,0.5843,-1241.7609956,3.3669,0.35
/home/ccollins/allmols/H/opt/m06hf/b3lyp/1213-4.log,1213-4,---,[],"td B3LYP/6-31g(d,p)",-4.92389990919,-0.601643697111,55,1.7472,-670.0841167,3.9897,0.266666666667
/home/ccollins/allmols/H/opt/m06hf/b3lyp/135-58.log,135-58,---,[],"td B3LYP/6-31g(d,p)",-5.39438473611,-2.64984456014,80,3.6451,-1608.9506004,2.1865,0.316666666667
/home/ccollins/allmols/H/opt/m06hf/b3lyp/124-8-.log,124-8-,---,[],"td B3LYP/6-31g(d,p)",-5.89616265446,-2.62807545305,58,2.7102,-756.2348605,2.1331,0.2
/home/ccollins/allmols/H/opt/m06hf/b3lyp/1354.log,1354,---,[],"td B3LYP/6-31g(d,p)",-5.14703325683,-0.918656319063,59,1.3166,-993.0599765,3.8453,0.266666666667
/home/ccollins/allmols/H/opt/m06hf/b3lyp/121312-.log,121312-,---,[],"td B3LYP/6-31g(d,p)",-4.73831827128,-0.565180442741,52,1.5819,-667.8593273,3.9775,0.216666666667
/home/ccollins/allmols/H/opt/m06hf/b3lyp/4445-.log,4445-,---,[],"td B3LYP/6-31g(d,p)",-5.65534190731,-1.08791112666,82,0.5951,-1246.2002203,4.1545,0.65
/home/ccollins/allmols/H/opt/m06hf/b3lyp/135-5-13.log,135-5-13,---,[],"td B3LYP/6-31g(d,p)",-4.97043137559,-1.04464502633,77,3.5792,-1522.7968631,3.5170,0.35
/home/ccollins/allmols/H/opt/m06hf/b3lyp/84-12-.log,84-12-,---,[],"td B3LYP/6-31g(d,p)",-5.89697899597,-2.6269869977,58,2.7073,-756.2348358,2.1326,0.216666666667
/home/ccollins/allmols/H/opt/m06hf/b3lyp/5412-12.log,5412-12,---,[],"td B3LYP/6-31g(d,p)",-5.0798211387,-1.27430910609,76,0.7539,-1241.7554534,3.5120,0.383333333333
/home/ccollins/allmols/H/opt/m06hf/b3lyp/558-5-.log,558-5-,---,[],"td B3LYP/6-31g(d,p)",-5.69915223532,-2.55514894431,84,1.1217,-1951.7863246,2.1980,0.283333333333
/home/ccollins/allmols/H/opt/m06hf/b3lyp/8135-4.log,8135-4,---,[],"td B3LYP/6-31g(d,p)",-5.56064629148,-2.57773439291,79,3.1217,-1288.2061105,2.1992,0.35
/home/ccollins/allmols/H/opt/m06hf/b3lyp/131312-5.log,131312-5,---,[],"td B3LYP/6-31g(d,p)",-4.70756940752,-0.966548354654,73,2.1685,-1199.8243155,3.4250,0.316666666667
/home/ccollins/allmols/H/opt/m06hf/b3lyp/124-13-.log,124-13-,---,[],"td B3LYP/6-31g(d,p)",-5.07437886193,-0.839471192034,55,1.9630,-670.0830107,3.9426,0.266666666667
/home/ccollins/allmols/H/opt/m06hf/b3lyp/12413.log,12413,---,[],"td B3LYP/6-31g(d,p)",-5.07165772355,-0.84028753355,55,1.3997,-670.0831808,3.9433,0.266666666667
/home/ccollins/allmols/H/opt/m06hf/b3lyp/45-12.log,45-12,---,[],"td B3LYP/6-31g(d,p)",-5.27002871187,-1.15947706621,59,0.1161,-1012.9126754,3.8236,0.25
/home/ccollins/allmols/H/opt/m06hf/b3lyp/55-.log,55-,---,[],"td B3LYP/6-31g(d,p)",-5.56227897451,-1.11702730739,43,0.0004,-1104.8250485,4.1949,0.0666666666667
/home/ccollins/allmols/H/opt/m06hf/b3lyp/81313-.log,81313-,---,[],"td B3LYP/6-31g(d,p)",-5.37288774286,-2.49555601366,55,3.1865,-714.3118542,2.1986,0.2
/home/ccollins/allmols/H/opt/m06hf/b3lyp/131313-.log,131313-,---,[],"td B3LYP/6-31g(d,p)",-4.67301095002,0.226398713703,52,1.2366,-628.15143,4.5154,0.25
/home/ccollins/allmols/H/opt/m06hf/b3lyp/44-4-12-.log,44-4-12-,---,[],"td B3LYP/6-31g(d,p)",-5.4218682338,-1.08981592353,78,0.5150,-923.2242262,3.9919,0.583333333333
/home/ccollins/allmols/H/opt/m06hf/b3lyp/1212-55-.log,1212-55-,---,[],"td B3LYP/6-31g(d,p)",-4.95219974841,-1.50506164121,77,0.2512,-1562.5070976,3.1790,0.3
/home/ccollins/allmols/H/opt/m06hf/b3lyp/88-4-8.log,88-4-8,---,[],"td B3LYP/6-31g(d,p)",-6.45535659275,-3.30645525265,81,0.6953,-1117.6513222,1.9446,0.316666666667
/home/ccollins/allmols/H/opt/m06hf/b3lyp/813-5-.log,813-5-,---,[],"td B3LYP/6-31g(d,p)",-5.72037711473,-2.57773439291,59,2.8459,-1057.1409072,2.1990,0.166666666667
/home/ccollins/allmols/H/opt/m06hf/b3lyp/85-138.log,85-138,---,[],"td B3LYP/6-31g(d,p)",-5.90133281739,-2.8103917249,79,1.2373,-1352.2794532,2.1898,0.383333333333
/home/ccollins/allmols/H/opt/m06hf/b3lyp/88-.log,88-,---,[],"td B3LYP/6-31g(d,p)",-6.56637903889,-3.37638850916,41,0.0004,-591.4429296,1.9596,0.05
/home/ccollins/allmols/H/opt/m06hf/b3lyp/812-.log,812-,---,[],"td B3LYP/6-31g(d,p)",-6.28283641909,-2.66671561813,38,2.1622,-525.1638019,2.1710,0.05
/home/ccollins/allmols/H/opt/m06hf/b3lyp/1213135.log,1213135,---,[],"td B3LYP/6-31g(d,p)",-4.71790973339,-0.631031991678,73,2.1031,-1199.8239146,3.6665,0.366666666667
/home/ccollins/allmols/H/opt/m06hf/b3lyp/1313-12.log,1313-12,---,[],"td B3LYP/6-31g(d,p)",-4.71273957045,-0.229119852088,52,1.2373,-648.0053564,4.1864,0.216666666667
/home/ccollins/allmols/H/opt/m06hf/b3lyp/44-.log,44-,---,[],"td B3LYP/6-31g(d,p)",-6.13997665383,-0.543683449493,41,0.0000,-463.3212803,5.1474,0.0833333333333
/home/ccollins/allmols/H/opt/m06hf/b3lyp/551212-.log,551212-,---,[],"td B3LYP/6-31g(d,p)",-4.90974998959,-1.49063960777,77,0.7012,-1562.5054364,3.1627,0.283333333333
/home/ccollins/allmols/H/opt/m06hf/b3lyp/54-8-4-.log,54-8-4-,---,[],"td B3LYP/6-31g(d,p)",-5.98623233503,-2.53963845551,82,0.7275,-1310.2827774,2.0970,0.433333333333
/home/ccollins/allmols/H/opt/m06hf/b3lyp/1312.log,1312,---,[],"td B3LYP/6-31g(d,p)",-4.97777844923,-0.0887091113787,35,1.3322,-439.0185229,4.7257,0.0666666666667
/home/ccollins/allmols/H/opt/m06hf/b3lyp/58-13-8.log,58-13-8,---,[],"td B3LYP/6-31g(d,p)",-6.15793616718,-2.80930326955,79,2.3661,-1352.2873566,2.1948,0.283333333333
/home/ccollins/allmols/H/opt/m06hf/b3lyp/4413-13.log,4413-13,---,[],"td B3LYP/6-31g(d,p)",-4.79029201445,-0.774435984613,75,1.2660,-881.2964922,3.6431,0.5
/home/ccollins/allmols/H/opt/m06hf/b3lyp/512138.log,512138,---,[],"td B3LYP/6-31g(d,p)",-5.22268090396,-2.50916170559,76,3.6443,-1285.9860583,2.1967,0.266666666667
/home/ccollins/allmols/H/opt/m06hf/b3lyp/131244-.log,131244-,---,[],"td B3LYP/6-31g(d,p)",-4.84471478217,-1.06178819816,75,0.9774,-901.1530666,3.4823,0.466666666667
/home/ccollins/allmols/H/opt/m06hf/b3lyp/13513-13.log,13513-13,---,[],"td B3LYP/6-31g(d,p)",-4.75246819089,-0.711033460222,73,1.0915,-1179.970179,3.6229,0.4
/home/ccollins/allmols/H/opt/m06hf/b3lyp/12813.log,12813,---,[],"td B3LYP/6-31g(d,p)",-5.76663646729,-2.42861600937,55,1.0518,-734.1631145,2.1993,0.15
/home/ccollins/allmols/H/opt/m06hf/b3lyp/812.log,812,---,[],"td B3LYP/6-31g(d,p)",-6.28310853293,-2.66671561813,38,2.1620,-525.1638011,2.1710,0.05
/home/ccollins/allmols/H/opt/m06hf/b3lyp/512-12-4-.log,512-12-4-,---,[],"td B3LYP/6-31g(d,p)",-4.92335568152,-1.27131585387,76,0.4628,-1241.7584454,3.3512,0.366666666667
/home/ccollins/allmols/H/opt/m06hf/b3lyp/412-5.log,412-5,---,[],"td B3LYP/6-31g(d,p)",-5.18540130807,-1.16600779834,59,0.1671,-1012.9183564,3.7563,0.25
/home/ccollins/allmols/H/opt/m06hf/b3lyp/58-134-.log,58-134-,---,[],"td B3LYP/6-31g(d,p)",-5.55928572229,-2.46643983293,79,1.3214,-1288.2135273,2.2097,0.35
/home/ccollins/allmols/H/opt/m06hf/b3lyp/41312-5-.log,41312-5-,---,[],"td B3LYP/6-31g(d,p)",-4.77015559039,-1.02178746389,76,2.0457,-1221.9055101,3.4312,0.4
/home/ccollins/allmols/H/opt/m06hf/b3lyp/513-.log,513-,---,[],"td B3LYP/6-31g(d,p)",-5.09859699357,-0.56926215032,39,2.1076,-761.9947542,4.2853,0.0666666666667
/home/ccollins/allmols/H/opt/m06hf/b3lyp/84-4-8.log,84-4-8,---,[],"td B3LYP/6-31g(d,p)",-6.36283788763,-2.79379278075,81,0.0001,-1053.5947679,2.1330,0.45
/home/ccollins/allmols/H/opt/m06hf/b3lyp/58-58-.log,58-58-,---,[],"td B3LYP/6-31g(d,p)",-6.42787309505,-2.88005286758,83,2.6407,-1695.1062508,2.1820,0.333333333333
/home/ccollins/allmols/H/opt/m06hf/b3lyp/48-12-.log,48-12-,---,[],"td B3LYP/6-31g(d,p)",-6.07602990176,-2.51161073014,58,0.8157,-756.2358142,2.1325,0.216666666667
/home/ccollins/allmols/H/opt/m06hf/b3lyp/84-5.log,84-5,---,[],"td B3LYP/6-31g(d,p)",-6.0333080291,-2.66236179671,62,2.4289,-1079.210689,2.1347,0.216666666667
/home/ccollins/allmols/H/opt/m06hf/b3lyp/88-1312-.log,88-1312-,---,[],"td B3LYP/6-31g(d,p)",-5.72119345625,-2.97066677583,75,4.4109,-1029.2870252,1.9749,0.266666666667
/home/ccollins/allmols/H/opt/m06hf/b3lyp/41313-.log,41313-,---,[],"td B3LYP/6-31g(d,p)",-4.82294567508,-0.377149780279,55,1.0573,-650.2322941,4.0321,0.3
/home/ccollins/allmols/H/opt/m06hf/b3lyp/85125.log,85125,---,[],"td B3LYP/6-31g(d,p)",-5.39411262227,-2.59895927232,80,3.7327,-1628.8075747,2.1869,0.25
/home/ccollins/allmols/H/opt/m06hf/b3lyp/5134.log,5134,---,[],"td B3LYP/6-31g(d,p)",-5.08798455386,-0.734163136502,59,1.1372,-993.0628706,3.9672,0.266666666667
/home/ccollins/allmols/H/opt/m06hf/b3lyp/84-13.log,84-13,---,[],"td B3LYP/6-31g(d,p)",-5.58513653696,-2.61637455799,58,2.5974,-736.381882,2.1326,0.233333333333
/home/ccollins/allmols/H/opt/m06hf/b3lyp/125-.log,125-,---,[],"td B3LYP/6-31g(d,p)",-5.4387392918,-0.837022167487,39,0.2420,-781.8473279,4.3942,0.0666666666667
/home/ccollins/allmols/H/opt/m06hf/b3lyp/4513-13.log,4513-13,---,[],"td B3LYP/6-31g(d,p)",-4.81559860144,-0.923554368157,76,1.4612,-1202.0486367,3.4670,0.466666666667
/home/ccollins/allmols/H/opt/m06hf/b3lyp/1388.log,1388,---,[],"td B3LYP/6-31g(d,p)",-6.21698487015,-3.02046360829,58,3.3226,-800.4458764,1.9732,0.183333333333
/home/ccollins/allmols/H/opt/m06hf/b3lyp/13125-.log,13125-,---,[],"td B3LYP/6-31g(d,p)",-4.8308369764,-0.985324209516,56,1.4352,-990.8399222,3.5909,0.183333333333
/home/ccollins/allmols/H/opt/m06hf/b3lyp/54-4-5-.log,54-4-5-,---,[],"td B3LYP/6-31g(d,p)",-5.60445661949,-1.20791332948,83,0.4064,-1566.9525937,3.9927,0.616666666667
/home/ccollins/allmols/H/opt/m06hf/b3lyp/58-12.log,58-12,---,[],"td B3LYP/6-31g(d,p)",-6.14677949979,-2.54099902471,59,1.0961,-1076.987663,2.1856,0.166666666667
/home/ccollins/allmols/H/opt/m06hf/b3lyp/124-128-.log,124-128-,---,[],"td B3LYP/6-31g(d,p)",-5.52880897237,-2.57800650675,75,3.4119,-985.0753158,2.1779,0.316666666667
/home/ccollins/allmols/H/opt/m06hf/b3lyp/84-513-.log,84-513-,---,[],"td B3LYP/6-31g(d,p)",-5.34622058668,-2.65256569853,79,3.4638,-1288.1975486,2.1339,0.45
/home/ccollins/allmols/H/opt/m06hf/b3lyp/88-8-.log,88-8-,---,[],"td B3LYP/6-31g(d,p)",-6.59903269952,-3.71190487214,61,0.0003,-886.5633608,1.8527,0.15
/home/ccollins/allmols/H/opt/m06hf/b3lyp/81312-.log,81312-,---,[],"td B3LYP/6-31g(d,p)",-5.52282246792,-2.56222390412,55,2.9536,-734.1631203,2.2005,0.183333333333
/home/ccollins/allmols/H/opt/m06hf/b3lyp/1344.log,1344,---,[],"td B3LYP/6-31g(d,p)",-5.22703472538,-0.739877527112,58,1.5754,-672.3072202,4.1047,0.316666666667
/home/ccollins/allmols/H/opt/m06hf/b3lyp/125-5.log,125-5,---,[],"td B3LYP/6-31g(d,p)",-5.16526488402,-1.39322285355,60,0.5467,-1333.6644521,3.5372,0.166666666667
/home/ccollins/allmols/H/opt/m06hf/b3lyp/1313-124.log,1313-124,---,[],"td B3LYP/6-31g(d,p)",-4.65913314425,-0.825593386267,72,1.3807,-879.0764414,3.5027,0.433333333333
/home/ccollins/allmols/H/opt/m06hf/b3lyp/13454-.log,13454-,---,[],"td B3LYP/6-31g(d,p)",-5.1489380537,-1.14233389438,79,1.5896,-1224.1245523,3.6389,0.55
/home/ccollins/allmols/H/opt/m06hf/b3lyp/8138-5.log,8138-5,---,[],"td B3LYP/6-31g(d,p)",-6.15766405334,-2.80712635884,79,2.3136,-1352.2874054,2.1961,0.283333333333
/home/ccollins/allmols/H/opt/m06hf/b3lyp/513-1312.log,513-1312,---,[],"td B3LYP/6-31g(d,p)",-4.65287452596,-0.657971261698,73,1.1700,-1199.8267196,3.6225,0.366666666667
/home/ccollins/allmols/H/opt/m06hf/b3lyp/513-12-.log,513-12-,---,[],"td B3LYP/6-31g(d,p)",-4.80498616173,-0.836205825971,56,1.7305,-990.8378554,3.7367,0.183333333333
/home/ccollins/allmols/H/opt/m06hf/b3lyp/125-4-.log,125-4-,---,[],"td B3LYP/6-31g(d,p)",-5.27002871187,-1.15947706621,59,0.1159,-1012.9126758,3.8237,0.25
/home/ccollins/allmols/H/opt/m06hf/b3lyp/1213-12.log,1213-12,---,[],"td B3LYP/6-31g(d,p)",-4.76362485827,-0.582867842249,52,2.1628,-667.8570481,3.9814,0.166666666667
/home/ccollins/allmols/H/opt/m06hf/b3lyp/413-.log,413-,---,[],"td B3LYP/6-31g(d,p)",-5.26839602884,-0.28653587203,38,1.6143,-441.243613,4.5364,0.1
/home/ccollins/allmols/H/opt/m06hf/b3lyp/8131313-.log,8131313-,---,[],"td B3LYP/6-31g(d,p)",-4.79655063274,-2.45609950707,72,4.1458,-923.2989742,1.8610,0.35
/home/ccollins/allmols/H/opt/m06hf/b3lyp/121313-8.log,121313-8,---,[],"td B3LYP/6-31g(d,p)",-4.97424096933,-2.47895706951,72,3.6905,-943.1550511,2.0046,0.316666666667
/home/ccollins/allmols/H/opt/m06hf/b3lyp/4121312.log,4121312,---,[],"td B3LYP/6-31g(d,p)",-4.65750046122,-0.98641266487,72,0.6716,-898.932173,3.3760,0.383333333333
/home/ccollins/allmols/H/opt/m06hf/b3lyp/125-4.log,125-4,---,[],"td B3LYP/6-31g(d,p)",-5.27002871187,-1.15920495237,59,0.1154,-1012.9126749,3.8239,0.25
/home/ccollins/allmols/H/opt/m06hf/b3lyp/128-124.log,128-124,---,[],"td B3LYP/6-31g(d,p)",-5.70513873977,-2.4492966611,75,0.6914,-985.0765512,2.1802,0.316666666667
/home/ccollins/allmols/H/opt/m06hf/b3lyp/1213-134-.log,1213-134-,---,[],"td B3LYP/6-31g(d,p)",-4.6757320884,-0.533615237465,72,0.9560,-879.0729346,3.7454,0.416666666667
/home/ccollins/allmols/H/opt/m06hf/b3lyp/413-13.log,413-13,---,[],"td B3LYP/6-31g(d,p)",-4.82321778892,-0.37687766644,55,1.0571,-650.2322904,4.0323,0.3
/home/ccollins/allmols/H/opt/m06hf/b3lyp/12413-5.log,12413-5,---,[],"td B3LYP/6-31g(d,p)",-4.97097560327,-1.02586917147,76,2.1611,-1221.9022578,3.5932,0.45
/home/ccollins/allmols/H/opt/m06hf/b3lyp/513.log,513,---,[],"td B3LYP/6-31g(d,p)",-5.08499130164,-0.592663940438,39,0.9632,-761.9947244,4.2780,0.0666666666667
/home/ccollins/allmols/H/opt/m06hf/b3lyp/51213-12.log,51213-12,---,[],"td B3LYP/6-31g(d,p)",-4.66974558396,-1.06750258877,73,2.4816,-1219.6784223,3.3211,0.333333333333
/home/ccollins/allmols/H/opt/m06hf/b3lyp/138-5-5-.log,138-5-5-,---,[],"td B3LYP/6-31g(d,p)",-5.63928719083,-2.47977341102,80,2.2726,-1608.9614548,2.2089,0.3
/home/ccollins/allmols/H/opt/m06hf/b3lyp/513-4-.log,513-4-,---,[],"td B3LYP/6-31g(d,p)",-5.07383463425,-0.750217852979,59,1.7699,-993.0630112,3.9521,0.283333333333
/home/ccollins/allmols/H/opt/m06hf/b3lyp/5134-.log,5134-,---,[],"td B3LYP/6-31g(d,p)",-5.08798455386,-0.734163136502,59,1.1373,-993.0628705,3.9673,0.283333333333
/home/ccollins/allmols/H/opt/m06hf/b3lyp/88-13-.log,88-13-,---,[],"td B3LYP/6-31g(d,p)",-6.21698487015,-3.02046360829,58,3.3223,-800.4458753,1.9732,0.166666666667
/home/ccollins/allmols/H/opt/m06hf/b3lyp/812-5-8-.log,812-5-8-,---,[],"td B3LYP/6-31g(d,p)",-6.11194892846,-2.80358887894,79,2.9483,-1372.1224469,2.1767,0.333333333333
/home/ccollins/allmols/H/opt/m06hf/b3lyp/85-5.log,85-5,---,[],"td B3LYP/6-31g(d,p)",-5.91330582629,-2.67406269177,63,2.5350,-1399.9640462,2.1865,0.15
/home/ccollins/allmols/H/opt/m06hf/b3lyp/1313128-.log,1313128-,---,[],"td B3LYP/6-31g(d,p)",-5.05968471465,-2.56630561169,72,1.4590,-943.1465576,2.0249,0.316666666667
/home/ccollins/allmols/H/opt/m06hf/b3lyp/58-.log,58-,---,[],"td B3LYP/6-31g(d,p)",-6.3527696756,-2.72739700414,42,1.8970,-848.146697,2.1849,0.0666666666667
/home/ccollins/allmols/H/opt/m06hf/b3lyp/128-54-.log,128-54-,---,[],"td B3LYP/6-31g(d,p)",-5.8879992393,-2.49174641992,79,0.8550,-1308.0528701,2.1857,0.333333333333
/home/ccollins/allmols/H/opt/m06hf/b3lyp/541313-.log,541313-,---,[],"td B3LYP/6-31g(d,p)",-4.80634673093,-0.95566380111,76,1.8276,-1202.0487767,3.4944,0.483333333333
/home/ccollins/allmols/H/opt/m06hf/b3lyp/138-1312.log,138-1312,---,[],"td B3LYP/6-31g(d,p)",-5.18703399111,-2.35650584215,72,3.2020,-943.1629085,2.2200,0.316666666667
/home/ccollins/allmols/H/opt/m06hf/b3lyp/12813-.log,12813-,---,[],"td B3LYP/6-31g(d,p)",-5.76663646729,-2.43324194463,55,2.1326,-734.1628439,2.1929,0.166666666667
/home/ccollins/allmols/H/opt/m06hf/b3lyp/45-5-.log,45-5-,---,[],"td B3LYP/6-31g(d,p)",-5.52635994782,-1.14478291893,63,0.9172,-1335.8890815,4.0089,0.233333333333
/home/ccollins/allmols/H/opt/m06hf/b3lyp/1388-12-.log,1388-12-,---,[],"td B3LYP/6-31g(d,p)",-6.01507640192,-2.81256863561,75,2.1819,-1029.2882147,1.9776,0.25
/home/ccollins/allmols/H/opt/m06hf/b3lyp/125.log,125,---,[],"td B3LYP/6-31g(d,p)",-5.42513359987,-0.832396232231,39,0.9454,-781.847236,4.4066,0.0666666666667
/home/ccollins/allmols/H/opt/m06hf/b3lyp/513-8.log,513-8,---,[],"td B3LYP/6-31g(d,p)",-5.60500084717,-2.58480935272,59,2.7523,-1057.1414095,2.2005,0.166666666667
/home/ccollins/allmols/H/opt/m06hf/b3lyp/134-8-.log,134-8-,---,[],"td B3LYP/6-31g(d,p)",-5.53670027369,-2.57365268534,58,2.9317,-736.3820613,2.1343,0.233333333333
/home/ccollins/allmols/H/opt/m06hf/b3lyp/134-13-13-.log,134-13-13-,---,[],"td B3LYP/6-31g(d,p)",-4.77668632252,-0.659876058568,72,1.5850,-859.2164473,3.7414,0.433333333333
/home/ccollins/allmols/H/opt/m06hf/b3lyp/513-48.log,513-48,---,[],"td B3LYP/6-31g(d,p)",-5.21478960264,-2.60276886606,79,2.7772,-1288.2010294,2.1337,0.35
/home/ccollins/allmols/H/opt/m06hf/b3lyp/13138-5-.log,13138-5-,---,[],"td B3LYP/6-31g(d,p)",-5.2836344038,-2.47569170345,76,2.8512,-1266.132951,2.2109,0.383333333333
/home/ccollins/allmols/H/opt/m06hf/b3lyp/5513-.log,5513-,---,[],"td B3LYP/6-31g(d,p)",-4.91355958333,-1.22614495666,60,2.5424,-1313.8103325,3.4445,0.2
/home/ccollins/allmols/H/opt/m06hf/b3lyp/858-.log,858-,---,[],"td B3LYP/6-31g(d,p)",-6.57671936476,-2.99134742756,62,1.0383,-1143.2819285,2.1824,0.15
/home/ccollins/allmols/H/opt/m06hf/b3lyp/12413-4-.log,12413-4-,---,[],"td B3LYP/6-31g(d,p)",-4.95900259437,-0.988045347902,75,1.7067,-901.1512949,3.6256,0.6
/home/ccollins/allmols/H/opt/m06hf/b3lyp/135-13-12-.log,135-13-12-,---,[],"td B3LYP/6-31g(d,p)",-4.53586557537,-1.01607307328,73,1.0994,-1199.8242557,3.2691,0.333333333333
/home/ccollins/allmols/H/opt/m06hf/b3lyp/125-13-8.log,125-13-8,---,[],"td B3LYP/6-31g(d,p)",-5.27084505339,-2.55841431038,76,3.1990,-1285.980446,2.2016,0.266666666667
/home/ccollins/allmols/H/opt/m06hf/b3lyp/54-13.log,54-13,---,[],"td B3LYP/6-31g(d,p)",-5.22757895305,-0.909404448551,59,0.9994,-993.0593963,3.9559,0.3
/home/ccollins/allmols/H/opt/m06hf/b3lyp/812-12-12-.log,812-12-12-,---,[],"td B3LYP/6-31g(d,p)",-5.29234204664,-2.51569243772,72,3.5930,-982.8430282,2.1741,0.25
/home/ccollins/allmols/H/opt/m06hf/b3lyp/12138-13-.log,12138-13-,---,[],"td B3LYP/6-31g(d,p)",-5.17914268979,-2.36711828185,72,0.7899,-943.1630893,2.2241,0.333333333333
/home/ccollins/allmols/H/opt/m06hf/b3lyp/48-.log,48-,---,[],"td B3LYP/6-31g(d,p)",-6.26895861332,-2.70072984796,41,1.5313,-527.394789,2.1302,0.0833333333333
/home/ccollins/allmols/H/opt/m06hf/b3lyp/128-.log,128-,---,[],"td B3LYP/6-31g(d,p)",-6.28283641909,-2.66671561813,38,2.1622,-525.1638019,2.1710,0.05
/home/ccollins/allmols/H/opt/m06hf/b3lyp/131212-.log,131212-,---,[],"td B3LYP/6-31g(d,p)",-4.78104014394,-0.698244109809,52,1.5213,-667.8609279,3.8612,0.2
/home/ccollins/allmols/H/opt/m06hf/b3lyp/545-5-.log,545-5-,---,[],"td B3LYP/6-31g(d,p)",-5.4338412427,-1.36927683576,84,0.5631,-1887.7049354,3.6872,0.45
/home/ccollins/allmols/H/opt/m06hf/b3lyp/544-13.log,544-13,---,[],"td B3LYP/6-31g(d,p)",-5.2335654575,-1.05607380755,79,1.2642,-1224.1225742,3.8015,0.566666666667
/home/ccollins/allmols/H/opt/m06hf/b3lyp/812-1212-.log,812-1212-,---,[],"td B3LYP/6-31g(d,p)",-5.35520034335,-2.58807471878,72,3.2641,-982.8494726,2.1773,0.233333333333
/home/ccollins/allmols/H/opt/m06hf/b3lyp/513-4-5.log,513-4-5,---,[],"td B3LYP/6-31g(d,p)",-5.06539910526,-1.06233242584,80,1.9339,-1544.878405,3.6206,0.45
/home/ccollins/allmols/H/opt/m06hf/b3lyp/13812.log,13812,---,[],"td B3LYP/6-31g(d,p)",-5.76663646729,-2.42861600937,55,1.0518,-734.1631144,2.1993,0.15
/home/ccollins/allmols/H/opt/m06hf/b3lyp/81388.log,81388,---,[],"td B3LYP/6-31g(d,p)",-6.4493700883,-3.25257671261,78,0.9943,-1095.5856293,1.9744,0.366666666667
/home/ccollins/allmols/H/opt/m06hf/b3lyp/13135-.log,13135-,---,[],"td B3LYP/6-31g(d,p)",-4.88743665482,-0.58259572841,56,2.8384,-970.9816669,3.9244,0.266666666667
/home/ccollins/allmols/H/opt/m06hf/b3lyp/135-13-.log,135-13-,---,[],"td B3LYP/6-31g(d,p)",-4.91002210343,-0.656882806344,56,0.9531,-970.9814012,3.8866,0.183333333333
/home/ccollins/allmols/H/opt/m06hf/b3lyp/12812-12-.log,12812-12-,---,[],"td B3LYP/6-31g(d,p)",-5.53071376924,-2.41147283754,72,1.2186,-982.8446837,2.1770,0.25
/home/ccollins/allmols/H/opt/m06hf/b3lyp/13512-.log,13512-,---,[],"td B3LYP/6-31g(d,p)",-5.00526194693,-0.984779981839,56,1.5388,-990.8341488,3.7267,0.183333333333
/home/ccollins/allmols/H/opt/m06hf/b3lyp/445.log,445,---,[],"td B3LYP/6-31g(d,p)",-5.70840410583,-1.00165103983,62,0.5727,-1015.1369647,4.3280,0.3
/home/ccollins/allmols/H/opt/m06hf/b3lyp/138-13-.log,138-13-,---,[],"td B3LYP/6-31g(d,p)",-5.52989742772,-2.39813925945,55,0.0000,-714.3208027,2.2220,0.166666666667
/home/ccollins/allmols/H/opt/m06hf/b3lyp/5124-.log,5124-,---,[],"td B3LYP/6-31g(d,p)",-5.16907447776,-1.16383088763,59,0.8680,-1012.9182813,3.7500,0.216666666667
/home/ccollins/allmols/H/opt/m06hf/b3lyp/5512.log,5512,---,[],"td B3LYP/6-31g(d,p)",-5.12335935288,-1.37499122637,60,1.2884,-1333.6628338,3.5378,0.166666666667
/home/ccollins/allmols/H/opt/m06hf/b3lyp/44-124.log,44-124,---,[],"td B3LYP/6-31g(d,p)",-5.21370114729,-1.18559999471,78,0.4049,-923.2313962,3.6999,0.633333333333
/home/ccollins/allmols/H/opt/m06hf/b3lyp/134-412-.log,134-412-,---,[],"td B3LYP/6-31g(d,p)",-5.1454005738,-1.01743364247,75,1.7742,-901.1464616,3.7685,0.55
/home/ccollins/allmols/H/opt/m06hf/b3lyp/5135.log,5135,---,[],"td B3LYP/6-31g(d,p)",-5.08145382173,-0.821511678688,60,1.0826,-1313.8139877,3.8826,0.183333333333
/home/ccollins/allmols/H/opt/m06hf/b3lyp/84-8-.log,84-8-,---,[],"td B3LYP/6-31g(d,p)",-6.47222765074,-2.94345539197,61,0.0001,-822.5296012,2.1322,0.216666666667
/home/ccollins/allmols/H/opt/m06hf/b3lyp/558-.log,558-,---,[],"td B3LYP/6-31g(d,p)",-5.90051647588,-2.66481082126,63,3.0702,-1399.9625612,2.1891,0.15
/home/ccollins/allmols/H/opt/m06hf/b3lyp/8135.log,8135,---,[],"td B3LYP/6-31g(d,p)",-5.72064922857,-2.57800650675,59,2.8454,-1057.1409048,2.1991,0.166666666667
/home/ccollins/allmols/H/opt/m06hf/b3lyp/12138.log,12138,---,[],"td B3LYP/6-31g(d,p)",-5.50758409296,-2.52031837297,55,3.1501,-734.1647647,2.1995,0.183333333333
/home/ccollins/allmols/H/opt/m06hf/b3lyp/8412-.log,8412-,---,[],"td B3LYP/6-31g(d,p)",-5.89697899597,-2.6269869977,58,2.7073,-756.2348358,2.1326,0.216666666667
/home/ccollins/allmols/H/opt/m06hf/b3lyp/138-8-.log,138-8-,---,[],"td B3LYP/6-31g(d,p)",-6.21671275631,-3.02019149445,58,3.3237,-800.445872,1.9732,0.166666666667
/home/ccollins/allmols/H/opt/m06hf/b3lyp/5124.log,5124,---,[],"td B3LYP/6-31g(d,p)",-5.16961870544,-1.16355877379,59,0.8669,-1012.9182756,3.7507,0.216666666667
/home/ccollins/allmols/H/opt/m06hf/b3lyp/1341312-.log,1341312-,---,[],"td B3LYP/6-31g(d,p)",-4.8082515278,-0.75566012975,72,2.3933,-879.0698095,3.6906,0.466666666667
/home/ccollins/allmols/H/opt/m06hf/b3lyp/8513.log,8513,---,[],"td B3LYP/6-31g(d,p)",-5.60091913959,-2.63188504679,59,2.3638,-1057.1349571,2.1892,0.166666666667
/home/ccollins/allmols/H/opt/m06hf/b3lyp/412-4.log,412-4,---,[],"td B3LYP/6-31g(d,p)",-5.2610489552,-1.07158429635,58,0.4243,-692.1678243,3.9081,0.283333333333
/home/ccollins/allmols/H/opt/m06hf/b3lyp/854.log,854,---,[],"td B3LYP/6-31g(d,p)",-6.2074608858,-2.65746374762,62,2.6567,-1079.2120492,2.1862,0.216666666667
/home/ccollins/allmols/H/opt/m06hf/b3lyp/84-8.log,84-8,---,[],"td B3LYP/6-31g(d,p)",-6.47222765074,-2.94345539197,61,0.0000,-822.5296012,2.1322,0.216666666667
/home/ccollins/allmols/H/opt/m06hf/b3lyp/135-.log,135-,---,[],"td B3LYP/6-31g(d,p)",-5.09859699357,-0.56926215032,39,2.1076,-761.9947542,4.2853,0.0666666666667
/home/ccollins/allmols/H/opt/m06hf/b3lyp/1213-125-.log,1213-125-,---,[],"td B3LYP/6-31g(d,p)",-4.68716086963,-1.0691352718,73,1.6626,-1219.678694,3.3299,0.35
/home/ccollins/allmols/H/opt/m06hf/b3lyp/813-513.log,813-513,---,[],"td B3LYP/6-31g(d,p)",-5.30431505554,-2.58099975898,76,2.6234,-1266.1277211,2.1995,0.366666666667
/home/ccollins/allmols/H/opt/m06hf/b3lyp/513-13-.log,513-13-,---,[],"td B3LYP/6-31g(d,p)",-4.88743665482,-0.58259572841,56,2.8385,-970.9816669,3.9244,0.233333333333
/home/ccollins/allmols/H/opt/m06hf/b3lyp/124-812.log,124-812,---,[],"td B3LYP/6-31g(d,p)",-5.7103089027,-2.46045332848,75,1.0056,-985.0758021,2.1350,0.316666666667
/home/ccollins/allmols/H/opt/m06hf/b3lyp/513124.log,513124,---,[],"td B3LYP/6-31g(d,p)",-4.71627705035,-1.12056478729,76,0.3444,-1221.9086019,3.3016,0.383333333333
/home/ccollins/allmols/H/opt/m06hf/b3lyp/88-5-5-.log,88-5-5-,---,[],"td B3LYP/6-31g(d,p)",-6.20446763357,-3.02917125113,83,3.9193,-1695.0858745,2.0797,0.3
/home/ccollins/allmols/H/opt/m06hf/b3lyp/1348-8.log,1348-8,---,[],"td B3LYP/6-31g(d,p)",-5.67738312824,-3.0155655592,78,4.1713,-1031.5049231,1.9433,0.316666666667
/home/ccollins/allmols/H/opt/m06hf/b3lyp/131288-.log,131288-,---,[],"td B3LYP/6-31g(d,p)",-5.6235045882,-2.98481669544,75,3.4719,-1029.2832472,1.9673,0.283333333333
/home/ccollins/allmols/H/opt/m06hf/b3lyp/513-5-.log,513-5-,---,[],"td B3LYP/6-31g(d,p)",-5.06594333294,-0.843008671936,60,1.4540,-1313.8142362,3.8594,0.2
/home/ccollins/allmols/H/opt/m06hf/b3lyp/413-4-.log,413-4-,---,[],"td B3LYP/6-31g(d,p)",-5.09369894447,-0.592119712761,58,1.3627,-672.3111228,4.1082,0.3
/home/ccollins/allmols/H/opt/m06hf/b3lyp/513-1213.log,513-1213,---,[],"td B3LYP/6-31g(d,p)",-4.59736330289,-0.828042410814,73,1.3910,-1199.8279658,3.4384,0.35
/home/ccollins/allmols/H/opt/m06hf/b3lyp/84-128.log,84-128,---,[],"td B3LYP/6-31g(d,p)",-6.23113478976,-2.80222830975,78,1.8159,-1051.371916,2.1355,0.316666666667
/home/ccollins/allmols/H/opt/m06hf/b3lyp/5812-8.log,5812-8,---,[],"td B3LYP/6-31g(d,p)",-6.39521943442,-2.82807912441,79,2.0169,-1372.1219858,2.1714,0.283333333333
/home/ccollins/allmols/H/opt/m06hf/b3lyp/55-5.log,55-5,---,[],"td B3LYP/6-31g(d,p)",-5.44717482079,-1.31267715733,64,0.4198,-1656.6417891,3.7727,0.25
/home/ccollins/allmols/H/opt/m06hf/b3lyp/125-13.log,125-13,---,[],"td B3LYP/6-31g(d,p)",-4.87083771067,-1.02478071611,56,1.6382,-990.8341264,3.6142,0.183333333333
/home/ccollins/allmols/H/opt/m06hf/b3lyp/13512.log,13512,---,[],"td B3LYP/6-31g(d,p)",-4.98186015681,-0.969813720717,56,1.3004,-990.8340512,3.7227,0.183333333333
/home/ccollins/allmols/H/opt/m06hf/b3lyp/12813-4.log,12813-4,---,[],"td B3LYP/6-31g(d,p)",-5.52391092327,-2.41501031744,75,2.2470,-965.230642,2.1955,0.35
/home/ccollins/allmols/H/opt/m06hf/b3lyp/12124-4.log,12124-4,---,[],"td B3LYP/6-31g(d,p)",-5.07846056951,-1.11294559981,75,0.8530,-921.000293,3.6672,0.466666666667
/home/ccollins/allmols/H/opt/m06hf/b3lyp/585-.log,585-,---,[],"td B3LYP/6-31g(d,p)",-6.21371950409,-2.60140829687,63,0.0001,-1399.9705112,2.1972,0.183333333333
/home/ccollins/allmols/H/opt/m06hf/b3lyp/413-12-.log,413-12-,---,[],"td B3LYP/6-31g(d,p)",-4.8689329138,-0.599738900241,55,1.1492,-670.086479,3.9673,0.266666666667
/home/ccollins/allmols/H/opt/m06hf/b3lyp/85.log,85,---,[],"td B3LYP/6-31g(d,p)",-6.35113699257,-2.72576432111,42,1.8987,-848.1467012,2.1848,0.0666666666667
/home/ccollins/allmols/H/opt/m06hf/b3lyp/1212-12.log,1212-12,---,[],"td B3LYP/6-31g(d,p)",-5.00553406077,-0.876206560243,52,0.5759,-687.710849,3.9204,0.216666666667
/home/ccollins/allmols/H/opt/m06hf/b3lyp/412-13.log,412-13,---,[],"td B3LYP/6-31g(d,p)",-4.8583204741,-0.788585904219,55,2.1140,-670.0874005,3.7869,0.25
/home/ccollins/allmols/H/opt/m06hf/b3lyp/84812-.log,84812-,---,[],"td B3LYP/6-31g(d,p)",-6.27684991464,-2.81719457087,78,2.6439,-1051.3712686,2.1320,0.333333333333
/home/ccollins/allmols/H/opt/m06hf/b3lyp/128-12-8-.log,128-12-8-,---,[],"td B3LYP/6-31g(d,p)",-6.33344959306,-2.815289774,75,2.2559,-1049.1393403,2.1716,0.25
/home/ccollins/allmols/H/opt/m06hf/b3lyp/845-.log,845-,---,[],"td B3LYP/6-31g(d,p)",-6.0333080291,-2.66236179671,62,2.4289,-1079.210689,2.1347,0.216666666667
/home/ccollins/allmols/H/opt/m06hf/b3lyp/138-125.log,138-125,---,[],"td B3LYP/6-31g(d,p)",-5.45343343908,-2.40031617016,76,1.6347,-1285.9846396,2.2052,0.283333333333
/home/ccollins/allmols/H/opt/m06hf/b3lyp/44-5-12-.log,44-5-12-,---,[],"td B3LYP/6-31g(d,p)",-5.23166066063,-1.21607674464,79,0.7635,-1243.9758225,3.6894,0.533333333333
/home/ccollins/allmols/H/opt/m06hf/b3lyp/584.log,584,---,[],"td B3LYP/6-31g(d,p)",-6.14269779222,-2.57038731927,62,0.5958,-1079.2186686,2.1445,0.25
/home/ccollins/allmols/H/opt/m06hf/b3lyp/455.log,455,---,[],"td B3LYP/6-31g(d,p)",-5.52608783398,-1.1453271466,63,0.9167,-1335.8890875,4.0084,0.233333333333
/home/ccollins/allmols/H/opt/m06hf/b3lyp/48.log,48,---,[],"td B3LYP/6-31g(d,p)",-6.26895861332,-2.70072984796,41,1.5313,-527.394789,2.1302,0.0833333333333
/home/ccollins/allmols/H/opt/m06hf/b3lyp/12125-12.log,12125-12,---,[],"td B3LYP/6-31g(d,p)",-4.88253860573,-1.34233756574,73,0.5906,-1239.526504,3.2907,0.283333333333
/home/ccollins/allmols/H/opt/m06hf/b3lyp/1313-.log,1313-,---,[],"td B3LYP/6-31g(d,p)",-4.71137900126,0.345040347326,35,0.0037,-419.1644528,4.8633,0.0666666666667
/home/ccollins/allmols/H/opt/m06hf/b3lyp/131244.log,131244,---,[],"td B3LYP/6-31g(d,p)",-4.84471478217,-1.06178819816,75,0.9773,-901.1530661,3.4823,0.466666666667
/home/ccollins/allmols/H/opt/m06hf/b3lyp/121213.log,121213,---,[],"td B3LYP/6-31g(d,p)",-4.75763835382,-0.685998987073,52,1.3799,-667.8588212,3.8524,0.233333333333
/home/ccollins/allmols/H/opt/m06hf/b3lyp/4813-.log,4813-,---,[],"td B3LYP/6-31g(d,p)",-5.88691078395,-2.45854853161,58,1.6105,-736.3940171,2.1556,0.233333333333
/home/ccollins/allmols/H/opt/m06hf/b3lyp/4128.log,4128,---,[],"td B3LYP/6-31g(d,p)",-5.98024583058,-2.60630634597,58,2.5591,-756.2354974,2.1773,0.233333333333
/home/ccollins/allmols/H/opt/m06hf/b3lyp/412-.log,412-,---,[],"td B3LYP/6-31g(d,p)",-5.56663279593,-0.674025978175,38,0.5154,-461.097066,4.6782,0.0833333333333
/home/ccollins/allmols/H/opt/m06hf/b3lyp/813-4-4-.log,813-4-4-,---,[],"td B3LYP/6-31g(d,p)",-5.69534264158,-2.54018268319,78,3.0732,-967.453656,2.1986,0.4
/home/ccollins/allmols/H/opt/m06hf/b3lyp/134-128.log,134-128,---,[],"td B3LYP/6-31g(d,p)",-5.34486001748,-2.58208821433,75,2.2065,-965.2221934,2.1781,0.35
/home/ccollins/allmols/H/opt/m06hf/b3lyp/84-.log,84-,---,[],"td B3LYP/6-31g(d,p)",-6.26895861332,-2.70072984796,41,1.5313,-527.3947891,2.1302,0.0833333333333
/home/ccollins/allmols/H/opt/m06hf/b3lyp/58-4.log,58-4,---,[],"td B3LYP/6-31g(d,p)",-6.14269779222,-2.57038731927,62,0.5958,-1079.2186686,2.1445,0.25
/home/ccollins/allmols/H/opt/m06hf/b3lyp/1313-13-.log,1313-13-,---,[],"td B3LYP/6-31g(d,p)",-4.67301095002,0.226398713703,52,1.2366,-628.15143,4.5154,0.25
/home/ccollins/allmols/H/opt/m06hf/b3lyp/48-44-.log,48-44-,---,[],"td B3LYP/6-31g(d,p)",-6.03956664739,-2.51950203146,81,0.4659,-989.530498,2.0960,0.483333333333
/home/ccollins/allmols/H/opt/m06hf/b3lyp/1212-5-.log,1212-5-,---,[],"td B3LYP/6-31g(d,p)",-5.04743959191,-1.10124470475,56,0.3378,-1010.689773,3.7152,0.166666666667
/home/ccollins/allmols/H/opt/m06hf/b3lyp/44-8-.log,44-8-,---,[],"td B3LYP/6-31g(d,p)",-6.23467226966,-2.66535504894,61,2.0816,-758.4585955,2.1327,0.283333333333
/home/ccollins/allmols/H/opt/m06hf/b3lyp/412812.log,412812,---,[],"td B3LYP/6-31g(d,p)",-5.70513873977,-2.4492966611,75,0.6914,-985.0765516,2.1802,0.316666666667
/home/ccollins/allmols/H/opt/m06hf/b3lyp/48-5-8-.log,48-5-8-,---,[],"td B3LYP/6-31g(d,p)",-6.36283788763,-2.88331823365,82,2.0620,-1374.3544751,2.1437,0.3
/home/ccollins/allmols/H/opt/m06hf/b3lyp/84-4-12.log,84-4-12,---,[],"td B3LYP/6-31g(d,p)",-5.65452556579,-2.65419838156,78,2.7269,-987.297822,2.1323,0.416666666667
/home/ccollins/allmols/H/opt/m06hf/b3lyp/1212-8-13.log,1212-8-13,---,[],"td B3LYP/6-31g(d,p)",-5.40635774501,-2.40330942238,72,1.2687,-963.0060046,2.1978,0.283333333333
/home/ccollins/allmols/H/opt/m06hf/b3lyp/1288-.log,1288-,---,[],"td B3LYP/6-31g(d,p)",-6.2871902405,-3.10236987371,58,3.0200,-820.2862636,1.9622,0.15
/home/ccollins/allmols/H/opt/m06hf/b3lyp/125138-.log,125138-,---,[],"td B3LYP/6-31g(d,p)",-5.36064262012,-2.55188357825,76,3.6210,-1285.9798375,2.1988,0.266666666667
/home/ccollins/allmols/H/opt/m06hf/b3lyp/858-8-.log,858-8-,---,[],"td B3LYP/6-31g(d,p)",-6.49807846541,-3.40087875463,82,1.3955,-1438.4036849,1.9684,0.3
/home/ccollins/allmols/H/opt/m06hf/b3lyp/13125.log,13125,---,[],"td B3LYP/6-31g(d,p)",-4.81968030902,-0.989950144772,56,1.0535,-990.8401695,3.5829,0.183333333333
/home/ccollins/allmols/H/opt/m06hf/b3lyp/588-4.log,588-4,---,[],"td B3LYP/6-31g(d,p)",-6.11494218068,-2.94590441652,82,0.6457,-1374.3425844,1.9511,0.316666666667
/home/ccollins/allmols/H/opt/m06hf/b3lyp/1358.log,1358,---,[],"td B3LYP/6-31g(d,p)",-5.60064702575,-2.63161293295,59,2.3645,-1057.1349571,2.1892,0.166666666667
/home/ccollins/allmols/H/opt/m06hf/b3lyp/1312-55.log,1312-55,---,[],"td B3LYP/6-31g(d,p)",-4.74784225563,-1.39159017052,77,1.3675,-1542.653676,3.0854,0.316666666667
/home/ccollins/allmols/H/opt/m06hf/b3lyp/135-8-.log,135-8-,---,[],"td B3LYP/6-31g(d,p)",-5.60282393646,-2.60521789061,59,3.5668,-1057.1344861,2.1860,0.15
