/home/ccollins/allmols/H/opt/m06hf/m06hf/84412.log,84412,---,[],"td M06HF/6-31g(d,p)",-8.48478160092,-0.0614977275202,78,2.0258,-987.0519474,2.0648,1.28333333333
/home/ccollins/allmols/H/opt/m06hf/m06hf/135.log,135,---,[],"td M06HF/6-31g(d,p)",-7.9691258768,1.58914481734,39,1.0067,-761.8769133,4.9451,0.15
/home/ccollins/allmols/H/opt/m06hf/m06hf/813-8-5-.log,813-8-5-,---,[],"td M06HF/6-31g(d,p)",-8.87363227625,-0.60763020156,79,1.8585,-1352.017277,4.1322,0.7
/home/ccollins/allmols/H/opt/m06hf/m06hf/1312-12.log,1312-12,---,[],"td M06HF/6-31g(d,p)",-7.58735016126,1.57200164551,52,1.5285,-667.691478,4.6745,0.416666666667
/home/ccollins/allmols/H/opt/m06hf/m06hf/1312-4-.log,1312-4-,---,[],"td M06HF/6-31g(d,p)",-7.65102479949,1.28410520428,55,2.0535,-669.9194964,4.6441,0.5
/home/ccollins/allmols/H/opt/m06hf/m06hf/58-4-5.log,58-4-5,---,[],"td M06HF/6-31g(d,p)",-8.8153999148,-0.397286204334,83,1.1226,-1630.7718761,2.0754,0.9
/home/ccollins/allmols/H/opt/m06hf/m06hf/413-55.log,413-55,---,[],"td M06HF/6-31g(d,p)",-7.79959895536,0.95566380111,80,2.5254,-1544.6476154,4.5224,1.4
/home/ccollins/allmols/H/opt/m06hf/m06hf/1213-13-8-.log,1213-13-8-,---,[],"td M06HF/6-31g(d,p)",-7.82871513609,-0.0476199217524,72,2.3920,-942.920327,2.1130,0.933333333333
/home/ccollins/allmols/H/opt/m06hf/m06hf/413512-.log,413512-,---,[],"td M06HF/6-31g(d,p)",-7.73401952026,0.968181037685,76,1.5131,-1221.6766734,4.4217,1.23333333333
/home/ccollins/allmols/H/opt/m06hf/m06hf/48-5.log,48-5,---,[],"td M06HF/6-31g(d,p)",-9.24289075521,-0.252521642207,62,0.6001,-1079.0147058,2.0745,0.666666666667
/home/ccollins/allmols/H/opt/m06hf/m06hf/45124-.log,45124-,---,[],"td M06HF/6-31g(d,p)",-7.84830733247,0.687087442427,79,0.6913,-1243.7444101,4.3097,1.26666666667
/home/ccollins/allmols/H/opt/m06hf/m06hf/4812.log,4812,---,[],"td M06HF/6-31g(d,p)",-9.17241327102,-0.137145374647,58,0.7584,-756.0384378,2.0677,0.5
/home/ccollins/allmols/H/opt/m06hf/m06hf/12858-.log,12858-,---,[],"td M06HF/6-31g(d,p)",-9.1764949786,-0.870764283472,79,2.3069,-1371.8445713,2.1051,1.03333333333
/home/ccollins/allmols/H/opt/m06hf/m06hf/488-12-.log,488-12-,---,[],"td M06HF/6-31g(d,p)",-9.53241987947,-0.966004126976,78,0.7974,-1051.0881726,1.9892,0.916666666667
/home/ccollins/allmols/H/opt/m06hf/m06hf/1213-13-4.log,1213-13-4,---,[],"td M06HF/6-31g(d,p)",-7.5601387774,1.61662831503,72,2.9759,-878.8631302,4.9101,0.766666666667
/home/ccollins/allmols/H/opt/m06hf/m06hf/128.log,128,---,[],"td M06HF/6-31g(d,p)",-9.58548207799,-0.0179595133466,38,1.7485,-525.0212611,2.0971,0.133333333333
/home/ccollins/allmols/H/opt/m06hf/m06hf/55-5-.log,55-5-,---,[],"td M06HF/6-31g(d,p)",-8.29675093845,0.72110167225,64,0.5016,-1656.4468472,4.5928,0.533333333333
/home/ccollins/allmols/H/opt/m06hf/m06hf/1212-58-.log,1212-58-,---,[],"td M06HF/6-31g(d,p)",-8.08178100597,-0.306128068408,76,2.1525,-1305.5688944,2.1083,0.783333333333
/home/ccollins/allmols/H/opt/m06hf/m06hf/128-4-4.log,128-4-4,---,[],"td M06HF/6-31g(d,p)",-8.93485788994,-0.231840990474,78,0.6671,-987.0497012,2.0689,1.21666666667
/home/ccollins/allmols/H/opt/m06hf/m06hf/558.log,558,---,[],"td M06HF/6-31g(d,p)",-8.65975079913,-0.298508880928,63,2.3979,-1399.751933,2.1085,0.5
/home/ccollins/allmols/H/opt/m06hf/m06hf/85-4-.log,85-4-,---,[],"td M06HF/6-31g(d,p)",-9.01894106606,-0.124356024233,62,2.0644,-1079.009219,2.1054,0.7
/home/ccollins/allmols/H/opt/m06hf/m06hf/1348-.log,1348-,---,[],"td M06HF/6-31g(d,p)",-8.29321345855,-0.0168710579923,58,2.1127,-736.1974764,2.0659,0.583333333333
/home/ccollins/allmols/H/opt/m06hf/m06hf/55-8.log,55-8,---,[],"td M06HF/6-31g(d,p)",-8.67852665399,-0.305855954569,63,1.7205,-1399.7536627,2.1042,0.433333333333
/home/ccollins/allmols/H/opt/m06hf/m06hf/124-12.log,124-12,---,[],"td M06HF/6-31g(d,p)",-8.04667832079,0.920833229771,55,0.8879,-689.7615681,4.7063,0.383333333333
/home/ccollins/allmols/H/opt/m06hf/m06hf/1312-8.log,1312-8,---,[],"td M06HF/6-31g(d,p)",-8.16668052361,0.0590487029729,55,3.3934,-733.9667929,2.0995,0.4
/home/ccollins/allmols/H/opt/m06hf/m06hf/85-134-.log,85-134-,---,[],"td M06HF/6-31g(d,p)",-8.07797141223,-0.129798301005,79,2.9179,-1287.9560568,2.1031,1.2
/home/ccollins/allmols/H/opt/m06hf/m06hf/413-13-8.log,413-13-8,---,[],"td M06HF/6-31g(d,p)",-7.9832757964,-0.0171431718308,75,2.4287,-945.1475588,2.1143,1.3
/home/ccollins/allmols/H/opt/m06hf/m06hf/45-48-.log,45-48-,---,[],"td M06HF/6-31g(d,p)",-8.59689250241,-0.157826026379,82,1.8914,-1310.0224822,2.0649,1.55
/home/ccollins/allmols/H/opt/m06hf/m06hf/81212.log,81212,---,[],"td M06HF/6-31g(d,p)",-8.5269592459,0.0198643102167,55,2.5193,-753.8035886,2.0988,0.3
/home/ccollins/allmols/H/opt/m06hf/m06hf/1312-134-.log,1312-134-,---,[],"td M06HF/6-31g(d,p)",-7.34788998331,1.42342748964,72,3.3725,-878.8637957,4.5338,0.766666666667
/home/ccollins/allmols/H/opt/m06hf/m06hf/45-13-.log,45-13-,---,[],"td M06HF/6-31g(d,p)",-8.02028327845,1.10342161546,59,1.4578,-992.8900872,4.7986,0.65
/home/ccollins/allmols/H/opt/m06hf/m06hf/513-12.log,513-12,---,[],"td M06HF/6-31g(d,p)",-7.5946972349,1.25662170659,56,2.4881,-990.6623342,4.5148,0.333333333333
/home/ccollins/allmols/H/opt/m06hf/m06hf/45.log,45,---,[],"td M06HF/6-31g(d,p)",-8.83526422501,1.36165764828,42,0.6454,-783.9451793,5.4444,0.266666666667
/home/ccollins/allmols/H/opt/m06hf/m06hf/54-4-12.log,54-4-12,---,[],"td M06HF/6-31g(d,p)",-8.25375695196,0.718380533864,79,1.1407,-1243.7433608,4.8055,1.28333333333
/home/ccollins/allmols/H/opt/m06hf/m06hf/134-13-5.log,134-13-5,---,[],"td M06HF/6-31g(d,p)",-7.71306675469,1.15212999257,76,1.9512,-1201.8370826,4.6438,0.933333333333
/home/ccollins/allmols/H/opt/m06hf/m06hf/512-.log,512-,---,[],"td M06HF/6-31g(d,p)",-8.37131013023,1.3646509005,39,0.2069,-781.7188382,5.0179,0.166666666667
/home/ccollins/allmols/H/opt/m06hf/m06hf/1312-.log,1312-,---,[],"td M06HF/6-31g(d,p)",-7.90463489705,2.30670900968,35,2.1740,-438.905304,5.3885,0.15
/home/ccollins/allmols/H/opt/m06hf/m06hf/4138-.log,4138-,---,[],"td M06HF/6-31g(d,p)",-8.51063241558,0.0206806517325,58,2.2528,-736.2032194,2.1141,0.666666666667
/home/ccollins/allmols/H/opt/m06hf/m06hf/58-54-.log,58-54-,---,[],"td M06HF/6-31g(d,p)",-8.74029649535,-0.404361164137,83,1.0053,-1630.7702645,2.1131,0.883333333333
/home/ccollins/allmols/H/opt/m06hf/m06hf/1213-48-.log,1213-48-,---,[],"td M06HF/6-31g(d,p)",-7.90409066938,-0.0780966716739,75,2.0264,-964.9848631,2.0637,0.966666666667
/home/ccollins/allmols/H/opt/m06hf/m06hf/41213-5.log,41213-5,---,[],"td M06HF/6-31g(d,p)",-7.55741763902,1.06532567806,76,2.2663,-1221.6783422,4.4179,0.85
/home/ccollins/allmols/H/opt/m06hf/m06hf/545-.log,545-,---,[],"td M06HF/6-31g(d,p)",-8.51416989548,0.821511678688,63,0.0001,-1335.7025575,4.9525,0.733333333333
/home/ccollins/allmols/H/opt/m06hf/m06hf/858.log,858,---,[],"td M06HF/6-31g(d,p)",-9.76670989449,-0.822600134042,62,0.9256,-1143.0593758,2.1073,0.533333333333
/home/ccollins/allmols/H/opt/m06hf/m06hf/1212-4-13.log,1212-4-13,---,[],"td M06HF/6-31g(d,p)",-7.70109374579,0.875934446405,72,1.5184,-898.7060421,4.4077,0.716666666667
/home/ccollins/allmols/H/opt/m06hf/m06hf/128-4.log,128-4,---,[],"td M06HF/6-31g(d,p)",-9.17186904334,-0.137145374647,58,0.7605,-756.038438,2.0682,0.566666666667
/home/ccollins/allmols/H/opt/m06hf/m06hf/8128-12.log,8128-12,---,[],"td M06HF/6-31g(d,p)",-9.14737879787,-0.674570205852,75,2.4105,-1048.8639236,2.0972,0.85
/home/ccollins/allmols/H/opt/m06hf/m06hf/412.log,412,---,[],"td M06HF/6-31g(d,p)",-8.49185656072,1.48628578635,38,0.5303,-460.9745158,5.3385,0.2
/home/ccollins/allmols/H/opt/m06hf/m06hf/131313-8.log,131313-8,---,[],"td M06HF/6-31g(d,p)",-7.78218366969,0.00598650444887,72,1.9666,-923.0811719,2.1143,1.1
/home/ccollins/allmols/H/opt/m06hf/m06hf/138.log,138,---,[],"td M06HF/6-31g(d,p)",-9.00098155271,0.0220412209254,38,1.9007,-505.1902998,2.1150,0.216666666667
/home/ccollins/allmols/H/opt/m06hf/m06hf/5512-.log,5512-,---,[],"td M06HF/6-31g(d,p)",-7.95660864022,0.580146703863,60,0.5904,-1333.4733102,4.2477,0.466666666667
/home/ccollins/allmols/H/opt/m06hf/m06hf/448.log,448,---,[],"td M06HF/6-31g(d,p)",-9.26275506543,-0.036735368209,61,1.5949,-758.2649918,2.0647,0.75
/home/ccollins/allmols/H/opt/m06hf/m06hf/1313-84.log,1313-84,---,[],"td M06HF/6-31g(d,p)",-7.81293253345,-0.0438103280122,75,1.1935,-945.1519078,2.0849,1.36666666667
/home/ccollins/allmols/H/opt/m06hf/m06hf/8813-5-.log,8813-5-,---,[],"td M06HF/6-31g(d,p)",-8.39879362792,-0.872124852665,79,3.0842,-1351.9959129,2.0146,1.01666666667
/home/ccollins/allmols/H/opt/m06hf/m06hf/455-.log,455-,---,[],"td M06HF/6-31g(d,p)",-8.21620524223,0.688175897781,63,0.3391,-1335.7014968,4.4823,0.733333333333
/home/ccollins/allmols/H/opt/m06hf/m06hf/812-12-8.log,812-12-8,---,[],"td M06HF/6-31g(d,p)",-8.73294942171,-0.371979617346,75,2.7937,-1048.8624709,2.0953,0.683333333333
/home/ccollins/allmols/H/opt/m06hf/m06hf/444.log,444,---,[],"td M06HF/6-31g(d,p)",-8.74601088596,1.14070121135,61,0.0000,-694.2104766,5.4642,0.716666666667
/home/ccollins/allmols/H/opt/m06hf/m06hf/1213.log,1213,---,[],"td M06HF/6-31g(d,p)",-7.8831379038,2.28956583785,35,1.3712,-438.9078069,5.3663,0.15
/home/ccollins/allmols/H/opt/m06hf/m06hf/512-13-.log,512-13-,---,[],"td M06HF/6-31g(d,p)",-7.62653455402,1.09988413556,56,1.5857,-990.6659538,4.4469,0.333333333333
/home/ccollins/allmols/H/opt/m06hf/m06hf/134-8-13-.log,134-8-13-,---,[],"td M06HF/6-31g(d,p)",-8.10436645457,-0.101226347954,75,0.2406,-945.1508456,4.1806,0.733333333333
/home/ccollins/allmols/H/opt/m06hf/m06hf/51213-.log,51213-,---,[],"td M06HF/6-31g(d,p)",-7.59905105632,1.18587210855,56,2.4344,-990.6633434,4.4757,0.35
/home/ccollins/allmols/H/opt/m06hf/m06hf/1213-13-5.log,1213-13-5,---,[],"td M06HF/6-31g(d,p)",-7.52938991364,1.47023106987,73,3.2314,-1199.6089002,4.7331,0.966666666667
/home/ccollins/allmols/H/opt/m06hf/m06hf/138-.log,138-,---,[],"td M06HF/6-31g(d,p)",-9.00098155271,0.0220412209254,38,1.9007,-505.1902998,2.1150,0.216666666667
/home/ccollins/allmols/H/opt/m06hf/m06hf/1212-124-.log,1212-124-,---,[],"td M06HF/6-31g(d,p)",-7.6567391901,0.896342984299,72,0.5399,-918.5468442,4.3141,0.65
/home/ccollins/allmols/H/opt/m06hf/m06hf/13134.log,13134,---,[],"td M06HF/6-31g(d,p)",-7.79116342636,1.73826320088,55,2.7470,-650.0773081,5.2311,0.533333333333
/home/ccollins/allmols/H/opt/m06hf/m06hf/41248-.log,41248-,---,[],"td M06HF/6-31g(d,p)",-8.23661378013,-0.17115960447,78,1.9937,-987.0546247,2.0677,1.45
/home/ccollins/allmols/H/opt/m06hf/m06hf/1384.log,1384,---,[],"td M06HF/6-31g(d,p)",-8.71635047755,0.00870764283472,58,1.5809,-736.2071398,2.0835,0.616666666667
/home/ccollins/allmols/H/opt/m06hf/m06hf/88-5-.log,88-5-,---,[],"td M06HF/6-31g(d,p)",-9.79392127835,-0.98069827426,62,2.0356,-1143.0464406,2.0093,0.433333333333
/home/ccollins/allmols/H/opt/m06hf/m06hf/4813-12-.log,4813-12-,---,[],"td M06HF/6-31g(d,p)",-8.0692637694,-0.0810899238983,75,1.6627,-964.9938963,2.0853,0.783333333333
/home/ccollins/allmols/H/opt/m06hf/m06hf/581313-.log,581313-,---,[],"td M06HF/6-31g(d,p)",-7.97864986115,-0.128709845651,76,1.2544,-1265.8974541,2.1212,0.866666666667
/home/ccollins/allmols/H/opt/m06hf/m06hf/854-8-.log,854-8-,---,[],"td M06HF/6-31g(d,p)",-9.16561042506,-0.562731418194,82,1.0968,-1374.0743017,2.0670,1.4
/home/ccollins/allmols/H/opt/m06hf/m06hf/4135-.log,4135-,---,[],"td M06HF/6-31g(d,p)",-7.89075709129,1.37145374647,59,1.9651,-992.8917666,4.8449,0.683333333333
/home/ccollins/allmols/H/opt/m06hf/m06hf/124-13.log,124-13,---,[],"td M06HF/6-31g(d,p)",-7.92422709343,1.15131365105,55,1.4434,-669.920014,4.8097,0.516666666667
/home/ccollins/allmols/H/opt/m06hf/m06hf/131285-.log,131285-,---,[],"td M06HF/6-31g(d,p)",-8.02572555522,-0.315652052758,76,1.3417,-1285.7313732,2.1151,0.683333333333
/home/ccollins/allmols/H/opt/m06hf/m06hf/85513.log,85513,---,[],"td M06HF/6-31g(d,p)",-8.18872174454,-0.252793756045,80,1.9997,-1608.6986408,2.1051,1.05
/home/ccollins/allmols/H/opt/m06hf/m06hf/48-1212.log,48-1212,---,[],"td M06HF/6-31g(d,p)",-8.37457549629,-0.215514160159,75,1.3163,-984.820756,2.0682,0.616666666667
/home/ccollins/allmols/H/opt/m06hf/m06hf/135-12-.log,135-12-,---,[],"td M06HF/6-31g(d,p)",-7.82572188386,1.10859177839,56,2.4372,-990.6633566,4.5469,0.5
/home/ccollins/allmols/H/opt/m06hf/m06hf/1258-5-.log,1258-5-,---,[],"td M06HF/6-31g(d,p)",-8.39797728641,-0.448443605988,80,0.9956,-1628.543406,2.1125,0.566666666667
/home/ccollins/allmols/H/opt/m06hf/m06hf/134-5-.log,134-5-,---,[],"td M06HF/6-31g(d,p)",-8.09293767335,1.09362551727,59,1.8494,-992.8904033,4.9368,0.75
/home/ccollins/allmols/H/opt/m06hf/m06hf/12131313-.log,12131313-,---,[],"td M06HF/6-31g(d,p)",-7.41074828002,1.9499677673,69,2.2919,-856.7992967,4.9348,0.7
/home/ccollins/allmols/H/opt/m06hf/m06hf/8512.log,8512,---,[],"td M06HF/6-31g(d,p)",-8.56832054936,-0.19238448388,59,2.4841,-1076.7824701,2.1063,0.516666666667
/home/ccollins/allmols/H/opt/m06hf/m06hf/4558.log,4558,---,[],"td M06HF/6-31g(d,p)",-8.52804770125,-0.254698552915,83,2.4429,-1630.7652543,2.1048,1.08333333333
/home/ccollins/allmols/H/opt/m06hf/m06hf/125-135-.log,125-135-,---,[],"td M06HF/6-31g(d,p)",-7.69701203821,0.87103639731,77,1.9290,-1542.4224072,4.3346,0.916666666667
/home/ccollins/allmols/H/opt/m06hf/m06hf/48-12.log,48-12,---,[],"td M06HF/6-31g(d,p)",-9.17241327102,-0.137145374647,58,0.7584,-756.0384378,2.0677,0.5
/home/ccollins/allmols/H/opt/m06hf/m06hf/54-44.log,54-44,---,[],"td M06HF/6-31g(d,p)",-8.52423810751,0.816885743432,82,0.6610,-1245.9679493,5.0492,1.58333333333
/home/ccollins/allmols/H/opt/m06hf/m06hf/4555-.log,4555-,---,[],"td M06HF/6-31g(d,p)",-8.12395865095,0.546676701717,84,0.5574,-1887.4585922,4.4051,1.25
/home/ccollins/allmols/H/opt/m06hf/m06hf/124.log,124,---,[],"td M06HF/6-31g(d,p)",-8.49185656072,1.48628578635,38,0.5303,-460.9745158,5.3385,0.2
/home/ccollins/allmols/H/opt/m06hf/m06hf/124-.log,124-,---,[],"td M06HF/6-31g(d,p)",-8.49185656072,1.48628578635,38,0.5303,-460.9745158,5.3385,0.2
/home/ccollins/allmols/H/opt/m06hf/m06hf/1313-813.log,1313-813,---,[],"td M06HF/6-31g(d,p)",-7.85837554449,0.102042689469,72,1.7635,-923.0895877,2.1409,0.85
/home/ccollins/allmols/H/opt/m06hf/m06hf/513-512-.log,513-512-,---,[],"td M06HF/6-31g(d,p)",-7.69701203821,0.87103639731,77,1.9293,-1542.4224072,4.3346,0.916666666667
/home/ccollins/allmols/H/opt/m06hf/m06hf/8448-.log,8448-,---,[],"td M06HF/6-31g(d,p)",-9.4578606877,-0.394565065948,81,0.0000,-1053.330431,2.0661,1.38333333333
/home/ccollins/allmols/H/opt/m06hf/m06hf/138-4.log,138-4,---,[],"td M06HF/6-31g(d,p)",-8.71635047755,0.00870764283472,58,1.5809,-736.2071398,2.0835,0.6
/home/ccollins/allmols/H/opt/m06hf/m06hf/1345-.log,1345-,---,[],"td M06HF/6-31g(d,p)",-7.84395351105,0.803007937664,59,2.1875,-992.8866809,4.5174,0.6
/home/ccollins/allmols/H/opt/m06hf/m06hf/512-12-13-.log,512-12-13-,---,[],"td M06HF/6-31g(d,p)",-7.45129324197,0.869675828117,73,1.0654,-1219.4497039,4.1858,0.766666666667
/home/ccollins/allmols/H/opt/m06hf/m06hf/1248-.log,1248-,---,[],"td M06HF/6-31g(d,p)",-8.71716681907,-0.0873485421858,58,1.9881,-756.0406072,2.0653,0.683333333333
/home/ccollins/allmols/H/opt/m06hf/m06hf/13121313-.log,13121313-,---,[],"td M06HF/6-31g(d,p)",-7.29319510175,1.65581270779,69,1.5660,-856.8010278,4.5707,0.7
/home/ccollins/allmols/H/opt/m06hf/m06hf/45-8.log,45-8,---,[],"td M06HF/6-31g(d,p)",-9.01894106606,-0.124356024233,62,2.0642,-1079.009219,2.1054,0.616666666667
/home/ccollins/allmols/H/opt/m06hf/m06hf/848-5-.log,848-5-,---,[],"td M06HF/6-31g(d,p)",-9.37785921915,-0.787769562703,82,1.7313,-1374.079054,2.0668,1.43333333333
/home/ccollins/allmols/H/opt/m06hf/m06hf/448-8-.log,448-8-,---,[],"td M06HF/6-31g(d,p)",-9.37949190218,-0.811987694337,81,2.2030,-1053.314425,2.0577,1.36666666667
/home/ccollins/allmols/H/opt/m06hf/m06hf/1312-5.log,1312-5,---,[],"td M06HF/6-31g(d,p)",-7.62680666786,1.18342308401,56,1.5644,-990.6638875,4.4886,0.35
/home/ccollins/allmols/H/opt/m06hf/m06hf/1381313-.log,1381313-,---,[],"td M06HF/6-31g(d,p)",-7.87415814713,0.127621390296,72,2.3897,-923.0893754,2.1276,0.833333333333
/home/ccollins/allmols/H/opt/m06hf/m06hf/125-12.log,125-12,---,[],"td M06HF/6-31g(d,p)",-7.92150595505,0.802735823825,56,0.4908,-1010.5040133,4.3685,0.333333333333
/home/ccollins/allmols/H/opt/m06hf/m06hf/813-8-.log,813-8-,---,[],"td M06HF/6-31g(d,p)",-9.23527156773,-0.435926369413,58,0.6744,-800.2561843,2.1163,0.5
/home/ccollins/allmols/H/opt/m06hf/m06hf/512-8-5.log,512-8-5,---,[],"td M06HF/6-31g(d,p)",-8.42001850733,-0.363544088349,80,0.9009,-1628.5408935,2.1117,0.733333333333
/home/ccollins/allmols/H/opt/m06hf/m06hf/51312.log,51312,---,[],"td M06HF/6-31g(d,p)",-7.69537935518,1.49798668141,56,0.9147,-990.666037,4.8031,0.466666666667
/home/ccollins/allmols/H/opt/m06hf/m06hf/5813-4-.log,5813-4-,---,[],"td M06HF/6-31g(d,p)",-8.18572849231,-0.210616111065,79,2.1712,-1287.9618603,2.1303,1.0
/home/ccollins/allmols/H/opt/m06hf/m06hf/441212-.log,441212-,---,[],"td M06HF/6-31g(d,p)",-7.86817164268,0.806273303727,75,0.1902,-920.7721455,4.4945,0.883333333333
/home/ccollins/allmols/H/opt/m06hf/m06hf/848-.log,848-,---,[],"td M06HF/6-31g(d,p)",-10.0913417039,-0.674298092013,61,0.0001,-822.3178159,2.0670,0.433333333333
/home/ccollins/allmols/H/opt/m06hf/m06hf/55-4-.log,55-4-,---,[],"td M06HF/6-31g(d,p)",-8.32015272857,0.802191596148,63,0.4739,-1335.7021891,4.6842,0.816666666667
/home/ccollins/allmols/H/opt/m06hf/m06hf/128-84-.log,128-84-,---,[],"td M06HF/6-31g(d,p)",-9.53241987947,-0.966004126976,78,0.7972,-1051.0881725,1.9892,0.933333333333
/home/ccollins/allmols/H/opt/m06hf/m06hf/5135-4-.log,5135-4-,---,[],"td M06HF/6-31g(d,p)",-7.78762594646,0.947772499791,80,1.4984,-1544.6488154,4.5329,1.25
/home/ccollins/allmols/H/opt/m06hf/m06hf/1284.log,1284,---,[],"td M06HF/6-31g(d,p)",-9.17186904334,-0.137145374647,58,0.7605,-756.038438,2.0682,0.566666666667
/home/ccollins/allmols/H/opt/m06hf/m06hf/13131312.log,13131312,---,[],"td M06HF/6-31g(d,p)",-7.50326698514,1.93989955527,69,2.8872,-856.7970523,4.9783,0.75
/home/ccollins/allmols/H/opt/m06hf/m06hf/4413-.log,4413-,---,[],"td M06HF/6-31g(d,p)",-8.13565954601,1.29988780692,58,1.6872,-672.1443456,5.1848,0.633333333333
/home/ccollins/allmols/H/opt/m06hf/m06hf/51254.log,51254,---,[],"td M06HF/6-31g(d,p)",-7.80123163839,0.651984757249,80,0.9945,-1564.4879235,4.2413,1.03333333333
/home/ccollins/allmols/H/opt/m06hf/m06hf/135-8-4-.log,135-8-4-,---,[],"td M06HF/6-31g(d,p)",-8.2885875233,-0.303406930022,79,2.0546,-1287.9598458,2.0738,1.13333333333
/home/ccollins/allmols/H/opt/m06hf/m06hf/13138-12-.log,13138-12-,---,[],"td M06HF/6-31g(d,p)",-8.03633799493,-0.0318373191144,72,3.1498,-942.9190954,2.1152,0.833333333333
/home/ccollins/allmols/H/opt/m06hf/m06hf/81313-5.log,81313-5,---,[],"td M06HF/6-31g(d,p)",-7.94082603758,-0.00680284596462,76,2.1648,-1265.8946063,2.1143,1.08333333333
/home/ccollins/allmols/H/opt/m06hf/m06hf/458-.log,458-,---,[],"td M06HF/6-31g(d,p)",-9.01894106606,-0.124356024233,62,2.0643,-1079.0092191,2.1053,0.616666666667
/home/ccollins/allmols/H/opt/m06hf/m06hf/813.log,813,---,[],"td M06HF/6-31g(d,p)",-9.00207000807,0.0212248794096,38,1.8978,-505.1903004,2.1145,0.216666666667
/home/ccollins/allmols/H/opt/m06hf/m06hf/84-12.log,84-12,---,[],"td M06HF/6-31g(d,p)",-8.71825527442,-0.0873485421858,58,1.9854,-756.0406069,2.0647,0.6
/home/ccollins/allmols/H/opt/m06hf/m06hf/5138-5.log,5138-5,---,[],"td M06HF/6-31g(d,p)",-8.09919629164,-0.23456212886,80,0.8083,-1608.7072663,3.9681,0.733333333333
/home/ccollins/allmols/H/opt/m06hf/m06hf/548.log,548,---,[],"td M06HF/6-31g(d,p)",-8.84886991694,-0.182860499529,62,1.7748,-1079.0093589,2.0669,0.666666666667
/home/ccollins/allmols/H/opt/m06hf/m06hf/813-5.log,813-5,---,[],"td M06HF/6-31g(d,p)",-8.30056053219,-0.0402728481106,59,2.2448,-1056.9469423,2.1163,0.383333333333
/home/ccollins/allmols/H/opt/m06hf/m06hf/13412-8-.log,13412-8-,---,[],"td M06HF/6-31g(d,p)",-8.10708759296,-0.0386401650791,75,3.0533,-964.9811703,2.1013,0.916666666667
/home/ccollins/allmols/H/opt/m06hf/m06hf/13134-.log,13134-,---,[],"td M06HF/6-31g(d,p)",-7.79116342636,1.73826320088,55,2.7470,-650.0773081,5.2311,0.55
/home/ccollins/allmols/H/opt/m06hf/m06hf/55-13.log,55-13,---,[],"td M06HF/6-31g(d,p)",-8.01130352178,0.975528111327,60,1.9146,-1313.6354847,4.6061,0.5
/home/ccollins/allmols/H/opt/m06hf/m06hf/88-5-12-.log,88-5-12-,---,[],"td M06HF/6-31g(d,p)",-8.67417283257,-1.02940665137,79,3.2265,-1371.8315782,2.0060,0.816666666667
/home/ccollins/allmols/H/opt/m06hf/m06hf/1312-8-4.log,1312-8-4,---,[],"td M06HF/6-31g(d,p)",-8.0523927114,-0.157281798702,75,2.3582,-964.9838846,2.0690,0.75
/home/ccollins/allmols/H/opt/m06hf/m06hf/1244-4-.log,1244-4-,---,[],"td M06HF/6-31g(d,p)",-8.26436939166,0.825049158589,78,0.5107,-922.9973026,4.8899,0.933333333333
/home/ccollins/allmols/H/opt/m06hf/m06hf/848-8-.log,848-8-,---,[],"td M06HF/6-31g(d,p)",-10.1732479693,-1.26342455255,81,0.4614,-1117.3662534,1.9904,0.9
/home/ccollins/allmols/H/opt/m06hf/m06hf/84-512-.log,84-512-,---,[],"td M06HF/6-31g(d,p)",-8.28341736036,-0.199731557521,79,1.5985,-1307.7960606,2.0653,0.916666666667
/home/ccollins/allmols/H/opt/m06hf/m06hf/41212.log,41212,---,[],"td M06HF/6-31g(d,p)",-7.90871660463,1.1466877158,55,0.8709,-689.7575931,4.6781,0.433333333333
/home/ccollins/allmols/H/opt/m06hf/m06hf/444-.log,444-,---,[],"td M06HF/6-31g(d,p)",-8.74601088596,1.14070121135,61,0.0000,-694.2104766,5.4642,0.666666666667
/home/ccollins/allmols/H/opt/m06hf/m06hf/44-13.log,44-13,---,[],"td M06HF/6-31g(d,p)",-8.13565954601,1.29988780692,58,1.6872,-672.1443456,5.1848,0.633333333333
/home/ccollins/allmols/H/opt/m06hf/m06hf/1388-.log,1388-,---,[],"td M06HF/6-31g(d,p)",-9.14465765948,-0.797565660892,58,2.4029,-800.2397497,2.0120,0.5
/home/ccollins/allmols/H/opt/m06hf/m06hf/58-48.log,58-48,---,[],"td M06HF/6-31g(d,p)",-9.37785921915,-0.787769562703,82,1.7316,-1374.079054,2.0669,1.26666666667
/home/ccollins/allmols/H/opt/m06hf/m06hf/124-5-12-.log,124-5-12-,---,[],"td M06HF/6-31g(d,p)",-7.93021359788,0.612528250655,76,0.6070,-1241.5169521,4.3962,0.783333333333
/home/ccollins/allmols/H/opt/m06hf/m06hf/5413.log,5413,---,[],"td M06HF/6-31g(d,p)",-8.10899238983,1.08301307757,59,1.0255,-992.8906123,4.9432,0.666666666667
/home/ccollins/allmols/H/opt/m06hf/m06hf/54-55-.log,54-55-,---,[],"td M06HF/6-31g(d,p)",-8.24069548771,0.535792148174,84,0.8505,-1887.459621,4.5461,0.883333333333
/home/ccollins/allmols/H/opt/m06hf/m06hf/41313.log,41313,---,[],"td M06HF/6-31g(d,p)",-7.7413665939,1.67812604255,55,2.5604,-650.0778076,5.1287,0.533333333333
/home/ccollins/allmols/H/opt/m06hf/m06hf/54-13-8-.log,54-13-8-,---,[],"td M06HF/6-31g(d,p)",-8.36532362578,-0.00816341515755,79,2.3248,-1287.9602282,2.1156,1.23333333333
/home/ccollins/allmols/H/opt/m06hf/m06hf/413.log,413,---,[],"td M06HF/6-31g(d,p)",-8.20613703021,1.87350377866,38,1.6899,-441.1330142,5.4857,0.25
/home/ccollins/allmols/H/opt/m06hf/m06hf/134-.log,134-,---,[],"td M06HF/6-31g(d,p)",-8.20668125788,1.87486434785,38,1.6908,-441.1330145,5.4873,0.25
/home/ccollins/allmols/H/opt/m06hf/m06hf/512-5.log,512-5,---,[],"td M06HF/6-31g(d,p)",-7.93565587465,0.825049158589,60,0.8259,-1333.4773243,4.3897,0.383333333333
/home/ccollins/allmols/H/opt/m06hf/m06hf/84.log,84,---,[],"td M06HF/6-31g(d,p)",-9.99610186042,-0.0380959374019,41,1.2210,-527.2537371,2.0640,0.3
/home/ccollins/allmols/H/opt/m06hf/m06hf/588-13.log,588-13,---,[],"td M06HF/6-31g(d,p)",-9.0037026911,-0.922465912803,79,1.0571,-1352.0016597,2.0182,1.0
/home/ccollins/allmols/H/opt/m06hf/m06hf/555-.log,555-,---,[],"td M06HF/6-31g(d,p)",-8.02082750613,0.421776449807,64,0.5615,-1656.4442018,4.1619,0.483333333333
/home/ccollins/allmols/H/opt/m06hf/m06hf/4138-8-.log,4138-8-,---,[],"td M06HF/6-31g(d,p)",-8.64941047326,-0.70178158971,78,2.9696,-1031.253072,2.0755,1.21666666667
/home/ccollins/allmols/H/opt/m06hf/m06hf/1313-5.log,1313-5,---,[],"td M06HF/6-31g(d,p)",-7.66381414991,1.63730896677,56,1.1287,-970.8254935,4.9331,0.55
/home/ccollins/allmols/H/opt/m06hf/m06hf/445-8-.log,445-8-,---,[],"td M06HF/6-31g(d,p)",-8.80505958893,-0.154288546478,82,2.2279,-1310.0206377,2.1030,1.33333333333
/home/ccollins/allmols/H/opt/m06hf/m06hf/12413-.log,12413-,---,[],"td M06HF/6-31g(d,p)",-7.9296693702,1.15430690328,55,2.1096,-669.9199173,4.8165,0.5
/home/ccollins/allmols/H/opt/m06hf/m06hf/812-12-5.log,812-12-5,---,[],"td M06HF/6-31g(d,p)",-8.06055612656,-0.0440824418508,76,1.5660,-1305.5624757,2.0985,0.833333333333
/home/ccollins/allmols/H/opt/m06hf/m06hf/12128-5-.log,12128-5-,---,[],"td M06HF/6-31g(d,p)",-8.34763622627,-0.29796465325,76,1.1129,-1305.5646574,2.1089,0.633333333333
/home/ccollins/allmols/H/opt/m06hf/m06hf/812-5-.log,812-5-,---,[],"td M06HF/6-31g(d,p)",-8.58709640422,-0.0244902454726,59,2.3660,-1076.7790236,2.0989,0.466666666667
/home/ccollins/allmols/H/opt/m06hf/m06hf/45-8-.log,45-8-,---,[],"td M06HF/6-31g(d,p)",-9.01894106606,-0.124356024233,62,2.0643,-1079.0092189,2.1054,0.6
/home/ccollins/allmols/H/opt/m06hf/m06hf/854-4.log,854-4,---,[],"td M06HF/6-31g(d,p)",-8.78846064478,-0.176601881242,82,2.2347,-1310.0207664,2.1027,1.35
/home/ccollins/allmols/H/opt/m06hf/m06hf/8134.log,8134,---,[],"td M06HF/6-31g(d,p)",-8.51063241558,0.0206806517325,58,2.2528,-736.2032192,2.1140,0.583333333333
/home/ccollins/allmols/H/opt/m06hf/m06hf/4485.log,4485,---,[],"td M06HF/6-31g(d,p)",-8.98928065765,-0.323815467916,82,0.5726,-1310.0259119,2.0745,1.51666666667
/home/ccollins/allmols/H/opt/m06hf/m06hf/85-5-4.log,85-5-4,---,[],"td M06HF/6-31g(d,p)",-8.57593973684,-0.234290015022,83,2.4559,-1630.7652035,2.1040,1.21666666667
/home/ccollins/allmols/H/opt/m06hf/m06hf/1312-4.log,1312-4,---,[],"td M06HF/6-31g(d,p)",-7.65102479949,1.28410520428,55,2.0535,-669.9194964,4.6441,0.5
/home/ccollins/allmols/H/opt/m06hf/m06hf/55-88.log,55-88,---,[],"td M06HF/6-31g(d,p)",-8.78410682336,-1.08682267131,83,2.4483,-1694.8027924,2.0081,1.0
/home/ccollins/allmols/H/opt/m06hf/m06hf/13124.log,13124,---,[],"td M06HF/6-31g(d,p)",-7.65238536868,1.19811723129,55,1.3191,-669.9214298,4.6043,0.5
/home/ccollins/allmols/H/opt/m06hf/m06hf/125-412-.log,125-412-,---,[],"td M06HF/6-31g(d,p)",-7.96531628306,0.611711909139,76,0.6294,-1241.5174138,4.4153,0.716666666667
/home/ccollins/allmols/H/opt/m06hf/m06hf/134.log,134,---,[],"td M06HF/6-31g(d,p)",-8.06110035424,1.71186815854,38,1.5897,-441.1308253,5.2370,0.216666666667
/home/ccollins/allmols/H/opt/m06hf/m06hf/51212-.log,51212-,---,[],"td M06HF/6-31g(d,p)",-7.85973611369,1.01307982105,56,0.3969,-1010.5045832,4.4909,0.316666666667
/home/ccollins/allmols/H/opt/m06hf/m06hf/48-1212-.log,48-1212-,---,[],"td M06HF/6-31g(d,p)",-8.38954175741,-0.248984162305,75,0.5305,-984.8247304,2.0689,0.6
/home/ccollins/allmols/H/opt/m06hf/m06hf/44-813.log,44-813,---,[],"td M06HF/6-31g(d,p)",-8.63281152911,-0.08653220067,78,1.6101,-967.2183868,2.0842,1.08333333333
/home/ccollins/allmols/H/opt/m06hf/m06hf/1312-8-.log,1312-8-,---,[],"td M06HF/6-31g(d,p)",-8.16668052361,0.0590487029729,55,3.3934,-733.9667929,2.0995,0.4
/home/ccollins/allmols/H/opt/m06hf/m06hf/121213-.log,121213-,---,[],"td M06HF/6-31g(d,p)",-7.55632918366,1.58996115885,52,2.3104,-667.6881277,4.6765,0.416666666667
/home/ccollins/allmols/H/opt/m06hf/m06hf/48-513.log,48-513,---,[],"td M06HF/6-31g(d,p)",-8.09157710416,-0.358918153093,79,0.8894,-1287.9587556,2.0756,1.26666666667
/home/ccollins/allmols/H/opt/m06hf/m06hf/45-5.log,45-5,---,[],"td M06HF/6-31g(d,p)",-8.21892638062,0.691713377683,63,0.3343,-1335.7015243,4.4828,0.716666666667
/home/ccollins/allmols/H/opt/m06hf/m06hf/12844-.log,12844-,---,[],"td M06HF/6-31g(d,p)",-8.93513000377,-0.231568876636,78,0.6671,-987.049701,2.0690,1.21666666667
/home/ccollins/allmols/H/opt/m06hf/m06hf/548-.log,548-,---,[],"td M06HF/6-31g(d,p)",-8.84886991694,-0.182860499529,62,1.7748,-1079.0093589,2.0669,0.666666666667
/home/ccollins/allmols/H/opt/m06hf/m06hf/845.log,845,---,[],"td M06HF/6-31g(d,p)",-8.8485978031,-0.182860499529,62,1.7748,-1079.0093589,2.0669,0.666666666667
/home/ccollins/allmols/H/opt/m06hf/m06hf/51313.log,51313,---,[],"td M06HF/6-31g(d,p)",-7.75796553806,1.614995632,56,2.1422,-970.8234237,4.9955,0.5
/home/ccollins/allmols/H/opt/m06hf/m06hf/54-1312-.log,54-1312-,---,[],"td M06HF/6-31g(d,p)",-7.73157049571,0.914302497645,76,1.3805,-1221.6763465,4.6328,0.9
/home/ccollins/allmols/H/opt/m06hf/m06hf/81313.log,81313,---,[],"td M06HF/6-31g(d,p)",-8.19062654141,-0.00925187051189,55,2.3087,-714.1347252,2.1138,0.516666666667
/home/ccollins/allmols/H/opt/m06hf/m06hf/88-13.log,88-13,---,[],"td M06HF/6-31g(d,p)",-9.14520188716,-0.797565660892,58,2.4015,-800.2397498,2.0119,0.416666666667
/home/ccollins/allmols/H/opt/m06hf/m06hf/1213-13-.log,1213-13-,---,[],"td M06HF/6-31g(d,p)",-7.63741910756,2.05092200141,52,3.0083,-647.850201,5.0989,0.566666666667
/home/ccollins/allmols/H/opt/m06hf/m06hf/1312-813-.log,1312-813-,---,[],"td M06HF/6-31g(d,p)",-7.9381048992,0.0136056919292,72,1.9414,-942.9203075,2.1205,0.7
/home/ccollins/allmols/H/opt/m06hf/m06hf/128-12-.log,128-12-,---,[],"td M06HF/6-31g(d,p)",-8.98438260856,-0.110750332304,55,0.0000,-753.8060293,2.1015,0.366666666667
/home/ccollins/allmols/H/opt/m06hf/m06hf/1313.log,1313,---,[],"td M06HF/6-31g(d,p)",-7.96640473841,3.14481963253,35,2.8464,-419.0644718,6.0922,0.25
/home/ccollins/allmols/H/opt/m06hf/m06hf/12513-.log,12513-,---,[],"td M06HF/6-31g(d,p)",-7.83415741286,1.11104080294,56,2.4060,-990.663367,4.5528,0.5
/home/ccollins/allmols/H/opt/m06hf/m06hf/58-5.log,58-5,---,[],"td M06HF/6-31g(d,p)",-9.09676562389,-0.336060590652,63,1.1411,-1399.7586372,2.1135,0.333333333333
/home/ccollins/allmols/H/opt/m06hf/m06hf/44-84.log,44-84,---,[],"td M06HF/6-31g(d,p)",-9.07009846771,-0.245174568565,81,0.3176,-989.2820451,2.0355,1.18333333333
/home/ccollins/allmols/H/opt/m06hf/m06hf/54-.log,54-,---,[],"td M06HF/6-31g(d,p)",-8.83526422501,1.36165764828,42,0.6454,-783.9451793,5.4444,0.266666666667
/home/ccollins/allmols/H/opt/m06hf/m06hf/55.log,55,---,[],"td M06HF/6-31g(d,p)",-8.46274037999,0.986140551032,43,1.2260,-1104.6880553,4.7742,0.15
/home/ccollins/allmols/H/opt/m06hf/m06hf/44.log,44,---,[],"td M06HF/6-31g(d,p)",-9.10329635602,1.57771603612,41,0.0000,-463.1991811,5.6880,0.15
/home/ccollins/allmols/H/opt/m06hf/m06hf/512-48.log,512-48,---,[],"td M06HF/6-31g(d,p)",-8.16668052361,-0.20190846823,79,1.5313,-1307.7988443,2.0661,0.85
/home/ccollins/allmols/H/opt/m06hf/m06hf/812-8.log,812-8,---,[],"td M06HF/6-31g(d,p)",-9.7258928187,-0.582051500733,58,1.4308,-820.0788529,2.0990,0.5
/home/ccollins/allmols/H/opt/m06hf/m06hf/1212-4.log,1212-4,---,[],"td M06HF/6-31g(d,p)",-7.92776457333,1.10886389223,55,0.1587,-689.7606124,4.6582,0.383333333333
/home/ccollins/allmols/H/opt/m06hf/m06hf/125-124.log,125-124,---,[],"td M06HF/6-31g(d,p)",-7.7307541542,0.566813125772,76,0.2913,-1241.5182561,4.1117,0.883333333333
/home/ccollins/allmols/H/opt/m06hf/m06hf/8412.log,8412,---,[],"td M06HF/6-31g(d,p)",-8.71825527442,-0.0873485421858,58,1.9854,-756.0406069,2.0647,0.6
/home/ccollins/allmols/H/opt/m06hf/m06hf/54.log,54,---,[],"td M06HF/6-31g(d,p)",-8.83499211117,1.36138553444,42,0.6452,-783.9451792,5.4441,0.266666666667
/home/ccollins/allmols/H/opt/m06hf/m06hf/48-1213.log,48-1213,---,[],"td M06HF/6-31g(d,p)",-8.0382427918,-0.229119852088,75,0.8409,-964.9874957,2.0739,0.783333333333
/home/ccollins/allmols/H/opt/m06hf/m06hf/88-13-12.log,88-13-12,---,[],"td M06HF/6-31g(d,p)",-8.3577044383,-0.875390218728,75,2.9842,-1029.0248785,2.0111,0.866666666667
/home/ccollins/allmols/H/opt/m06hf/m06hf/813-13.log,813-13,---,[],"td M06HF/6-31g(d,p)",-7.9310299394,0.0538785400398,55,2.3012,-714.1350769,2.1160,0.366666666667
/home/ccollins/allmols/H/opt/m06hf/m06hf/1212-5.log,1212-5,---,[],"td M06HF/6-31g(d,p)",-7.88585904219,1.01444039024,56,0.7944,-1010.5049412,4.5023,0.316666666667
/home/ccollins/allmols/H/opt/m06hf/m06hf/813-12-.log,813-12-,---,[],"td M06HF/6-31g(d,p)",-8.21566101456,0.0312930914373,55,2.4067,-733.9770793,2.1153,0.5
/home/ccollins/allmols/H/opt/m06hf/m06hf/13124-.log,13124-,---,[],"td M06HF/6-31g(d,p)",-7.65238536868,1.19811723129,55,1.3191,-669.9214298,4.6043,0.5
/home/ccollins/allmols/H/opt/m06hf/m06hf/85-.log,85-,---,[],"td M06HF/6-31g(d,p)",-9.68670842595,-0.0737428502565,42,1.5244,-847.9975681,2.1052,0.233333333333
/home/ccollins/allmols/H/opt/m06hf/m06hf/81312.log,81312,---,[],"td M06HF/6-31g(d,p)",-8.21593312839,0.0315652052758,55,2.4060,-733.9770792,2.1152,0.5
/home/ccollins/allmols/H/opt/m06hf/m06hf/88-4.log,88-4,---,[],"td M06HF/6-31g(d,p)",-10.0954234115,-0.916479408354,61,1.7252,-822.3026011,1.9877,0.516666666667
/home/ccollins/allmols/H/opt/m06hf/m06hf/813-85.log,813-85,---,[],"td M06HF/6-31g(d,p)",-8.87336016242,-0.606541746206,79,2.1596,-1352.017233,4.1360,0.65
/home/ccollins/allmols/H/opt/m06hf/m06hf/812-12-.log,812-12-,---,[],"td M06HF/6-31g(d,p)",-8.5269592459,0.0198643102167,55,2.5193,-753.8035886,2.0988,0.3
/home/ccollins/allmols/H/opt/m06hf/m06hf/58-5-.log,58-5-,---,[],"td M06HF/6-31g(d,p)",-9.09594928238,-0.340686525908,63,0.0001,-1399.7585667,2.1157,0.366666666667
/home/ccollins/allmols/H/opt/m06hf/m06hf/445-4-.log,445-4-,---,[],"td M06HF/6-31g(d,p)",-8.29892784916,0.718652647703,82,0.4847,-1245.9681083,4.7317,1.76666666667
/home/ccollins/allmols/H/opt/m06hf/m06hf/51313-.log,51313-,---,[],"td M06HF/6-31g(d,p)",-7.66544683294,1.64139067434,56,1.6803,-970.8254126,4.9548,0.516666666667
/home/ccollins/allmols/H/opt/m06hf/m06hf/135-4-8.log,135-4-8,---,[],"td M06HF/6-31g(d,p)",-8.15634019774,-0.139050171517,79,2.7763,-1287.9558482,2.0656,1.26666666667
/home/ccollins/allmols/H/opt/m06hf/m06hf/125-413.log,125-413,---,[],"td M06HF/6-31g(d,p)",-7.90735603544,0.716203623155,76,1.6540,-1221.6758088,4.4505,0.866666666667
/home/ccollins/allmols/H/opt/m06hf/m06hf/8131312.log,8131312,---,[],"td M06HF/6-31g(d,p)",-7.76667318089,-0.00625861828745,72,2.6023,-942.9225897,2.1134,0.933333333333
/home/ccollins/allmols/H/opt/m06hf/m06hf/13812-13.log,13812-13,---,[],"td M06HF/6-31g(d,p)",-7.92722034566,0.0179595133466,72,3.5528,-942.9200215,2.1175,0.75
/home/ccollins/allmols/H/opt/m06hf/m06hf/1284-13.log,1284-13,---,[],"td M06HF/6-31g(d,p)",-8.30355378442,-0.224766030671,75,1.1942,-964.9839865,2.0692,0.983333333333
/home/ccollins/allmols/H/opt/m06hf/m06hf/1212-413.log,1212-413,---,[],"td M06HF/6-31g(d,p)",-7.59088764116,0.817702084948,72,1.3909,-898.7039212,4.3045,0.65
/home/ccollins/allmols/H/opt/m06hf/m06hf/812-13-.log,812-13-,---,[],"td M06HF/6-31g(d,p)",-8.15634019774,-0.0296604084058,55,0.6927,-733.9703617,2.1038,0.4
/home/ccollins/allmols/H/opt/m06hf/m06hf/584-8-.log,584-8-,---,[],"td M06HF/6-31g(d,p)",-9.37785921915,-0.787769562703,82,1.7313,-1374.079054,2.0668,1.43333333333
/home/ccollins/allmols/H/opt/m06hf/m06hf/4412-.log,4412-,---,[],"td M06HF/6-31g(d,p)",-8.31988061473,1.03022299288,58,0.5162,-691.9859975,5.0086,0.55
/home/ccollins/allmols/H/opt/m06hf/m06hf/854-.log,854-,---,[],"td M06HF/6-31g(d,p)",-8.83417576966,-0.236194811892,62,2.0315,-1079.0073691,2.1081,0.716666666667
/home/ccollins/allmols/H/opt/m06hf/m06hf/84-13-.log,84-13-,---,[],"td M06HF/6-31g(d,p)",-8.41321566137,-0.0340142298231,58,1.9640,-736.1992058,2.0636,0.683333333333
/home/ccollins/allmols/H/opt/m06hf/m06hf/121254-.log,121254-,---,[],"td M06HF/6-31g(d,p)",-7.75497228583,0.754843788235,76,0.9106,-1241.5128851,4.3036,0.866666666667
/home/ccollins/allmols/H/opt/m06hf/m06hf/8128-.log,8128-,---,[],"td M06HF/6-31g(d,p)",-9.7258928187,-0.581779386895,58,1.4294,-820.0788529,2.0989,0.55
/home/ccollins/allmols/H/opt/m06hf/m06hf/812-124-.log,812-124-,---,[],"td M06HF/6-31g(d,p)",-8.15470751471,-0.0438103280122,75,1.9898,-984.8217326,2.1015,0.933333333333
/home/ccollins/allmols/H/opt/m06hf/m06hf/1244.log,1244,---,[],"td M06HF/6-31g(d,p)",-8.31988061473,1.03022299288,58,0.5162,-691.9859975,5.0086,0.566666666667
/home/ccollins/allmols/H/opt/m06hf/m06hf/128-512-.log,128-512-,---,[],"td M06HF/6-31g(d,p)",-8.39960996944,-0.397014090495,76,0.4953,-1305.5677413,2.1112,0.6
/home/ccollins/allmols/H/opt/m06hf/m06hf/8413-8.log,8413-8,---,[],"td M06HF/6-31g(d,p)",-8.68342470308,-0.347489371873,78,0.6796,-1031.268316,2.0667,1.35
/home/ccollins/allmols/H/opt/m06hf/m06hf/41313-5-.log,41313-5-,---,[],"td M06HF/6-31g(d,p)",-7.53156682435,1.47268009442,76,1.4418,-1201.8381855,4.7679,1.0
/home/ccollins/allmols/H/opt/m06hf/m06hf/13812-13-.log,13812-13-,---,[],"td M06HF/6-31g(d,p)",-7.92205018272,-0.0582323614572,72,1.3664,-942.9237657,2.1238,0.75
/home/ccollins/allmols/H/opt/m06hf/m06hf/124-5.log,124-5,---,[],"td M06HF/6-31g(d,p)",-8.26328093631,0.875118104889,59,1.0566,-1012.7320894,4.8295,0.683333333333
/home/ccollins/allmols/H/opt/m06hf/m06hf/81212-13-.log,81212-13-,---,[],"td M06HF/6-31g(d,p)",-7.80068741071,-0.0443545556893,72,1.8912,-962.7548144,2.1018,0.833333333333
/home/ccollins/allmols/H/opt/m06hf/m06hf/48-13.log,48-13,---,[],"td M06HF/6-31g(d,p)",-8.71635047755,0.00870764283472,58,1.5809,-736.2071398,2.0835,0.55
/home/ccollins/allmols/H/opt/m06hf/m06hf/12125.log,12125,---,[],"td M06HF/6-31g(d,p)",-7.83551798205,1.05199209997,56,1.1930,-1010.5010593,4.5102,0.316666666667
/home/ccollins/allmols/H/opt/m06hf/m06hf/512-12.log,512-12,---,[],"td M06HF/6-31g(d,p)",-7.88558692835,1.01444039024,56,0.7945,-1010.5049412,4.5021,0.333333333333
/home/ccollins/allmols/H/opt/m06hf/m06hf/138-5-4.log,138-5-4,---,[],"td M06HF/6-31g(d,p)",-8.46954322596,-0.185037410238,79,2.0150,-1287.9626985,2.1237,1.0
/home/ccollins/allmols/H/opt/m06hf/m06hf/1244-12-.log,1244-12-,---,[],"td M06HF/6-31g(d,p)",-8.1264076755,0.788858018058,75,0.3590,-920.7730305,4.7596,1.0
/home/ccollins/allmols/H/opt/m06hf/m06hf/54812.log,54812,---,[],"td M06HF/6-31g(d,p)",-8.79281446619,-0.306944409924,79,1.2373,-1307.7956421,2.0696,1.11666666667
/home/ccollins/allmols/H/opt/m06hf/m06hf/545.log,545,---,[],"td M06HF/6-31g(d,p)",-8.51934005842,0.826681841621,63,1.2424,-1335.7024986,4.9604,0.6
/home/ccollins/allmols/H/opt/m06hf/m06hf/1384-5-.log,1384-5-,---,[],"td M06HF/6-31g(d,p)",-8.56940900472,-0.181227816498,79,2.1103,-1287.9643318,2.0852,1.11666666667
/home/ccollins/allmols/H/opt/m06hf/m06hf/58-4-.log,58-4-,---,[],"td M06HF/6-31g(d,p)",-9.24289075521,-0.252521642207,62,0.6001,-1079.0147057,2.0745,0.683333333333
/home/ccollins/allmols/H/opt/m06hf/m06hf/1213-.log,1213-,---,[],"td M06HF/6-31g(d,p)",-7.90409066938,2.30589266817,35,2.1744,-438.9053041,5.3872,0.15
/home/ccollins/allmols/H/opt/m06hf/m06hf/121312.log,121312,---,[],"td M06HF/6-31g(d,p)",-7.48830072402,1.70941913399,52,0.8695,-667.6951031,4.7643,0.35
/home/ccollins/allmols/H/opt/m06hf/m06hf/5124-8.log,5124-8,---,[],"td M06HF/6-31g(d,p)",-8.14599987188,-0.182044158013,79,2.4793,-1307.7985674,2.0676,0.933333333333
/home/ccollins/allmols/H/opt/m06hf/m06hf/485-.log,485-,---,[],"td M06HF/6-31g(d,p)",-9.24289075521,-0.252521642207,62,0.6001,-1079.0147057,2.0745,0.683333333333
/home/ccollins/allmols/H/opt/m06hf/m06hf/513-13.log,513-13,---,[],"td M06HF/6-31g(d,p)",-7.66435837758,1.6375810806,56,1.1283,-970.8254935,4.9337,0.55
/home/ccollins/allmols/H/opt/m06hf/m06hf/413-12.log,413-12,---,[],"td M06HF/6-31g(d,p)",-7.73510797561,1.53581050497,55,1.9781,-669.9188257,4.9065,0.516666666667
/home/ccollins/allmols/H/opt/m06hf/m06hf/124-85.log,124-85,---,[],"td M06HF/6-31g(d,p)",-8.56832054936,-0.3730680727,79,1.1284,-1307.8017058,2.0757,0.833333333333
/home/ccollins/allmols/H/opt/m06hf/m06hf/45-413-.log,45-413-,---,[],"td M06HF/6-31g(d,p)",-8.00776604188,0.767633138648,79,1.2562,-1223.9021522,4.6459,1.06666666667
/home/ccollins/allmols/H/opt/m06hf/m06hf/1385-.log,1385-,---,[],"td M06HF/6-31g(d,p)",-8.64287974113,-0.0927908189575,59,2.1678,-1056.9509255,2.1251,0.583333333333
/home/ccollins/allmols/H/opt/m06hf/m06hf/854-8.log,854-8,---,[],"td M06HF/6-31g(d,p)",-9.16588253889,-0.562731418194,82,1.0982,-1374.0743015,2.0669,1.4
/home/ccollins/allmols/H/opt/m06hf/m06hf/1385-13-.log,1385-13-,---,[],"td M06HF/6-31g(d,p)",-7.97484026741,-0.218507412384,76,0.7816,-1265.89496,3.8674,0.7
/home/ccollins/allmols/H/opt/m06hf/m06hf/85124.log,85124,---,[],"td M06HF/6-31g(d,p)",-8.15606808391,-0.274562863132,79,2.3150,-1307.7967869,2.1052,0.833333333333
/home/ccollins/allmols/H/opt/m06hf/m06hf/1312-12-.log,1312-12-,---,[],"td M06HF/6-31g(d,p)",-7.55632918366,1.58996115885,52,2.3104,-667.6881277,4.6765,0.416666666667
/home/ccollins/allmols/H/opt/m06hf/m06hf/55-4.log,55-4,---,[],"td M06HF/6-31g(d,p)",-8.32015272857,0.802191596148,63,0.4739,-1335.7021891,4.6842,0.716666666667
/home/ccollins/allmols/H/opt/m06hf/m06hf/1348.log,1348,---,[],"td M06HF/6-31g(d,p)",-8.29321345855,-0.0168710579923,58,2.1127,-736.1974764,2.0659,0.616666666667
/home/ccollins/allmols/H/opt/m06hf/m06hf/1212.log,1212,---,[],"td M06HF/6-31g(d,p)",-8.2681789854,1.92874288789,35,1.0336,-458.7432962,5.3480,0.15
/home/ccollins/allmols/H/opt/m06hf/m06hf/84-13-4.log,84-13-4,---,[],"td M06HF/6-31g(d,p)",-8.07851563991,-0.0489804909453,78,1.9693,-967.2126367,2.0631,1.41666666667
/home/ccollins/allmols/H/opt/m06hf/m06hf/813-.log,813-,---,[],"td M06HF/6-31g(d,p)",-9.00207000807,0.0212248794096,38,1.8978,-505.1903004,2.1145,0.216666666667
/home/ccollins/allmols/H/opt/m06hf/m06hf/1213-8.log,1213-8,---,[],"td M06HF/6-31g(d,p)",-8.23171573103,-0.020952765571,55,2.3634,-733.975346,2.1161,0.333333333333
/home/ccollins/allmols/H/opt/m06hf/m06hf/8513-.log,8513-,---,[],"td M06HF/6-31g(d,p)",-8.39063021277,-0.0821783792526,59,2.8818,-1056.9428368,2.1042,0.416666666667
/home/ccollins/allmols/H/opt/m06hf/m06hf/555-5-.log,555-5-,---,[],"td M06HF/6-31g(d,p)",-8.22518499891,0.549125726264,85,1.2916,-2208.2030052,4.4389,0.833333333333
/home/ccollins/allmols/H/opt/m06hf/m06hf/813-1313.log,813-1313,---,[],"td M06HF/6-31g(d,p)",-7.78218366969,0.00598650444887,72,1.9666,-923.0811719,2.1143,1.1
/home/ccollins/allmols/H/opt/m06hf/m06hf/5138-12-.log,5138-12-,---,[],"td M06HF/6-31g(d,p)",-8.08423003052,-0.119457975139,76,1.9035,-1285.7309701,2.1198,0.75
/home/ccollins/allmols/H/opt/m06hf/m06hf/4135.log,4135,---,[],"td M06HF/6-31g(d,p)",-7.92749245949,1.45798594714,59,1.1706,-992.8912541,4.9548,0.766666666667
/home/ccollins/allmols/H/opt/m06hf/m06hf/1255.log,1255,---,[],"td M06HF/6-31g(d,p)",-7.92585977646,0.603276380143,60,1.4536,-1333.4727403,4.2526,0.466666666667
/home/ccollins/allmols/H/opt/m06hf/m06hf/844-.log,844-,---,[],"td M06HF/6-31g(d,p)",-9.26275506543,-0.0380959374019,61,1.5950,-758.2649921,2.0652,0.75
/home/ccollins/allmols/H/opt/m06hf/m06hf/1213-13.log,1213-13,---,[],"td M06HF/6-31g(d,p)",-7.54353983325,2.05582005051,52,1.2735,-647.8525347,5.0446,0.6
/home/ccollins/allmols/H/opt/m06hf/m06hf/84-55-.log,84-55-,---,[],"td M06HF/6-31g(d,p)",-8.49430558527,-0.2038132651,83,1.4939,-1630.7678259,2.0661,1.18333333333
/home/ccollins/allmols/H/opt/m06hf/m06hf/125-13-.log,125-13-,---,[],"td M06HF/6-31g(d,p)",-7.85783131682,1.06287665351,56,1.6478,-990.6639093,4.5256,0.5
/home/ccollins/allmols/H/opt/m06hf/m06hf/488.log,488,---,[],"td M06HF/6-31g(d,p)",-10.0954234115,-0.916479408354,61,1.7252,-822.302601,1.9877,0.516666666667
/home/ccollins/allmols/H/opt/m06hf/m06hf/54-8-.log,54-8-,---,[],"td M06HF/6-31g(d,p)",-8.84886991694,-0.182860499529,62,1.7748,-1079.0093589,2.0669,0.666666666667
/home/ccollins/allmols/H/opt/m06hf/m06hf/85-13-.log,85-13-,---,[],"td M06HF/6-31g(d,p)",-8.38328313912,-0.118641633623,59,1.5092,-1056.9430054,2.1066,0.416666666667
/home/ccollins/allmols/H/opt/m06hf/m06hf/55-8-.log,55-8-,---,[],"td M06HF/6-31g(d,p)",-8.67852665399,-0.305855954569,63,1.7205,-1399.7536627,2.1042,0.45
/home/ccollins/allmols/H/opt/m06hf/m06hf/4554-.log,4554-,---,[],"td M06HF/6-31g(d,p)",-8.23117150335,0.706135411128,83,0.8190,-1566.7129092,4.6038,1.68333333333
/home/ccollins/allmols/H/opt/m06hf/m06hf/5135-.log,5135-,---,[],"td M06HF/6-31g(d,p)",-7.89021286361,1.30369740066,60,1.5982,-1313.6371389,4.7659,0.65
/home/ccollins/allmols/H/opt/m06hf/m06hf/131355-.log,131355-,---,[],"td M06HF/6-31g(d,p)",-7.677147728,0.854437453157,77,2.4592,-1522.5804198,4.4491,1.11666666667
/home/ccollins/allmols/H/opt/m06hf/m06hf/4812-.log,4812-,---,[],"td M06HF/6-31g(d,p)",-9.17241327102,-0.137145374647,58,0.7584,-756.0384377,2.0677,0.5
/home/ccollins/allmols/H/opt/m06hf/m06hf/12135-.log,12135-,---,[],"td M06HF/6-31g(d,p)",-7.56694162337,1.30097626227,56,1.8660,-990.6649136,4.5336,0.35
/home/ccollins/allmols/H/opt/m06hf/m06hf/48-4.log,48-4,---,[],"td M06HF/6-31g(d,p)",-9.43473101142,-0.164628872344,61,0.0000,-758.2708653,2.0349,0.483333333333
/home/ccollins/allmols/H/opt/m06hf/m06hf/48-88.log,48-88,---,[],"td M06HF/6-31g(d,p)",-10.1520230899,-1.48982326625,81,1.9236,-1117.3501545,1.9566,1.1
/home/ccollins/allmols/H/opt/m06hf/m06hf/41213.log,41213,---,[],"td M06HF/6-31g(d,p)",-7.65238536868,1.19811723129,55,1.3191,-669.9214298,4.6043,0.5
/home/ccollins/allmols/H/opt/m06hf/m06hf/1285.log,1285,---,[],"td M06HF/6-31g(d,p)",-9.03989383163,-0.232113104313,59,1.2297,-1076.7823348,2.1088,0.35
/home/ccollins/allmols/H/opt/m06hf/m06hf/125128.log,125128,---,[],"td M06HF/6-31g(d,p)",-8.05756287434,-0.111838787658,76,2.8481,-1305.5635858,2.1011,0.783333333333
/home/ccollins/allmols/H/opt/m06hf/m06hf/13513-.log,13513-,---,[],"td M06HF/6-31g(d,p)",-7.78136732817,1.4196178959,56,1.0464,-970.8235229,4.7289,0.533333333333
/home/ccollins/allmols/H/opt/m06hf/m06hf/84-5-.log,84-5-,---,[],"td M06HF/6-31g(d,p)",-8.8485978031,-0.182860499529,62,1.7748,-1079.0093589,2.0669,0.733333333333
/home/ccollins/allmols/H/opt/m06hf/m06hf/135-4.log,135-4,---,[],"td M06HF/6-31g(d,p)",-8.00232376511,1.12655129174,59,2.0587,-992.8901521,4.7977,0.7
/home/ccollins/allmols/H/opt/m06hf/m06hf/58.log,58,---,[],"td M06HF/6-31g(d,p)",-9.68616419827,-0.0729265087408,42,1.5242,-847.9975681,2.1049,0.2
/home/ccollins/allmols/H/opt/m06hf/m06hf/813138.log,813138,---,[],"td M06HF/6-31g(d,p)",-8.41756948279,-0.170343262954,75,0.6161,-1009.2038403,2.1155,1.11666666667
/home/ccollins/allmols/H/opt/m06hf/m06hf/1312-13-.log,1312-13-,---,[],"td M06HF/6-31g(d,p)",-7.39360510819,1.78016873202,52,1.8628,-647.8526255,4.6856,0.75
/home/ccollins/allmols/H/opt/m06hf/m06hf/1212-1212-.log,1212-1212-,---,[],"td M06HF/6-31g(d,p)",-7.61211252057,1.01226347954,69,0.0000,-916.3186513,4.3131,0.533333333333
/home/ccollins/allmols/H/opt/m06hf/m06hf/13413.log,13413,---,[],"td M06HF/6-31g(d,p)",-7.87660717168,1.45472058107,55,3.1548,-650.0782543,4.9860,0.55
/home/ccollins/allmols/H/opt/m06hf/m06hf/13512-4-.log,13512-4-,---,[],"td M06HF/6-31g(d,p)",-7.70980138863,0.744503462368,76,1.4603,-1221.6781171,4.2349,1.06666666667
/home/ccollins/allmols/H/opt/m06hf/m06hf/44-12.log,44-12,---,[],"td M06HF/6-31g(d,p)",-8.31988061473,1.03022299288,58,0.5162,-691.9859975,5.0086,0.55
/home/ccollins/allmols/H/opt/m06hf/m06hf/4513-.log,4513-,---,[],"td M06HF/6-31g(d,p)",-8.00205165127,1.1262791779,59,2.0587,-992.890152,4.7972,0.616666666667
/home/ccollins/allmols/H/opt/m06hf/m06hf/813-12.log,813-12,---,[],"td M06HF/6-31g(d,p)",-8.23198784487,-0.020952765571,55,2.3628,-733.9753459,2.1160,0.566666666667
/home/ccollins/allmols/H/opt/m06hf/m06hf/12138-.log,12138-,---,[],"td M06HF/6-31g(d,p)",-8.21538890072,0.0315652052758,55,2.4069,-733.9770794,2.1153,0.566666666667
/home/ccollins/allmols/H/opt/m06hf/m06hf/125-8.log,125-8,---,[],"td M06HF/6-31g(d,p)",-8.58546372119,-0.227759282896,59,1.8917,-1076.7828977,2.1050,0.483333333333
/home/ccollins/allmols/H/opt/m06hf/m06hf/131312-.log,131312-,---,[],"td M06HF/6-31g(d,p)",-7.63714699372,2.05092200141,52,3.0091,-647.8502011,5.0987,0.566666666667
/home/ccollins/allmols/H/opt/m06hf/m06hf/54-4.log,54-4,---,[],"td M06HF/6-31g(d,p)",-8.60233477918,0.965459899299,62,0.6369,-1014.9565053,5.1360,0.816666666667
/home/ccollins/allmols/H/opt/m06hf/m06hf/5513-4-.log,5513-4-,---,[],"td M06HF/6-31g(d,p)",-7.79769415849,0.919744774417,80,2.4791,-1544.6480295,4.4956,1.36666666667
/home/ccollins/allmols/H/opt/m06hf/m06hf/81312-13-.log,81312-13-,---,[],"td M06HF/6-31g(d,p)",-7.65347382404,-0.0663957766147,72,0.7648,-942.9226515,2.1192,0.85
/home/ccollins/allmols/H/opt/m06hf/m06hf/134-12-.log,134-12-,---,[],"td M06HF/6-31g(d,p)",-7.9296693702,1.15403478944,55,2.1095,-669.9199175,4.8163,0.483333333333
/home/ccollins/allmols/H/opt/m06hf/m06hf/58-55.log,58-55,---,[],"td M06HF/6-31g(d,p)",-8.47770664111,-0.517016293311,84,1.5117,-1951.5128771,2.1146,0.633333333333
/home/ccollins/allmols/H/opt/m06hf/m06hf/85-13.log,85-13,---,[],"td M06HF/6-31g(d,p)",-8.39063021277,-0.0821783792526,59,2.8818,-1056.9428368,2.1041,0.416666666667
/home/ccollins/allmols/H/opt/m06hf/m06hf/8454-.log,8454-,---,[],"td M06HF/6-31g(d,p)",-8.59716461625,-0.157826026379,82,1.8910,-1310.0224822,2.0649,1.55
/home/ccollins/allmols/H/opt/m06hf/m06hf/138-12.log,138-12,---,[],"td M06HF/6-31g(d,p)",-8.60832128363,0.0440824418508,55,1.0553,-733.9749338,2.1196,0.483333333333
/home/ccollins/allmols/H/opt/m06hf/m06hf/125-84-.log,125-84-,---,[],"td M06HF/6-31g(d,p)",-8.44614143584,-0.407898644039,79,0.6100,-1307.7999787,2.0761,0.883333333333
/home/ccollins/allmols/H/opt/m06hf/m06hf/412-12-13.log,412-12-13,---,[],"td M06HF/6-31g(d,p)",-7.43360584246,1.04845462007,72,2.2457,-898.7026317,4.3004,0.716666666667
/home/ccollins/allmols/H/opt/m06hf/m06hf/58-8-13-.log,58-8-13-,---,[],"td M06HF/6-31g(d,p)",-9.00424691877,-0.922738026641,79,2.1655,-1352.0015782,2.0190,1.11666666667
/home/ccollins/allmols/H/opt/m06hf/m06hf/1213-4-5.log,1213-4-5,---,[],"td M06HF/6-31g(d,p)",-7.70354277034,0.937160060086,76,2.1311,-1221.6762217,4.6156,0.9
/home/ccollins/allmols/H/opt/m06hf/m06hf/4124-.log,4124-,---,[],"td M06HF/6-31g(d,p)",-8.04831100383,0.977977135874,58,0.3886,-691.9885773,4.6665,0.65
/home/ccollins/allmols/H/opt/m06hf/m06hf/84-4-.log,84-4-,---,[],"td M06HF/6-31g(d,p)",-9.26275506543,-0.036735368209,61,1.5949,-758.2649918,2.0647,0.866666666667
/home/ccollins/allmols/H/opt/m06hf/m06hf/458.log,458,---,[],"td M06HF/6-31g(d,p)",-9.01894106606,-0.124356024233,62,2.0643,-1079.0092191,2.1053,0.616666666667
/home/ccollins/allmols/H/opt/m06hf/m06hf/88-84-.log,88-84-,---,[],"td M06HF/6-31g(d,p)",-10.1520230899,-1.48955115241,81,1.9230,-1117.3501545,3.1785,0.85
/home/ccollins/allmols/H/opt/m06hf/m06hf/51312-.log,51312-,---,[],"td M06HF/6-31g(d,p)",-7.75796553806,1.46315611007,56,1.6175,-990.6642099,4.8165,0.5
/home/ccollins/allmols/H/opt/m06hf/m06hf/41312.log,41312,---,[],"td M06HF/6-31g(d,p)",-7.66245358071,1.545878717,55,1.2332,-669.9208831,4.8616,0.483333333333
/home/ccollins/allmols/H/opt/m06hf/m06hf/5125-.log,5125-,---,[],"td M06HF/6-31g(d,p)",-7.90735603544,0.826409727782,60,0.5295,-1333.4768518,4.3795,0.433333333333
/home/ccollins/allmols/H/opt/m06hf/m06hf/812-4-13-.log,812-4-13-,---,[],"td M06HF/6-31g(d,p)",-8.10055686083,-0.0470756940752,75,1.2158,-964.981418,2.1011,0.866666666667
/home/ccollins/allmols/H/opt/m06hf/m06hf/1212-.log,1212-,---,[],"td M06HF/6-31g(d,p)",-8.28069622198,1.92983134324,35,0.0000,-458.7465098,5.3631,0.15
/home/ccollins/allmols/H/opt/m06hf/m06hf/5812-5-.log,5812-5-,---,[],"td M06HF/6-31g(d,p)",-8.39688883105,-0.348577827227,80,0.9227,-1628.5399667,2.1105,0.75
/home/ccollins/allmols/H/opt/m06hf/m06hf/544.log,544,---,[],"td M06HF/6-31g(d,p)",-8.60233477918,0.965459899299,62,0.6369,-1014.9565053,5.1360,0.8
/home/ccollins/allmols/H/opt/m06hf/m06hf/548-12.log,548-12,---,[],"td M06HF/6-31g(d,p)",-8.79308658003,-0.306672296085,79,1.2374,-1307.7956422,2.0696,1.11666666667
/home/ccollins/allmols/H/opt/m06hf/m06hf/412-5-8-.log,412-5-8-,---,[],"td M06HF/6-31g(d,p)",-8.15606808391,-0.274562863132,79,2.3142,-1307.7967869,2.1052,0.833333333333
/home/ccollins/allmols/H/opt/m06hf/m06hf/5412-12-.log,5412-12-,---,[],"td M06HF/6-31g(d,p)",-7.89538302654,0.718108420026,76,0.9293,-1241.5152093,4.4724,0.816666666667
/home/ccollins/allmols/H/opt/m06hf/m06hf/1212-13-8.log,1212-13-8,---,[],"td M06HF/6-31g(d,p)",-7.86844375652,-0.00489804909453,72,2.1888,-962.7632166,2.1157,0.533333333333
/home/ccollins/allmols/H/opt/m06hf/m06hf/813-8.log,813-8,---,[],"td M06HF/6-31g(d,p)",-9.23527156773,-0.435926369413,58,0.6744,-800.2561843,2.1163,0.5
/home/ccollins/allmols/H/opt/m06hf/m06hf/512-12-.log,512-12-,---,[],"td M06HF/6-31g(d,p)",-7.85837554449,1.04954307542,56,0.6966,-1010.5018573,4.5162,0.333333333333
/home/ccollins/allmols/H/opt/m06hf/m06hf/44-4.log,44-4,---,[],"td M06HF/6-31g(d,p)",-8.74601088596,1.14070121135,61,0.0000,-694.2104766,5.4642,0.966666666667
/home/ccollins/allmols/H/opt/m06hf/m06hf/88.log,88,---,[],"td M06HF/6-31g(d,p)",-11.138163641,-0.834028915263,41,0.0003,-591.2842803,2.0040,0.15
/home/ccollins/allmols/H/opt/m06hf/m06hf/8134-.log,8134-,---,[],"td M06HF/6-31g(d,p)",-8.51090452942,0.0204085378939,58,2.2535,-736.2032194,2.1142,0.666666666667
/home/ccollins/allmols/H/opt/m06hf/m06hf/512.log,512,---,[],"td M06HF/6-31g(d,p)",-8.35062947849,1.37118163263,39,1.0846,-781.7184289,5.0198,0.15
/home/ccollins/allmols/H/opt/m06hf/m06hf/55-8-4-.log,55-8-4-,---,[],"td M06HF/6-31g(d,p)",-8.53212940883,-0.460416614886,83,0.4533,-1630.7708633,2.0756,0.866666666667
/home/ccollins/allmols/H/opt/m06hf/m06hf/138-13.log,138-13,---,[],"td M06HF/6-31g(d,p)",-8.35090159233,0.121634885847,55,3.1532,-714.1430586,2.1270,0.383333333333
/home/ccollins/allmols/H/opt/m06hf/m06hf/545-8-.log,545-8-,---,[],"td M06HF/6-31g(d,p)",-8.70192844411,-0.216874729352,83,1.8072,-1630.766599,2.1031,1.16666666667
/home/ccollins/allmols/H/opt/m06hf/m06hf/485.log,485,---,[],"td M06HF/6-31g(d,p)",-9.24289075521,-0.252521642207,62,0.6001,-1079.0147058,2.0745,0.666666666667
/home/ccollins/allmols/H/opt/m06hf/m06hf/1313-12-13-.log,1313-12-13-,---,[],"td M06HF/6-31g(d,p)",-7.11686533435,1.51893944698,69,1.7096,-856.7985697,4.3634,0.716666666667
/home/ccollins/allmols/H/opt/m06hf/m06hf/134-8.log,134-8,---,[],"td M06HF/6-31g(d,p)",-8.29321345855,-0.0168710579923,58,2.1127,-736.1974764,2.0659,0.616666666667
/home/ccollins/allmols/H/opt/m06hf/m06hf/54-5-13.log,54-5-13,---,[],"td M06HF/6-31g(d,p)",-7.95388750184,0.699332565163,80,1.5503,-1544.6475529,4.5697,0.816666666667
/home/ccollins/allmols/H/opt/m06hf/m06hf/1244-.log,1244-,---,[],"td M06HF/6-31g(d,p)",-8.31988061473,1.03022299288,58,0.5162,-691.9859975,5.0086,0.566666666667
/home/ccollins/allmols/H/opt/m06hf/m06hf/128-13.log,128-13,---,[],"td M06HF/6-31g(d,p)",-8.60832128363,0.0440824418508,55,1.0553,-733.9749338,2.1196,0.433333333333
/home/ccollins/allmols/H/opt/m06hf/m06hf/134-13-.log,134-13-,---,[],"td M06HF/6-31g(d,p)",-7.85021212934,1.45716960562,55,2.0510,-650.0782653,4.9686,0.55
/home/ccollins/allmols/H/opt/m06hf/m06hf/12128-13-.log,12128-13-,---,[],"td M06HF/6-31g(d,p)",-8.18763328918,-0.0470756940752,72,2.3260,-962.756972,2.1159,0.533333333333
/home/ccollins/allmols/H/opt/m06hf/m06hf/1212134.log,1212134,---,[],"td M06HF/6-31g(d,p)",-7.4303404764,1.26424089407,72,1.5863,-898.7045952,4.4201,0.7
/home/ccollins/allmols/H/opt/m06hf/m06hf/135-5-.log,135-5-,---,[],"td M06HF/6-31g(d,p)",-8.01103140794,1.05444112452,60,2.6490,-1313.634768,4.6950,0.533333333333
/home/ccollins/allmols/H/opt/m06hf/m06hf/128-5-.log,128-5-,---,[],"td M06HF/6-31g(d,p)",-9.03934960395,-0.233745787344,59,0.2294,-1076.7823213,2.1086,0.416666666667
/home/ccollins/allmols/H/opt/m06hf/m06hf/45-.log,45-,---,[],"td M06HF/6-31g(d,p)",-8.83499211117,1.36138553444,42,0.6451,-783.9451792,5.4441,0.266666666667
/home/ccollins/allmols/H/opt/m06hf/m06hf/88-48-.log,88-48-,---,[],"td M06HF/6-31g(d,p)",-10.1735200832,-1.26342455255,81,0.4614,-1117.3662534,1.9904,0.883333333333
/home/ccollins/allmols/H/opt/m06hf/m06hf/88-8.log,88-8,---,[],"td M06HF/6-31g(d,p)",-11.1885047011,-1.52302115456,61,0.0003,-886.3316131,1.9623,0.3
/home/ccollins/allmols/H/opt/m06hf/m06hf/1212128-.log,1212128-,---,[],"td M06HF/6-31g(d,p)",-7.99361612227,0.0315652052758,72,2.7495,-982.5860152,2.0967,0.666666666667
/home/ccollins/allmols/H/opt/m06hf/m06hf/558-4-.log,558-4-,---,[],"td M06HF/6-31g(d,p)",-8.7449224306,-0.382864170889,83,1.1123,-1630.7707898,2.0741,0.966666666667
/home/ccollins/allmols/H/opt/m06hf/m06hf/512-124-.log,512-124-,---,[],"td M06HF/6-31g(d,p)",-7.6877601677,0.760286065006,76,0.6469,-1241.5191766,4.2299,0.783333333333
/home/ccollins/allmols/H/opt/m06hf/m06hf/1213-4.log,1213-4,---,[],"td M06HF/6-31g(d,p)",-7.73538008945,1.53635473265,55,1.9786,-669.9188257,4.9072,0.466666666667
/home/ccollins/allmols/H/opt/m06hf/m06hf/135-58.log,135-58,---,[],"td M06HF/6-31g(d,p)",-8.18055832938,-0.25578700827,80,2.7624,-1608.6995394,2.1049,1.01666666667
/home/ccollins/allmols/H/opt/m06hf/m06hf/124-8-.log,124-8-,---,[],"td M06HF/6-31g(d,p)",-8.71716681907,-0.0873485421858,58,1.9881,-756.0406072,2.0653,0.7
/home/ccollins/allmols/H/opt/m06hf/m06hf/1354.log,1354,---,[],"td M06HF/6-31g(d,p)",-8.02082750613,1.10342161546,59,1.4584,-992.8900872,4.7990,0.733333333333
/home/ccollins/allmols/H/opt/m06hf/m06hf/121312-.log,121312-,---,[],"td M06HF/6-31g(d,p)",-7.51714479091,1.68003083942,52,1.7565,-667.6932329,4.7516,0.366666666667
/home/ccollins/allmols/H/opt/m06hf/m06hf/4445-.log,4445-,---,[],"td M06HF/6-31g(d,p)",-8.52151696913,0.845185582645,82,0.6715,-1245.9678822,5.0710,1.61666666667
/home/ccollins/allmols/H/opt/m06hf/m06hf/135-5-13.log,135-5-13,---,[],"td M06HF/6-31g(d,p)",-7.82762668073,0.926547620382,77,3.7875,-1522.5795409,4.4852,0.983333333333
/home/ccollins/allmols/H/opt/m06hf/m06hf/84-12-.log,84-12-,---,[],"td M06HF/6-31g(d,p)",-8.71825527442,-0.0873485421858,58,1.9854,-756.0406069,2.0647,0.7
/home/ccollins/allmols/H/opt/m06hf/m06hf/5412-12.log,5412-12,---,[],"td M06HF/6-31g(d,p)",-7.8654505043,0.667495246049,76,0.7659,-1241.5181418,4.4077,0.816666666667
/home/ccollins/allmols/H/opt/m06hf/m06hf/558-5-.log,558-5-,---,[],"td M06HF/6-31g(d,p)",-8.47389704737,-0.518104748666,84,0.8451,-1951.512814,2.1144,0.7
/home/ccollins/allmols/H/opt/m06hf/m06hf/8135-4.log,8135-4,---,[],"td M06HF/6-31g(d,p)",-8.26845109924,-0.0310209775987,79,2.5313,-1287.9596241,2.1147,1.13333333333
/home/ccollins/allmols/H/opt/m06hf/m06hf/131312-5.log,131312-5,---,[],"td M06HF/6-31g(d,p)",-7.49292665927,1.10587064001,73,2.1975,-1199.6087596,4.4043,1.05
/home/ccollins/allmols/H/opt/m06hf/m06hf/124-13-.log,124-13-,---,[],"td M06HF/6-31g(d,p)",-7.92939725636,1.15403478944,55,2.1092,-669.9199175,4.8163,0.516666666667
/home/ccollins/allmols/H/opt/m06hf/m06hf/12413.log,12413,---,[],"td M06HF/6-31g(d,p)",-7.92395497959,1.15131365105,55,1.4430,-669.920014,4.8096,0.483333333333
/home/ccollins/allmols/H/opt/m06hf/m06hf/45-12.log,45-12,---,[],"td M06HF/6-31g(d,p)",-8.11416255276,0.855253794672,59,0.1317,-1012.7304475,4.5924,0.566666666667
/home/ccollins/allmols/H/opt/m06hf/m06hf/55-.log,55-,---,[],"td M06HF/6-31g(d,p)",-8.48151623485,0.989950144772,43,0.0006,-1104.6897529,4.7774,0.133333333333
/home/ccollins/allmols/H/opt/m06hf/m06hf/81313-.log,81313-,---,[],"td M06HF/6-31g(d,p)",-8.11633946347,0.0397286204334,55,2.2497,-714.1366462,2.1139,0.45
/home/ccollins/allmols/H/opt/m06hf/m06hf/131313-.log,131313-,---,[],"td M06HF/6-31g(d,p)",-7.55360804528,2.56113544876,52,1.2707,-628.011602,5.4245,0.516666666667
/home/ccollins/allmols/H/opt/m06hf/m06hf/44-4-12-.log,44-4-12-,---,[],"td M06HF/6-31g(d,p)",-8.26436939166,0.825049158589,78,0.5107,-922.9973026,4.8899,0.933333333333
/home/ccollins/allmols/H/opt/m06hf/m06hf/1212-55-.log,1212-55-,---,[],"td M06HF/6-31g(d,p)",-7.71333886853,0.43075620648,77,0.1433,-1562.2612984,4.0273,0.616666666667
/home/ccollins/allmols/H/opt/m06hf/m06hf/88-4-8.log,88-4-8,---,[],"td M06HF/6-31g(d,p)",-10.1735200832,-1.26342455255,81,0.4614,-1117.3662534,1.9904,0.9
/home/ccollins/allmols/H/opt/m06hf/m06hf/813-5-.log,813-5-,---,[],"td M06HF/6-31g(d,p)",-8.4600192416,-0.0133335780907,59,2.1890,-1056.9478987,2.1155,0.55
/home/ccollins/allmols/H/opt/m06hf/m06hf/85-138.log,85-138,---,[],"td M06HF/6-31g(d,p)",-8.49348924375,-0.514839382603,79,1.5318,-1352.0103508,2.1080,0.883333333333
/home/ccollins/allmols/H/opt/m06hf/m06hf/88-.log,88-,---,[],"td M06HF/6-31g(d,p)",-11.138163641,-0.834028915263,41,0.0004,-591.2842803,2.0040,0.15
/home/ccollins/allmols/H/opt/m06hf/m06hf/812-.log,812-,---,[],"td M06HF/6-31g(d,p)",-9.58548207799,-0.0179595133466,38,1.7485,-525.0212611,2.0971,0.133333333333
/home/ccollins/allmols/H/opt/m06hf/m06hf/1213135.log,1213135,---,[],"td M06HF/6-31g(d,p)",-7.5065323512,1.56002863661,73,2.3445,-1199.6108533,4.8002,0.966666666667
/home/ccollins/allmols/H/opt/m06hf/m06hf/1313-12.log,1313-12,---,[],"td M06HF/6-31g(d,p)",-7.54326771941,2.05554793667,52,1.2742,-647.8525347,5.0444,0.6
/home/ccollins/allmols/H/opt/m06hf/m06hf/44-.log,44-,---,[],"td M06HF/6-31g(d,p)",-9.10329635602,1.57771603612,41,0.0000,-463.1991811,5.6880,0.15
/home/ccollins/allmols/H/opt/m06hf/m06hf/551212-.log,551212-,---,[],"td M06HF/6-31g(d,p)",-7.65837187313,0.445178239925,77,0.8610,-1562.2589537,4.0118,0.75
/home/ccollins/allmols/H/opt/m06hf/m06hf/54-8-4-.log,54-8-4-,---,[],"td M06HF/6-31g(d,p)",-8.85676121826,-0.3229991264,82,0.6652,-1310.0280019,2.0366,1.11666666667
/home/ccollins/allmols/H/opt/m06hf/m06hf/1312.log,1312,---,[],"td M06HF/6-31g(d,p)",-7.8831379038,2.28956583785,35,1.3712,-438.9078069,5.3663,0.15
/home/ccollins/allmols/H/opt/m06hf/m06hf/58-13-8.log,58-13-8,---,[],"td M06HF/6-31g(d,p)",-8.87363227625,-0.606541746206,79,2.1593,-1352.0172329,2.1153,1.23333333333
/home/ccollins/allmols/H/opt/m06hf/m06hf/4413-13.log,4413-13,---,[],"td M06HF/6-31g(d,p)",-7.60639812996,1.18451153936,75,1.2657,-881.0915598,4.8357,1.33333333333
/home/ccollins/allmols/H/opt/m06hf/m06hf/512138.log,512138,---,[],"td M06HF/6-31g(d,p)",-7.87089278107,0.0263950423427,76,2.8943,-1285.7350716,2.1144,0.883333333333
/home/ccollins/allmols/H/opt/m06hf/m06hf/131244-.log,131244-,---,[],"td M06HF/6-31g(d,p)",-7.61701056967,0.865594120539,75,1.3576,-900.9330485,4.4439,1.21666666667
/home/ccollins/allmols/H/opt/m06hf/m06hf/13513-13.log,13513-13,---,[],"td M06HF/6-31g(d,p)",-7.591159755,1.33471837826,73,1.0850,-1179.7701621,4.6102,0.916666666667
/home/ccollins/allmols/H/opt/m06hf/m06hf/12813.log,12813,---,[],"td M06HF/6-31g(d,p)",-8.60832128363,0.0440824418508,55,1.0553,-733.9749338,2.1196,0.433333333333
/home/ccollins/allmols/H/opt/m06hf/m06hf/812.log,812,---,[],"td M06HF/6-31g(d,p)",-9.58548207799,-0.0182316271852,38,1.7483,-525.0212611,2.0972,0.133333333333
/home/ccollins/allmols/H/opt/m06hf/m06hf/512-12-4-.log,512-12-4-,---,[],"td M06HF/6-31g(d,p)",-7.6651747191,0.78259939977,76,0.5014,-1241.5162605,4.2235,0.8
/home/ccollins/allmols/H/opt/m06hf/m06hf/412-5.log,412-5,---,[],"td M06HF/6-31g(d,p)",-7.98245945489,0.900152578039,59,0.2871,-1012.7329088,4.5075,0.583333333333
/home/ccollins/allmols/H/opt/m06hf/m06hf/58-134-.log,58-134-,---,[],"td M06HF/6-31g(d,p)",-8.29430191391,-0.159730823249,79,1.1432,-1287.9638461,2.1229,1.35
/home/ccollins/allmols/H/opt/m06hf/m06hf/41312-5-.log,41312-5-,---,[],"td M06HF/6-31g(d,p)",-7.50489966817,1.05444112452,76,2.2091,-1221.6768821,4.3519,0.9
/home/ccollins/allmols/H/opt/m06hf/m06hf/513-.log,513-,---,[],"td M06HF/6-31g(d,p)",-7.9881738455,1.61417929049,39,2.2206,-761.8769125,4.9426,0.166666666667
/home/ccollins/allmols/H/opt/m06hf/m06hf/84-4-8.log,84-4-8,---,[],"td M06HF/6-31g(d,p)",-9.45758857386,-0.394565065948,81,0.0001,-1053.330431,2.0659,1.6
/home/ccollins/allmols/H/opt/m06hf/m06hf/58-58-.log,58-58-,---,[],"td M06HF/6-31g(d,p)",-9.22465912803,-0.914846725322,83,2.0858,-1694.820659,2.1046,1.21666666667
/home/ccollins/allmols/H/opt/m06hf/m06hf/48-12-.log,48-12-,---,[],"td M06HF/6-31g(d,p)",-9.17241327102,-0.137145374647,58,0.7584,-756.0384377,2.0677,0.5
/home/ccollins/allmols/H/opt/m06hf/m06hf/84-5.log,84-5,---,[],"td M06HF/6-31g(d,p)",-8.8485978031,-0.182860499529,62,1.7748,-1079.0093589,2.0669,0.666666666667
/home/ccollins/allmols/H/opt/m06hf/m06hf/88-1312-.log,88-1312-,---,[],"td M06HF/6-31g(d,p)",-8.3577044383,-0.875390218728,75,2.9847,-1029.0248786,2.0111,0.883333333333
/home/ccollins/allmols/H/opt/m06hf/m06hf/41313-.log,41313-,---,[],"td M06HF/6-31g(d,p)",-7.67143333739,1.74724295755,55,1.0823,-650.0796662,5.1479,0.583333333333
/home/ccollins/allmols/H/opt/m06hf/m06hf/85125.log,85125,---,[],"td M06HF/6-31g(d,p)",-8.07035222475,-0.281365709097,80,2.8219,-1628.5400691,2.1049,0.7
/home/ccollins/allmols/H/opt/m06hf/m06hf/5134.log,5134,---,[],"td M06HF/6-31g(d,p)",-7.91361465373,1.39458342275,59,1.2502,-992.8918171,4.8867,0.666666666667
/home/ccollins/allmols/H/opt/m06hf/m06hf/84-13.log,84-13,---,[],"td M06HF/6-31g(d,p)",-8.41321566137,-0.0340142298231,58,1.9641,-736.1992058,2.0636,0.683333333333
/home/ccollins/allmols/H/opt/m06hf/m06hf/125-.log,125-,---,[],"td M06HF/6-31g(d,p)",-8.37131013023,1.3646509005,39,0.2069,-781.7188382,5.0179,0.166666666667
/home/ccollins/allmols/H/opt/m06hf/m06hf/4513-13.log,4513-13,---,[],"td M06HF/6-31g(d,p)",-7.64014024595,1.0881832405,76,1.4841,-1201.8366833,4.6366,1.1
/home/ccollins/allmols/H/opt/m06hf/m06hf/1388.log,1388,---,[],"td M06HF/6-31g(d,p)",-9.14520188716,-0.797565660892,58,2.4019,-800.2397498,2.0119,0.466666666667
/home/ccollins/allmols/H/opt/m06hf/m06hf/13125-.log,13125-,---,[],"td M06HF/6-31g(d,p)",-7.62653455402,1.09988413556,56,1.5857,-990.6659538,4.4469,0.35
/home/ccollins/allmols/H/opt/m06hf/m06hf/54-4-5-.log,54-4-5-,---,[],"td M06HF/6-31g(d,p)",-8.46437306302,0.709128663352,83,0.4528,-1566.7139328,4.9292,1.58333333333
/home/ccollins/allmols/H/opt/m06hf/m06hf/58-12.log,58-12,---,[],"td M06HF/6-31g(d,p)",-9.03989383163,-0.232113104313,59,1.2295,-1076.7823348,2.1087,0.366666666667
/home/ccollins/allmols/H/opt/m06hf/m06hf/124-128-.log,124-128-,---,[],"td M06HF/6-31g(d,p)",-8.25103581357,-0.0778245578353,75,2.5226,-984.8227446,2.1009,0.966666666667
/home/ccollins/allmols/H/opt/m06hf/m06hf/84-513-.log,84-513-,---,[],"td M06HF/6-31g(d,p)",-8.15634019774,-0.139322285355,79,2.7760,-1287.9558483,2.0656,1.25
/home/ccollins/allmols/H/opt/m06hf/m06hf/88-8-.log,88-8-,---,[],"td M06HF/6-31g(d,p)",-11.1885047011,-1.52302115456,61,0.0003,-886.3316131,1.9623,0.283333333333
/home/ccollins/allmols/H/opt/m06hf/m06hf/81312-.log,81312-,---,[],"td M06HF/6-31g(d,p)",-8.23198784487,-0.020952765571,55,2.3628,-733.9753459,2.1160,0.5
/home/ccollins/allmols/H/opt/m06hf/m06hf/1344.log,1344,---,[],"td M06HF/6-31g(d,p)",-8.12069328489,1.24709772223,58,1.6660,-672.1444444,5.1320,0.633333333333
/home/ccollins/allmols/H/opt/m06hf/m06hf/125-5.log,125-5,---,[],"td M06HF/6-31g(d,p)",-7.97946620266,0.58259572841,60,0.6107,-1333.4749402,4.2503,0.5
/home/ccollins/allmols/H/opt/m06hf/m06hf/1313-124.log,1313-124,---,[],"td M06HF/6-31g(d,p)",-7.41863958134,1.22451227363,72,1.2498,-878.8668159,4.5133,0.766666666667
/home/ccollins/allmols/H/opt/m06hf/m06hf/13454-.log,13454-,---,[],"td M06HF/6-31g(d,p)",-7.99035075621,0.776340781483,79,1.6869,-1223.9020405,4.6415,1.08333333333
/home/ccollins/allmols/H/opt/m06hf/m06hf/8138-5.log,8138-5,---,[],"td M06HF/6-31g(d,p)",-8.87363227625,-0.60763020156,79,1.8585,-1352.017277,4.1322,0.7
/home/ccollins/allmols/H/opt/m06hf/m06hf/513-1312.log,513-1312,---,[],"td M06HF/6-31g(d,p)",-7.41428575992,1.51458562556,73,1.3009,-1199.6129187,4.6998,1.01666666667
/home/ccollins/allmols/H/opt/m06hf/m06hf/513-12-.log,513-12-,---,[],"td M06HF/6-31g(d,p)",-7.56694162337,1.30097626227,56,1.8660,-990.6649136,4.5336,0.35
/home/ccollins/allmols/H/opt/m06hf/m06hf/125-4-.log,125-4-,---,[],"td M06HF/6-31g(d,p)",-8.11416255276,0.855525908511,59,0.1315,-1012.7304476,4.5924,0.6
/home/ccollins/allmols/H/opt/m06hf/m06hf/1213-12.log,1213-12,---,[],"td M06HF/6-31g(d,p)",-7.54680519931,1.65118677253,52,2.4580,-667.6907406,4.7400,0.333333333333
/home/ccollins/allmols/H/opt/m06hf/m06hf/413-.log,413-,---,[],"td M06HF/6-31g(d,p)",-8.20640914404,1.87432012017,38,1.6902,-441.1330145,5.4866,0.25
/home/ccollins/allmols/H/opt/m06hf/m06hf/8131313-.log,8131313-,---,[],"td M06HF/6-31g(d,p)",-7.40258486486,0.011156667382,72,2.7843,-923.0769018,3.9990,0.6
/home/ccollins/allmols/H/opt/m06hf/m06hf/121313-8.log,121313-8,---,[],"td M06HF/6-31g(d,p)",-7.5925203242,0.0282998392128,72,2.5715,-942.9229007,2.1179,0.916666666667
/home/ccollins/allmols/H/opt/m06hf/m06hf/4121312.log,4121312,---,[],"td M06HF/6-31g(d,p)",-7.3612235614,1.07430543473,72,0.9089,-898.7092084,4.3261,0.716666666667
/home/ccollins/allmols/H/opt/m06hf/m06hf/125-4.log,125-4,---,[],"td M06HF/6-31g(d,p)",-8.11416255276,0.85579802235,59,0.1310,-1012.7304476,4.5927,0.616666666667
/home/ccollins/allmols/H/opt/m06hf/m06hf/128-124.log,128-124,---,[],"td M06HF/6-31g(d,p)",-8.49022387769,-0.222589119962,75,0.8070,-984.8206831,2.1081,0.6
/home/ccollins/allmols/H/opt/m06hf/m06hf/1213-134-.log,1213-134-,---,[],"td M06HF/6-31g(d,p)",-7.44884421742,1.60275050927,72,1.0826,-878.8652361,4.8184,0.75
/home/ccollins/allmols/H/opt/m06hf/m06hf/413-13.log,413-13,---,[],"td M06HF/6-31g(d,p)",-7.67170545122,1.74751507139,55,1.0821,-650.0796662,5.1482,0.566666666667
/home/ccollins/allmols/H/opt/m06hf/m06hf/12413-5.log,12413-5,---,[],"td M06HF/6-31g(d,p)",-7.75796553806,0.950765752016,76,2.3908,-1221.6786893,4.5618,0.916666666667
/home/ccollins/allmols/H/opt/m06hf/m06hf/513.log,513,---,[],"td M06HF/6-31g(d,p)",-7.9691258768,1.58914481734,39,1.0066,-761.8769133,4.9451,0.15
/home/ccollins/allmols/H/opt/m06hf/m06hf/51213-12.log,51213-12,---,[],"td M06HF/6-31g(d,p)",-7.38789071758,1.00818177196,73,2.7273,-1219.4487555,4.2531,0.716666666667
/home/ccollins/allmols/H/opt/m06hf/m06hf/138-5-5-.log,138-5-5-,---,[],"td M06HF/6-31g(d,p)",-8.45131159877,-0.251161073014,80,2.4760,-1608.7070763,2.1253,1.11666666667
/home/ccollins/allmols/H/opt/m06hf/m06hf/513-4-.log,513-4-,---,[],"td M06HF/6-31g(d,p)",-7.89075709129,1.37145374647,59,1.9655,-992.8917666,4.8447,0.6
/home/ccollins/allmols/H/opt/m06hf/m06hf/5134-.log,5134-,---,[],"td M06HF/6-31g(d,p)",-7.91361465373,1.39458342275,59,1.2503,-992.8918171,4.8867,0.65
/home/ccollins/allmols/H/opt/m06hf/m06hf/88-13-.log,88-13-,---,[],"td M06HF/6-31g(d,p)",-9.14520188716,-0.797565660892,58,2.4015,-800.2397498,2.0119,0.416666666667
/home/ccollins/allmols/H/opt/m06hf/m06hf/812-5-8-.log,812-5-8-,---,[],"td M06HF/6-31g(d,p)",-8.7653309685,-0.601371583273,79,2.4247,-1371.8418714,2.1020,1.25
/home/ccollins/allmols/H/opt/m06hf/m06hf/85-5.log,85-5,---,[],"td M06HF/6-31g(d,p)",-8.67771031247,-0.305855954569,63,1.7211,-1399.7536628,2.1045,0.5
/home/ccollins/allmols/H/opt/m06hf/m06hf/1313128-.log,1313128-,---,[],"td M06HF/6-31g(d,p)",-7.74327139077,-0.0636746382289,72,1.0817,-942.9150655,2.1025,0.583333333333
/home/ccollins/allmols/H/opt/m06hf/m06hf/58-.log,58-,---,[],"td M06HF/6-31g(d,p)",-9.68643631211,-0.0737428502565,42,1.5244,-847.9975681,2.1053,0.2
/home/ccollins/allmols/H/opt/m06hf/m06hf/128-54-.log,128-54-,---,[],"td M06HF/6-31g(d,p)",-8.7152620222,-0.312658800534,79,0.9771,-1307.7941436,2.1075,0.866666666667
/home/ccollins/allmols/H/opt/m06hf/m06hf/541313-.log,541313-,---,[],"td M06HF/6-31g(d,p)",-7.61646634199,0.997569332252,76,1.8618,-1201.8374915,4.6801,0.983333333333
/home/ccollins/allmols/H/opt/m06hf/m06hf/138-1312.log,138-1312,---,[],"td M06HF/6-31g(d,p)",-7.92368286575,0.0936071604732,72,3.1426,-942.9298553,2.1300,0.6
/home/ccollins/allmols/H/opt/m06hf/m06hf/12813-.log,12813-,---,[],"td M06HF/6-31g(d,p)",-8.60859339747,0.051157401654,55,2.2908,-733.9746269,2.1153,0.433333333333
/home/ccollins/allmols/H/opt/m06hf/m06hf/45-5-.log,45-5-,---,[],"td M06HF/6-31g(d,p)",-8.40396379086,0.882465178531,63,1.0168,-1335.7015113,4.8212,0.65
/home/ccollins/allmols/H/opt/m06hf/m06hf/1388-12-.log,1388-12-,---,[],"td M06HF/6-31g(d,p)",-8.98873642998,-0.86913160044,75,2.3150,-1029.0251944,2.0153,0.833333333333
/home/ccollins/allmols/H/opt/m06hf/m06hf/125.log,125,---,[],"td M06HF/6-31g(d,p)",-8.35144582001,1.37199797415,39,1.0830,-781.7184287,5.0211,0.15
/home/ccollins/allmols/H/opt/m06hf/m06hf/513-8.log,513-8,---,[],"td M06HF/6-31g(d,p)",-8.30056053219,-0.040000734272,59,2.2449,-1056.9469423,2.1164,0.383333333333
/home/ccollins/allmols/H/opt/m06hf/m06hf/134-8-.log,134-8-,---,[],"td M06HF/6-31g(d,p)",-8.29321345855,-0.0168710579923,58,2.1127,-736.1974764,2.0659,0.583333333333
/home/ccollins/allmols/H/opt/m06hf/m06hf/134-13-13-.log,134-13-13-,---,[],"td M06HF/6-31g(d,p)",-7.61184040674,1.29471764399,72,1.6661,-859.0232309,4.7524,0.766666666667
/home/ccollins/allmols/H/opt/m06hf/m06hf/513-48.log,513-48,---,[],"td M06HF/6-31g(d,p)",-7.8619130244,-0.140682854548,79,2.0354,-1287.9542411,4.0974,0.85
/home/ccollins/allmols/H/opt/m06hf/m06hf/13138-5-.log,13138-5-,---,[],"td M06HF/6-31g(d,p)",-8.05647441898,-0.164900986182,76,2.9746,-1265.8953219,2.1266,1.05
/home/ccollins/allmols/H/opt/m06hf/m06hf/5513-.log,5513-,---,[],"td M06HF/6-31g(d,p)",-7.70245431498,0.731441998116,60,2.6727,-1313.6313288,4.2068,0.5
/home/ccollins/allmols/H/opt/m06hf/m06hf/858-.log,858-,---,[],"td M06HF/6-31g(d,p)",-9.76670989449,-0.822600134042,62,0.9256,-1143.0593758,2.1073,0.533333333333
/home/ccollins/allmols/H/opt/m06hf/m06hf/12413-4-.log,12413-4-,---,[],"td M06HF/6-31g(d,p)",-7.73102626804,0.976072339004,75,1.9144,-900.9333868,4.5681,1.11666666667
/home/ccollins/allmols/H/opt/m06hf/m06hf/135-13-12-.log,135-13-12-,---,[],"td M06HF/6-31g(d,p)",-7.25727607506,0.961650305559,73,1.0374,-1199.6078805,4.0890,0.733333333333
/home/ccollins/allmols/H/opt/m06hf/m06hf/125-13-8.log,125-13-8,---,[],"td M06HF/6-31g(d,p)",-7.92939725636,-0.05768813378,76,2.3124,-1285.7316638,3.9757,0.633333333333
/home/ccollins/allmols/H/opt/m06hf/m06hf/54-13.log,54-13,---,[],"td M06HF/6-31g(d,p)",-8.10926450367,1.08301307757,59,1.0259,-992.8906123,4.9436,0.666666666667
/home/ccollins/allmols/H/opt/m06hf/m06hf/812-12-12-.log,812-12-12-,---,[],"td M06HF/6-31g(d,p)",-7.99334400843,0.0315652052758,72,2.7498,-982.5860151,2.0967,0.8
/home/ccollins/allmols/H/opt/m06hf/m06hf/12138-13-.log,12138-13-,---,[],"td M06HF/6-31g(d,p)",-7.9155194506,0.0723822810636,72,0.7010,-942.9301384,2.1421,0.583333333333
/home/ccollins/allmols/H/opt/m06hf/m06hf/48-.log,48-,---,[],"td M06HF/6-31g(d,p)",-9.99610186042,-0.0380959374019,41,1.2210,-527.2537371,2.0640,0.283333333333
/home/ccollins/allmols/H/opt/m06hf/m06hf/128-.log,128-,---,[],"td M06HF/6-31g(d,p)",-9.58548207799,-0.0179595133466,38,1.7485,-525.0212611,2.0971,0.133333333333
/home/ccollins/allmols/H/opt/m06hf/m06hf/131212-.log,131212-,---,[],"td M06HF/6-31g(d,p)",-7.59306455187,1.49825879525,52,1.6735,-667.6936495,4.6405,0.366666666667
/home/ccollins/allmols/H/opt/m06hf/m06hf/545-5-.log,545-5-,---,[],"td M06HF/6-31g(d,p)",-8.2695395546,0.55184686465,84,0.6169,-1887.4588462,4.5819,0.933333333333
/home/ccollins/allmols/H/opt/m06hf/m06hf/544-13.log,544-13,---,[],"td M06HF/6-31g(d,p)",-8.12069328489,0.865049892861,79,1.3112,-1223.9018328,4.9300,1.26666666667
/home/ccollins/allmols/H/opt/m06hf/m06hf/812-1212-.log,812-1212-,---,[],"td M06HF/6-31g(d,p)",-8.05946767121,-0.0457151248823,72,2.1702,-982.5935404,2.1004,0.683333333333
/home/ccollins/allmols/H/opt/m06hf/m06hf/513-4-5.log,513-4-5,---,[],"td M06HF/6-31g(d,p)",-7.86490627662,0.915118839161,80,2.1642,-1544.6491764,4.6442,0.95
/home/ccollins/allmols/H/opt/m06hf/m06hf/13812.log,13812,---,[],"td M06HF/6-31g(d,p)",-8.60832128363,0.0440824418508,55,1.0553,-733.9749338,2.1196,0.45
/home/ccollins/allmols/H/opt/m06hf/m06hf/81388.log,81388,---,[],"td M06HF/6-31g(d,p)",-9.34520555852,-1.15158576489,78,0.7997,-1095.3049041,2.0145,0.983333333333
/home/ccollins/allmols/H/opt/m06hf/m06hf/13135-.log,13135-,---,[],"td M06HF/6-31g(d,p)",-7.7498021229,1.58451888208,56,3.0221,-970.8231187,4.9310,0.6
/home/ccollins/allmols/H/opt/m06hf/m06hf/135-13-.log,135-13-,---,[],"td M06HF/6-31g(d,p)",-7.78163944201,1.41989000974,56,1.0459,-970.8235229,4.7292,0.6
/home/ccollins/allmols/H/opt/m06hf/m06hf/12812-12-.log,12812-12-,---,[],"td M06HF/6-31g(d,p)",-8.32913248525,-0.192928711557,72,0.9194,-982.5885188,2.1022,0.566666666667
/home/ccollins/allmols/H/opt/m06hf/m06hf/13512-.log,13512-,---,[],"td M06HF/6-31g(d,p)",-7.85783131682,1.06287665351,56,1.6477,-990.6639092,4.5255,0.5
/home/ccollins/allmols/H/opt/m06hf/m06hf/445.log,445,---,[],"td M06HF/6-31g(d,p)",-8.60124632383,0.992399169319,62,0.6427,-1014.9565017,5.1574,1.0
/home/ccollins/allmols/H/opt/m06hf/m06hf/138-13-.log,138-13-,---,[],"td M06HF/6-31g(d,p)",-8.34709199859,0.102042689469,55,0.0001,-714.1432858,2.1406,0.466666666667
/home/ccollins/allmols/H/opt/m06hf/m06hf/5124-.log,5124-,---,[],"td M06HF/6-31g(d,p)",-7.9606903478,0.902329488748,59,0.8820,-1012.7326354,4.5023,0.55
/home/ccollins/allmols/H/opt/m06hf/m06hf/5512.log,5512,---,[],"td M06HF/6-31g(d,p)",-7.92558766262,0.603276380143,60,1.4539,-1333.4727404,4.2522,0.466666666667
/home/ccollins/allmols/H/opt/m06hf/m06hf/44-124.log,44-124,---,[],"td M06HF/6-31g(d,p)",-7.98137099953,0.77307541542,78,0.3533,-923.0001558,4.5341,1.26666666667
/home/ccollins/allmols/H/opt/m06hf/m06hf/134-412-.log,134-412-,---,[],"td M06HF/6-31g(d,p)",-8.00314010662,0.891172821366,75,1.8848,-900.9313612,4.8053,1.08333333333
/home/ccollins/allmols/H/opt/m06hf/m06hf/5135.log,5135,---,[],"td M06HF/6-31g(d,p)",-7.91606367827,1.33281358139,60,1.1759,-1313.6369713,4.8128,0.583333333333
/home/ccollins/allmols/H/opt/m06hf/m06hf/84-8-.log,84-8-,---,[],"td M06HF/6-31g(d,p)",-10.0913417039,-0.674298092013,61,0.0001,-822.3178159,2.0670,0.4
/home/ccollins/allmols/H/opt/m06hf/m06hf/558-.log,558-,---,[],"td M06HF/6-31g(d,p)",-8.65975079913,-0.298508880928,63,2.3979,-1399.751933,2.1085,0.45
/home/ccollins/allmols/H/opt/m06hf/m06hf/8135.log,8135,---,[],"td M06HF/6-31g(d,p)",-8.46029135544,-0.0136056919292,59,2.1889,-1056.9478987,2.1156,0.533333333333
/home/ccollins/allmols/H/opt/m06hf/m06hf/12138.log,12138,---,[],"td M06HF/6-31g(d,p)",-8.21538890072,0.0315652052758,55,2.4068,-733.9770793,2.1153,0.5
/home/ccollins/allmols/H/opt/m06hf/m06hf/8412-.log,8412-,---,[],"td M06HF/6-31g(d,p)",-8.71825527442,-0.0873485421858,58,1.9854,-756.0406069,2.0647,0.6
/home/ccollins/allmols/H/opt/m06hf/m06hf/138-8-.log,138-8-,---,[],"td M06HF/6-31g(d,p)",-9.14465765948,-0.797565660892,58,2.4029,-800.2397497,2.0120,0.5
/home/ccollins/allmols/H/opt/m06hf/m06hf/5124.log,5124,---,[],"td M06HF/6-31g(d,p)",-7.96150668932,0.902601602586,59,0.8809,-1012.7326352,4.5034,0.55
/home/ccollins/allmols/H/opt/m06hf/m06hf/1341312-.log,1341312-,---,[],"td M06HF/6-31g(d,p)",-7.6066702438,1.23512471334,72,2.5618,-878.8640833,4.6557,0.783333333333
/home/ccollins/allmols/H/opt/m06hf/m06hf/8513.log,8513,---,[],"td M06HF/6-31g(d,p)",-8.38273891145,-0.118369519784,59,1.5101,-1056.9430053,2.1066,0.416666666667
/home/ccollins/allmols/H/opt/m06hf/m06hf/412-4.log,412-4,---,[],"td M06HF/6-31g(d,p)",-8.04831100383,0.977977135874,58,0.3886,-691.9885773,4.6665,0.616666666667
/home/ccollins/allmols/H/opt/m06hf/m06hf/854.log,854,---,[],"td M06HF/6-31g(d,p)",-9.01894106606,-0.124356024233,62,2.0643,-1079.0092191,2.1053,0.616666666667
/home/ccollins/allmols/H/opt/m06hf/m06hf/84-8.log,84-8,---,[],"td M06HF/6-31g(d,p)",-10.0913417039,-0.674298092013,61,0.0000,-822.3178159,2.0670,0.4
/home/ccollins/allmols/H/opt/m06hf/m06hf/135-.log,135-,---,[],"td M06HF/6-31g(d,p)",-7.9881738455,1.61417929049,39,2.2206,-761.8769125,4.9425,0.166666666667
/home/ccollins/allmols/H/opt/m06hf/m06hf/1213-125-.log,1213-125-,---,[],"td M06HF/6-31g(d,p)",-7.41183673538,1.00818177196,73,1.7638,-1219.4493492,4.2642,0.683333333333
/home/ccollins/allmols/H/opt/m06hf/m06hf/813-513.log,813-513,---,[],"td M06HF/6-31g(d,p)",-8.06599840333,-0.0527900846855,76,1.8783,-1265.8929699,2.1152,1.08333333333
/home/ccollins/allmols/H/opt/m06hf/m06hf/513-13-.log,513-13-,---,[],"td M06HF/6-31g(d,p)",-7.7498021229,1.58451888208,56,3.0221,-970.8231187,4.9310,0.533333333333
/home/ccollins/allmols/H/opt/m06hf/m06hf/124-812.log,124-812,---,[],"td M06HF/6-31g(d,p)",-8.5495446945,-0.281637822935,75,1.1142,-984.8253601,2.0694,0.6
/home/ccollins/allmols/H/opt/m06hf/m06hf/513124.log,513124,---,[],"td M06HF/6-31g(d,p)",-7.40367332022,0.927091848059,76,0.6322,-1221.6784833,4.2130,0.816666666667
/home/ccollins/allmols/H/opt/m06hf/m06hf/88-5-5-.log,88-5-5-,---,[],"td M06HF/6-31g(d,p)",-8.99281813755,-0.962738760913,83,2.8704,-1694.8029801,2.0627,0.933333333333
/home/ccollins/allmols/H/opt/m06hf/m06hf/1348-8.log,1348-8,---,[],"td M06HF/6-31g(d,p)",-8.38546004983,-0.940969653827,78,2.6720,-1031.2465252,1.9888,1.23333333333
/home/ccollins/allmols/H/opt/m06hf/m06hf/131288-.log,131288-,---,[],"td M06HF/6-31g(d,p)",-8.25838288721,-0.958112825657,75,1.4805,-1029.0196311,2.0088,0.8
/home/ccollins/allmols/H/opt/m06hf/m06hf/513-5-.log,513-5-,---,[],"td M06HF/6-31g(d,p)",-7.89021286361,1.30369740066,60,1.5986,-1313.6371389,4.7661,0.633333333333
/home/ccollins/allmols/H/opt/m06hf/m06hf/413-4-.log,413-4-,---,[],"td M06HF/6-31g(d,p)",-7.90980505999,1.5113202595,58,1.5282,-672.1458365,5.0407,0.65
/home/ccollins/allmols/H/opt/m06hf/m06hf/513-1213.log,513-1213,---,[],"td M06HF/6-31g(d,p)",-7.3541486016,1.28519365964,73,1.7660,-1199.6112844,4.4212,1.03333333333
/home/ccollins/allmols/H/opt/m06hf/m06hf/84-128.log,84-128,---,[],"td M06HF/6-31g(d,p)",-8.92751081629,-0.510485561185,78,1.4754,-1051.1010336,4.3245,0.766666666667
/home/ccollins/allmols/H/opt/m06hf/m06hf/5812-8.log,5812-8,---,[],"td M06HF/6-31g(d,p)",-9.19391026427,-0.733891022664,79,1.3718,-1371.8402562,2.0966,0.983333333333
/home/ccollins/allmols/H/opt/m06hf/m06hf/55-5.log,55-5,---,[],"td M06HF/6-31g(d,p)",-8.31389411028,0.704774841935,64,0.4778,-1656.4475413,4.5672,0.816666666667
/home/ccollins/allmols/H/opt/m06hf/m06hf/125-13.log,125-13,---,[],"td M06HF/6-31g(d,p)",-7.67769195567,0.989133803256,56,1.6164,-990.6622716,4.3348,0.433333333333
/home/ccollins/allmols/H/opt/m06hf/m06hf/13512.log,13512,---,[],"td M06HF/6-31g(d,p)",-7.8295314776,1.0846457606,56,1.4492,-990.6635518,4.5365,0.516666666667
/home/ccollins/allmols/H/opt/m06hf/m06hf/12813-4.log,12813-4,---,[],"td M06HF/6-31g(d,p)",-8.27062800995,-0.0359190266932,75,2.3615,-964.9874805,2.1160,0.933333333333
/home/ccollins/allmols/H/opt/m06hf/m06hf/12124-4.log,12124-4,---,[],"td M06HF/6-31g(d,p)",-7.87306969178,0.86722680357,75,0.8319,-920.769175,4.5455,0.866666666667
/home/ccollins/allmols/H/opt/m06hf/m06hf/585-.log,585-,---,[],"td M06HF/6-31g(d,p)",-9.09594928238,-0.340686525908,63,0.0001,-1399.7585667,2.1157,0.383333333333
/home/ccollins/allmols/H/opt/m06hf/m06hf/413-12-.log,413-12-,---,[],"td M06HF/6-31g(d,p)",-7.66245358071,1.545878717,55,1.2332,-669.9208831,4.8616,0.466666666667
/home/ccollins/allmols/H/opt/m06hf/m06hf/85.log,85,---,[],"td M06HF/6-31g(d,p)",-9.68317094604,-0.072110167225,42,1.5248,-847.9975673,2.1052,0.233333333333
/home/ccollins/allmols/H/opt/m06hf/m06hf/1212-12.log,1212-12,---,[],"td M06HF/6-31g(d,p)",-7.83959968963,1.33226935371,52,0.7083,-687.5325136,4.6679,0.316666666667
/home/ccollins/allmols/H/opt/m06hf/m06hf/412-13.log,412-13,---,[],"td M06HF/6-31g(d,p)",-7.65102479949,1.28410520428,55,2.0535,-669.9194964,4.6441,0.5
/home/ccollins/allmols/H/opt/m06hf/m06hf/84812-.log,84812-,---,[],"td M06HF/6-31g(d,p)",-9.30983075951,-0.737156388727,78,1.9625,-1051.1027769,2.0663,1.21666666667
/home/ccollins/allmols/H/opt/m06hf/m06hf/128-12-8-.log,128-12-8-,---,[],"td M06HF/6-31g(d,p)",-9.14438554565,-0.675658661206,75,1.4988,-1048.8641366,2.0969,0.883333333333
/home/ccollins/allmols/H/opt/m06hf/m06hf/845-.log,845-,---,[],"td M06HF/6-31g(d,p)",-8.8485978031,-0.182860499529,62,1.7748,-1079.0093589,2.0669,0.766666666667
/home/ccollins/allmols/H/opt/m06hf/m06hf/138-125.log,138-125,---,[],"td M06HF/6-31g(d,p)",-8.23416475558,-0.11728106443,76,1.5866,-1285.7325563,2.1236,0.75
/home/ccollins/allmols/H/opt/m06hf/m06hf/44-5-12-.log,44-5-12-,---,[],"td M06HF/6-31g(d,p)",-8.05946767121,0.7306256566,79,0.8436,-1243.7413746,4.5463,0.95
/home/ccollins/allmols/H/opt/m06hf/m06hf/584.log,584,---,[],"td M06HF/6-31g(d,p)",-9.24289075521,-0.252521642207,62,0.6001,-1079.0147058,2.0745,0.783333333333
/home/ccollins/allmols/H/opt/m06hf/m06hf/455.log,455,---,[],"td M06HF/6-31g(d,p)",-8.40369167702,0.881920950854,63,1.0161,-1335.7015112,4.8206,0.65
/home/ccollins/allmols/H/opt/m06hf/m06hf/48.log,48,---,[],"td M06HF/6-31g(d,p)",-9.99610186042,-0.0380959374019,41,1.2210,-527.2537371,2.0640,0.283333333333
/home/ccollins/allmols/H/opt/m06hf/m06hf/12125-12.log,12125-12,---,[],"td M06HF/6-31g(d,p)",-7.65156902717,0.641100203706,73,0.7237,-1239.2871132,4.1160,0.566666666667
/home/ccollins/allmols/H/opt/m06hf/m06hf/1313-.log,1313-,---,[],"td M06HF/6-31g(d,p)",-7.60204430855,2.73583253313,35,0.0038,-419.064694,5.5111,0.266666666667
/home/ccollins/allmols/H/opt/m06hf/m06hf/131244.log,131244,---,[],"td M06HF/6-31g(d,p)",-7.61701056967,0.865594120539,75,1.3575,-900.9330485,4.4439,1.21666666667
/home/ccollins/allmols/H/opt/m06hf/m06hf/121213.log,121213,---,[],"td M06HF/6-31g(d,p)",-7.56721373721,1.51676253627,52,1.6539,-667.6912188,4.6474,0.416666666667
/home/ccollins/allmols/H/opt/m06hf/m06hf/4813-.log,4813-,---,[],"td M06HF/6-31g(d,p)",-8.71635047755,0.00870764283472,58,1.5810,-736.2071398,2.0835,0.533333333333
/home/ccollins/allmols/H/opt/m06hf/m06hf/4128.log,4128,---,[],"td M06HF/6-31g(d,p)",-8.73893592615,-0.00680284596462,58,1.8777,-756.0359359,2.1001,0.55
/home/ccollins/allmols/H/opt/m06hf/m06hf/412-.log,412-,---,[],"td M06HF/6-31g(d,p)",-8.49185656072,1.48628578635,38,0.5303,-460.9745158,5.3385,0.2
/home/ccollins/allmols/H/opt/m06hf/m06hf/813-4-4-.log,813-4-4-,---,[],"td M06HF/6-31g(d,p)",-8.4042359047,0.0136056919292,78,2.4244,-967.2144213,2.1142,1.43333333333
/home/ccollins/allmols/H/opt/m06hf/m06hf/134-128.log,134-128,---,[],"td M06HF/6-31g(d,p)",-8.10082897467,-0.0468035802366,75,1.2149,-964.9814179,2.1011,0.866666666667
/home/ccollins/allmols/H/opt/m06hf/m06hf/84-.log,84-,---,[],"td M06HF/6-31g(d,p)",-9.99610186042,-0.0380959374019,41,1.2210,-527.2537371,2.0640,0.3
/home/ccollins/allmols/H/opt/m06hf/m06hf/58-4.log,58-4,---,[],"td M06HF/6-31g(d,p)",-9.24289075521,-0.252521642207,62,0.6001,-1079.0147058,2.0745,0.683333333333
/home/ccollins/allmols/H/opt/m06hf/m06hf/1313-13-.log,1313-13-,---,[],"td M06HF/6-31g(d,p)",-7.55360804528,2.56113544876,52,1.2707,-628.011602,5.4245,0.5
/home/ccollins/allmols/H/opt/m06hf/m06hf/48-44-.log,48-44-,---,[],"td M06HF/6-31g(d,p)",-9.07064269539,-0.244902454726,81,0.3174,-989.282046,2.0355,1.2
/home/ccollins/allmols/H/opt/m06hf/m06hf/1212-5-.log,1212-5-,---,[],"td M06HF/6-31g(d,p)",-7.85973611369,1.01307982105,56,0.3969,-1010.5045832,4.4909,0.316666666667
/home/ccollins/allmols/H/opt/m06hf/m06hf/44-8-.log,44-8-,---,[],"td M06HF/6-31g(d,p)",-9.26275506543,-0.036735368209,61,1.5949,-758.2649918,2.0647,0.733333333333
/home/ccollins/allmols/H/opt/m06hf/m06hf/412812.log,412812,---,[],"td M06HF/6-31g(d,p)",-8.49022387769,-0.222589119962,75,0.8070,-984.8206831,2.1081,0.616666666667
/home/ccollins/allmols/H/opt/m06hf/m06hf/48-5-8-.log,48-5-8-,---,[],"td M06HF/6-31g(d,p)",-9.36751889329,-0.869675828117,82,1.5834,-1374.0768988,2.0739,1.11666666667
/home/ccollins/allmols/H/opt/m06hf/m06hf/84-4-12.log,84-4-12,---,[],"td M06HF/6-31g(d,p)",-8.48478160092,-0.0614977275202,78,2.0258,-987.0519474,2.0648,1.26666666667
/home/ccollins/allmols/H/opt/m06hf/m06hf/1212-8-13.log,1212-8-13,---,[],"td M06HF/6-31g(d,p)",-8.20287166414,-0.0824504930912,72,1.3624,-962.760973,2.1184,0.516666666667
/home/ccollins/allmols/H/opt/m06hf/m06hf/1288-.log,1288-,---,[],"td M06HF/6-31g(d,p)",-9.70575639465,-0.919472660578,58,2.2463,-820.0700665,2.0061,0.416666666667
/home/ccollins/allmols/H/opt/m06hf/m06hf/125138-.log,125138-,---,[],"td M06HF/6-31g(d,p)",-8.07361759081,-0.00870764283472,76,2.8749,-1285.7327389,2.1150,0.866666666667
/home/ccollins/allmols/H/opt/m06hf/m06hf/858-8-.log,858-8-,---,[],"td M06HF/6-31g(d,p)",-9.85868437193,-1.37499122637,82,1.1097,-1438.1079864,2.0077,1.2
/home/ccollins/allmols/H/opt/m06hf/m06hf/13125.log,13125,---,[],"td M06HF/6-31g(d,p)",-7.60966349603,1.09498608647,56,1.4163,-990.6659876,4.4409,0.35
/home/ccollins/allmols/H/opt/m06hf/m06hf/588-4.log,588-4,---,[],"td M06HF/6-31g(d,p)",-9.60235313598,-1.01416827641,82,0.6031,-1374.0645603,1.9912,1.2
/home/ccollins/allmols/H/opt/m06hf/m06hf/1358.log,1358,---,[],"td M06HF/6-31g(d,p)",-8.38246679761,-0.118369519784,59,1.5104,-1056.9430055,2.1066,0.483333333333
/home/ccollins/allmols/H/opt/m06hf/m06hf/1312-55.log,1312-55,---,[],"td M06HF/6-31g(d,p)",-7.49673625301,0.52300279776,77,1.0469,-1542.4184566,4.0052,0.833333333333
/home/ccollins/allmols/H/opt/m06hf/m06hf/135-8-.log,135-8-,---,[],"td M06HF/6-31g(d,p)",-8.39035809893,-0.0824504930912,59,2.8824,-1056.9428366,2.1040,0.466666666667
