/home/ccollins/allmols/H/opt/cam/m06hf/121254-_TD.log,121254-,---,[],"td M06HF/6-31g(d,p)",-7.61809902502,0.568990036481,76,1.0771,-1241.5114335,4.0741,0.9
/home/ccollins/allmols/H/opt/cam/m06hf/812-8_TD.log,812-8,---,[],"td M06HF/6-31g(d,p)",-9.68480362908,-0.660420286246,58,1.5058,-820.0775316,2.1266,0.45
/home/ccollins/allmols/H/opt/cam/m06hf/545-5-_TD.log,545-5-,---,[],"td M06HF/6-31g(d,p)",-8.08096466446,0.340958639747,84,0.5707,-1887.4575701,4.2924,0.816666666667
/home/ccollins/allmols/H/opt/cam/m06hf/812-5-8-_TD.log,812-5-8-,---,[],"td M06HF/6-31g(d,p)",-8.70927551775,-0.713754598608,79,2.5710,-1371.8402185,2.1307,1.2
/home/ccollins/allmols/H/opt/cam/m06hf/12125_TD.log,12125,---,[],"td M06HF/6-31g(d,p)",-7.75578862735,0.943962906051,56,1.2915,-1010.5001814,4.3677,0.283333333333
/home/ccollins/allmols/H/opt/cam/m06hf/413-55_TD.log,413-55,---,[],"td M06HF/6-31g(d,p)",-7.61837113886,0.694434516069,80,2.4723,-1544.6460648,4.1845,1.15
/home/ccollins/allmols/H/opt/cam/m06hf/854-8-_TD.log,854-8-,---,[],"td M06HF/6-31g(d,p)",-8.97730764875,-0.788858018058,82,1.1506,-1374.071296,2.0946,1.55
/home/ccollins/allmols/H/opt/cam/m06hf/513-13_TD.log,513-13,---,[],"td M06HF/6-31g(d,p)",-7.33346794986,1.33390203674,56,0.7245,-970.821266,4.4214,0.45
/home/ccollins/allmols/H/opt/cam/m06hf/1213-8_TD.log,1213-8,---,[],"td M06HF/6-31g(d,p)",-8.19416402131,-0.0960561850205,55,2.4700,-733.9742931,2.1484,0.3
/home/ccollins/allmols/H/opt/cam/m06hf/128-54-_TD.log,128-54-,---,[],"td M06HF/6-31g(d,p)",-8.60532803141,-0.412796693133,79,1.0380,-1307.7927561,2.1246,0.9
/home/ccollins/allmols/H/opt/cam/m06hf/1354_TD.log,1354,---,[],"td M06HF/6-31g(d,p)",-7.68612748467,0.715115167801,59,0.9978,-992.8860699,4.2200,0.6
/home/ccollins/allmols/H/opt/cam/m06hf/84-5_TD.log,84-5,---,[],"td M06HF/6-31g(d,p)",-8.80805284116,-0.235378470376,62,1.8794,-1079.0085737,2.0946,0.516666666667
/home/ccollins/allmols/H/opt/cam/m06hf/5124-_TD.log,5124-,---,[],"td M06HF/6-31g(d,p)",-7.89402245735,0.810082897467,59,0.9521,-1012.7319636,4.3785,0.5
/home/ccollins/allmols/H/opt/cam/m06hf/5134-_TD.log,5134-,---,[],"td M06HF/6-31g(d,p)",-7.76422415634,1.1883211331,59,1.0698,-992.8908131,4.6142,0.6
/home/ccollins/allmols/H/opt/cam/m06hf/84-513-_TD.log,84-513-,---,[],"td M06HF/6-31g(d,p)",-7.87796774087,-0.291433921124,79,3.3326,-1287.9517034,2.0918,0.9
/home/ccollins/allmols/H/opt/cam/m06hf/584-8-_TD.log,584-8-,---,[],"td M06HF/6-31g(d,p)",-9.33486523266,-0.846546151838,82,1.8511,-1374.0778054,2.0927,1.46666666667
/home/ccollins/allmols/H/opt/cam/m06hf/131313-_TD.log,131313-,---,[],"td M06HF/6-31g(d,p)",-7.36394469978,2.2920148624,52,1.2868,-628.0105301,5.0818,0.55
/home/ccollins/allmols/H/opt/cam/m06hf/84-512-_TD.log,84-512-,---,[],"td M06HF/6-31g(d,p)",-8.15334694552,-0.36544888522,79,1.9741,-1307.7933421,2.0931,1.05
/home/ccollins/allmols/H/opt/cam/m06hf/84-55-_TD.log,84-55-,---,[],"td M06HF/6-31g(d,p)",-8.22382442971,-0.409259213232,83,1.7549,-1630.7643987,2.0933,0.966666666667
/home/ccollins/allmols/H/opt/cam/m06hf/48-1212-_TD.log,48-1212-,---,[],"td M06HF/6-31g(d,p)",-8.32777191605,-0.309121320632,75,0.6682,-984.8234851,2.0853,0.6
/home/ccollins/allmols/H/opt/cam/m06hf/45-48-_TD.log,45-48-,---,[],"td M06HF/6-31g(d,p)",-8.3302209406,-0.363544088349,82,2.1607,-1310.0181592,2.0928,1.63333333333
/home/ccollins/allmols/H/opt/cam/m06hf/45-8-_TD.log,45-8-,---,[],"td M06HF/6-31g(d,p)",-8.79662405993,-0.309937662148,62,2.1594,-1079.006489,2.1346,0.616666666667
/home/ccollins/allmols/H/opt/cam/m06hf/55-5_TD.log,55-5,---,[],"td M06HF/6-31g(d,p)",-7.96586051073,0.32109432953,64,0.6919,-1656.4451721,4.0342,0.566666666667
/home/ccollins/allmols/H/opt/cam/m06hf/541313-_TD.log,541313-,---,[],"td M06HF/6-31g(d,p)",-7.46571527542,0.831307776877,76,1.6759,-1201.8360947,4.4126,0.9
/home/ccollins/allmols/H/opt/cam/m06hf/1248-_TD.log,1248-,---,[],"td M06HF/6-31g(d,p)",-8.68179202005,-0.138778057678,58,2.1179,-756.0396772,2.0935,0.516666666667
/home/ccollins/allmols/H/opt/cam/m06hf/124-12_TD.log,124-12,---,[],"td M06HF/6-31g(d,p)",-7.99252766692,0.841920216582,55,0.9989,-689.7607668,4.6044,0.383333333333
/home/ccollins/allmols/H/opt/cam/m06hf/44-13_TD.log,44-13,---,[],"td M06HF/6-31g(d,p)",-8.01701791239,1.1347147069,58,1.5970,-672.1435555,4.9468,0.516666666667
/home/ccollins/allmols/H/opt/cam/m06hf/131285-_TD.log,131285-,---,[],"td M06HF/6-31g(d,p)",-7.97538449509,-0.374156528054,76,1.2661,-1285.7301434,2.1297,0.616666666667
/home/ccollins/allmols/H/opt/cam/m06hf/128-4-4_TD.log,128-4-4,---,[],"td M06HF/6-31g(d,p)",-8.87744186999,-0.294699287187,78,0.7009,-987.0486388,2.0831,1.13333333333
/home/ccollins/allmols/H/opt/cam/m06hf/512-8-5_TD.log,512-8-5,---,[],"td M06HF/6-31g(d,p)",-8.3492689093,-0.435382141736,80,0.9154,-1628.5396611,2.1268,0.733333333333
/home/ccollins/allmols/H/opt/cam/m06hf/135-8-4-_TD.log,135-8-4-,---,[],"td M06HF/6-31g(d,p)",-8.06627051717,-0.381503601696,79,2.2968,-1287.9574382,3.8537,0.733333333333
/home/ccollins/allmols/H/opt/cam/m06hf/412-5_TD.log,412-5,---,[],"td M06HF/6-31g(d,p)",-7.91851270282,0.80763387292,59,0.2645,-1012.7322197,4.3849,0.5
/home/ccollins/allmols/H/opt/cam/m06hf/48-12-_TD.log,48-12-,---,[],"td M06HF/6-31g(d,p)",-9.13023562604,-0.185853751753,58,0.8342,-756.0375782,2.0838,0.5
/home/ccollins/allmols/H/opt/cam/m06hf/558-_TD.log,558-,---,[],"td M06HF/6-31g(d,p)",-8.60151843767,-0.381231487857,63,2.5633,-1399.750958,2.1364,0.55
/home/ccollins/allmols/H/opt/cam/m06hf/55-4-_TD.log,55-4-,---,[],"td M06HF/6-31g(d,p)",-8.17484393877,0.600555241757,63,0.4080,-1335.7013564,4.4205,0.683333333333
/home/ccollins/allmols/H/opt/cam/m06hf/1312-_TD.log,1312-,---,[],"td M06HF/6-31g(d,p)",-7.86490627662,2.22153737821,35,2.1981,-438.9048506,5.2887,0.133333333333
/home/ccollins/allmols/H/opt/cam/m06hf/134-8_TD.log,134-8,---,[],"td M06HF/6-31g(d,p)",-8.27851931127,-0.0917023636031,58,2.2074,-736.1966894,2.0938,0.633333333333
/home/ccollins/allmols/H/opt/cam/m06hf/51313_TD.log,51313,---,[],"td M06HF/6-31g(d,p)",-7.56095511892,1.40927757003,56,2.0462,-970.8223131,4.6725,0.5
/home/ccollins/allmols/H/opt/cam/m06hf/128-_TD.log,128-,---,[],"td M06HF/6-31g(d,p)",-9.55446110039,-0.102859030985,38,1.8626,-525.0204666,2.1283,0.183333333333
/home/ccollins/allmols/H/opt/cam/m06hf/1285_TD.log,1285,---,[],"td M06HF/6-31g(d,p)",-8.97757976259,-0.288168555061,59,1.2885,-1076.7813901,2.1254,0.4
/home/ccollins/allmols/H/opt/cam/m06hf/1212-5_TD.log,1212-5,---,[],"td M06HF/6-31g(d,p)",-7.80585757365,0.907499651681,56,0.8139,-1010.5040739,4.3597,0.316666666667
/home/ccollins/allmols/H/opt/cam/m06hf/85-_TD.log,85-,---,[],"td M06HF/6-31g(d,p)",-9.64997305774,-0.154560660316,42,1.6077,-847.9969362,2.1334,0.233333333333
/home/ccollins/allmols/H/opt/cam/m06hf/812-_TD.log,812-,---,[],"td M06HF/6-31g(d,p)",-9.55446110039,-0.102859030985,38,1.8626,-525.0204662,2.1283,0.166666666667
/home/ccollins/allmols/H/opt/cam/m06hf/121313-8_TD.log,121313-8,---,[],"td M06HF/6-31g(d,p)",-7.55007056538,-0.0361911405318,72,2.7825,-942.9215745,2.1484,0.583333333333
/home/ccollins/allmols/H/opt/cam/m06hf/854-_TD.log,854-,---,[],"td M06HF/6-31g(d,p)",-8.79662405993,-0.309937662148,62,2.1594,-1079.0064889,2.1346,0.666666666667
/home/ccollins/allmols/H/opt/cam/m06hf/813-8-_TD.log,813-8-,---,[],"td M06HF/6-31g(d,p)",-9.22057742045,-0.501777918351,58,0.6156,-800.2550427,2.1466,0.516666666667
/home/ccollins/allmols/H/opt/cam/m06hf/12413-4-_TD.log,12413-4-,---,[],"td M06HF/6-31g(d,p)",-7.62109227725,0.832940459908,75,1.8612,-900.9321047,4.3728,0.95
/home/ccollins/allmols/H/opt/cam/m06hf/1213-4_TD.log,1213-4,---,[],"td M06HF/6-31g(d,p)",-7.5734723555,1.26505723558,55,1.8927,-669.9156798,4.5748,0.416666666667
/home/ccollins/allmols/H/opt/cam/m06hf/45-5-_TD.log,45-5-,---,[],"td M06HF/6-31g(d,p)",-8.02028327845,0.414973603842,63,1.1446,-1335.6972549,4.1776,0.566666666667
/home/ccollins/allmols/H/opt/cam/m06hf/1213_TD.log,1213,---,[],"td M06HF/6-31g(d,p)",-7.84368139721,2.20493843405,35,1.3026,-438.9073541,5.2675,0.133333333333
/home/ccollins/allmols/H/opt/cam/m06hf/121213_TD.log,121213,---,[],"td M06HF/6-31g(d,p)",-7.49700836685,1.4041074071,52,1.5928,-667.6903716,4.5055,0.416666666667
/home/ccollins/allmols/H/opt/cam/m06hf/54-13-8-_TD.log,54-13-8-,---,[],"td M06HF/6-31g(d,p)",-8.08395791668,-0.131158870198,79,2.4758,-1287.9557414,4.0520,0.783333333333
/home/ccollins/allmols/H/opt/cam/m06hf/1213-13-_TD.log,1213-13-,---,[],"td M06HF/6-31g(d,p)",-7.26162989648,1.74561027452,52,3.3184,-647.8448672,4.6362,0.316666666667
/home/ccollins/allmols/H/opt/cam/m06hf/134-412-_TD.log,134-412-,---,[],"td M06HF/6-31g(d,p)",-7.89184554664,0.757837040459,75,1.9016,-900.9301794,4.6183,1.0
/home/ccollins/allmols/H/opt/cam/m06hf/488-12-_TD.log,488-12-,---,[],"td M06HF/6-31g(d,p)",-9.49323548671,-1.00954234115,78,0.8855,-1051.0868965,1.9993,0.9
/home/ccollins/allmols/H/opt/cam/m06hf/13413_TD.log,13413,---,[],"td M06HF/6-31g(d,p)",-7.54979845154,1.18287885633,55,3.0225,-650.0735561,4.5488,0.466666666667
/home/ccollins/allmols/H/opt/cam/m06hf/124-85_TD.log,124-85,---,[],"td M06HF/6-31g(d,p)",-8.51879583074,-0.433205231027,79,1.1888,-1307.8006035,2.0910,0.8
/home/ccollins/allmols/H/opt/cam/m06hf/88-1312-_TD.log,88-1312-,---,[],"td M06HF/6-31g(d,p)",-8.32450654999,-0.911037131582,75,3.2060,-1029.0234645,2.0305,0.883333333333
/home/ccollins/allmols/H/opt/cam/m06hf/12812-12-_TD.log,12812-12-,---,[],"td M06HF/6-31g(d,p)",-8.25729443186,-0.261773512719,72,1.0367,-982.5870609,2.1170,0.533333333333
/home/ccollins/allmols/H/opt/cam/m06hf/813-_TD.log,813-,---,[],"td M06HF/6-31g(d,p)",-8.99581138978,-0.05768813378,38,1.9531,-505.1896648,2.1465,0.183333333333
/home/ccollins/allmols/H/opt/cam/m06hf/58-8-13-_TD.log,58-8-13-,---,[],"td M06HF/6-31g(d,p)",-8.98057301482,-0.96137819172,79,2.1511,-1352.0003734,2.0294,1.03333333333
/home/ccollins/allmols/H/opt/cam/m06hf/138_TD.log,138,---,[],"td M06HF/6-31g(d,p)",-8.99499504826,-0.0571439061028,38,1.9548,-505.1896662,2.1461,0.183333333333
/home/ccollins/allmols/H/opt/cam/m06hf/488_TD.log,488,---,[],"td M06HF/6-31g(d,p)",-10.0864436548,-0.949677296661,61,1.7905,-822.3016435,2.0022,0.4
/home/ccollins/allmols/H/opt/cam/m06hf/88-8_TD.log,88-8,---,[],"td M06HF/6-31g(d,p)",-11.286465683,-1.55023253842,61,0.0000,-886.3303693,1.9752,0.35
/home/ccollins/allmols/H/opt/cam/m06hf/135-8-_TD.log,135-8-,---,[],"td M06HF/6-31g(d,p)",-8.17919776019,-0.179050905789,59,3.2682,-1056.940479,2.1345,0.35
/home/ccollins/allmols/H/opt/cam/m06hf/54-_TD.log,54-,---,[],"td M06HF/6-31g(d,p)",-8.72832348645,1.22124690757,42,0.6582,-783.9447211,5.2415,0.233333333333
/home/ccollins/allmols/H/opt/cam/m06hf/54-4-12_TD.log,54-4-12,---,[],"td M06HF/6-31g(d,p)",-8.15361905936,0.564636215064,79,1.2090,-1243.7423785,4.6183,0.95
/home/ccollins/allmols/H/opt/cam/m06hf/81312-_TD.log,81312-,---,[],"td M06HF/6-31g(d,p)",-8.19498036282,-0.0971446403748,55,2.4685,-733.9742897,2.1485,0.3
/home/ccollins/allmols/H/opt/cam/m06hf/131212-_TD.log,131212-,---,[],"td M06HF/6-31g(d,p)",-7.52721300294,1.38696423527,52,1.6397,-667.6928328,4.5032,0.35
/home/ccollins/allmols/H/opt/cam/m06hf/1213-134-_TD.log,1213-134-,---,[],"td M06HF/6-31g(d,p)",-7.17047176055,1.23458048566,72,0.6326,-878.8604676,4.3123,0.716666666667
/home/ccollins/allmols/H/opt/cam/m06hf/413-_TD.log,413-,---,[],"td M06HF/6-31g(d,p)",-8.04232449938,1.68003083942,38,1.5623,-441.1305759,5.1881,0.233333333333
/home/ccollins/allmols/H/opt/cam/m06hf/813-12-_TD.log,813-12-,---,[],"td M06HF/6-31g(d,p)",-8.17511605261,-0.0408170757877,55,2.5463,-733.9760483,2.1464,0.333333333333
/home/ccollins/allmols/H/opt/cam/m06hf/54-4-5-_TD.log,54-4-5-,---,[],"td M06HF/6-31g(d,p)",-8.29838362149,0.513750927248,83,0.4143,-1566.7127083,4.6615,1.11666666667
/home/ccollins/allmols/H/opt/cam/m06hf/44_TD.log,44,---,[],"td M06HF/6-31g(d,p)",-9.03009773344,1.46642147613,41,0.0001,-463.1987886,5.6634,0.25
/home/ccollins/allmols/H/opt/cam/m06hf/812-12-_TD.log,812-12-,---,[],"td M06HF/6-31g(d,p)",-8.4684547706,-0.0476199217524,55,2.7481,-753.802359,2.1268,0.3
/home/ccollins/allmols/H/opt/cam/m06hf/45-13-_TD.log,45-13-,---,[],"td M06HF/6-31g(d,p)",-7.68612748467,0.715115167801,59,0.9978,-992.8860696,4.2200,0.6
/home/ccollins/allmols/H/opt/cam/m06hf/5812-8_TD.log,5812-8,---,[],"td M06HF/6-31g(d,p)",-9.13431733362,-0.814436718885,79,1.4823,-1371.83879,2.1235,1.11666666667
/home/ccollins/allmols/H/opt/cam/m06hf/84812-_TD.log,84812-,---,[],"td M06HF/6-31g(d,p)",-9.26928579756,-0.795116636345,78,2.1130,-1051.1013965,2.0871,1.1
/home/ccollins/allmols/H/opt/cam/m06hf/13134_TD.log,13134,---,[],"td M06HF/6-31g(d,p)",-7.61401731744,1.58479099592,55,2.6333,-650.0762536,4.9444,0.483333333333
/home/ccollins/allmols/H/opt/cam/m06hf/124-8-_TD.log,124-8-,---,[],"td M06HF/6-31g(d,p)",-8.68179202005,-0.138778057678,58,2.1179,-756.0396772,2.0935,0.516666666667
/home/ccollins/allmols/H/opt/cam/m06hf/12124-4_TD.log,12124-4,---,[],"td M06HF/6-31g(d,p)",-7.77429236837,0.727632404376,75,0.9608,-920.7680877,4.3689,0.733333333333
/home/ccollins/allmols/H/opt/cam/m06hf/4413-_TD.log,4413-,---,[],"td M06HF/6-31g(d,p)",-8.01647368471,1.13417047922,58,1.5963,-672.1435494,4.9458,0.516666666667
/home/ccollins/allmols/H/opt/cam/m06hf/51312-_TD.log,51312-,---,[],"td M06HF/6-31g(d,p)",-7.51197462798,1.13879641448,56,1.3934,-990.661481,4.3914,0.466666666667
/home/ccollins/allmols/H/opt/cam/m06hf/445-8-_TD.log,445-8-,---,[],"td M06HF/6-31g(d,p)",-8.65213161165,-0.296876197896,82,2.3701,-1310.0191874,2.1327,1.36666666667
/home/ccollins/allmols/H/opt/cam/m06hf/812-12-5_TD.log,812-12-5,---,[],"td M06HF/6-31g(d,p)",-7.98626904863,-0.129526187166,76,1.7880,-1305.5609428,2.1287,0.483333333333
/home/ccollins/allmols/H/opt/cam/m06hf/121312-_TD.log,121312-,---,[],"td M06HF/6-31g(d,p)",-7.46190568168,1.56900839328,52,1.7460,-667.6924081,4.6290,0.366666666667
/home/ccollins/allmols/H/opt/cam/m06hf/55-13_TD.log,55-13,---,[],"td M06HF/6-31g(d,p)",-7.66326992223,0.644637683608,60,1.5324,-1313.6325107,4.0912,0.633333333333
/home/ccollins/allmols/H/opt/cam/m06hf/48_TD.log,48,---,[],"td M06HF/6-31g(d,p)",-9.99120381132,-0.134968463938,41,1.2600,-527.2531743,2.0929,0.183333333333
/home/ccollins/allmols/H/opt/cam/m06hf/581313-_TD.log,581313-,---,[],"td M06HF/6-31g(d,p)",-7.7617751318,-0.187486434785,76,1.1759,-1265.8948612,2.1425,0.95
/home/ccollins/allmols/H/opt/cam/m06hf/1213-13_TD.log,1213-13,---,[],"td M06HF/6-31g(d,p)",-7.29265087408,1.80547531901,52,0.5295,-647.8495485,4.6825,0.366666666667
/home/ccollins/allmols/H/opt/cam/m06hf/54-4_TD.log,54-4,---,[],"td M06HF/6-31g(d,p)",-8.48505371475,0.814708832723,62,0.6513,-1014.9558491,4.9248,0.9
/home/ccollins/allmols/H/opt/cam/m06hf/54_TD.log,54,---,[],"td M06HF/6-31g(d,p)",-8.60206266535,1.04736616471,42,0.6668,-783.9430848,4.9997,0.166666666667
/home/ccollins/allmols/H/opt/cam/m06hf/512_TD.log,512,---,[],"td M06HF/6-31g(d,p)",-8.29430191391,1.2919965056,39,1.1492,-781.7179437,4.9134,0.133333333333
/home/ccollins/allmols/H/opt/cam/m06hf/134-13-_TD.log,134-13-,---,[],"td M06HF/6-31g(d,p)",-7.70544756721,1.31757520643,55,1.6459,-650.0773382,4.7546,0.483333333333
/home/ccollins/allmols/H/opt/cam/m06hf/512-12-_TD.log,512-12-,---,[],"td M06HF/6-31g(d,p)",-7.77919041747,0.941785995342,56,0.7596,-1010.5009587,4.3739,0.316666666667
/home/ccollins/allmols/H/opt/cam/m06hf/138-12_TD.log,138-12,---,[],"td M06HF/6-31g(d,p)",-8.56832054936,-0.00625861828745,55,0.9890,-733.9740061,2.1384,0.4
/home/ccollins/allmols/H/opt/cam/m06hf/121312_TD.log,121312,---,[],"td M06HF/6-31g(d,p)",-7.43170104559,1.5994851432,52,0.7702,-667.6942773,4.6417,0.35
/home/ccollins/allmols/H/opt/cam/m06hf/41213-5_TD.log,41213-5,---,[],"td M06HF/6-31g(d,p)",-7.38897917293,0.85960761609,76,2.3466,-1221.6755135,4.1253,0.8
/home/ccollins/allmols/H/opt/cam/m06hf/125-124_TD.log,125-124,---,[],"td M06HF/6-31g(d,p)",-7.64531040888,0.450076289019,76,0.3878,-1241.5171795,3.9626,0.8
/home/ccollins/allmols/H/opt/cam/m06hf/1244-4-_TD.log,1244-4-,---,[],"td M06HF/6-31g(d,p)",-8.18872174454,0.700965248195,78,0.5770,-922.9964145,4.7452,0.9
/home/ccollins/allmols/H/opt/cam/m06hf/1288-_TD.log,1288-,---,[],"td M06HF/6-31g(d,p)",-9.67391907553,-0.954031118079,58,2.4131,-820.0688706,2.0241,0.316666666667
/home/ccollins/allmols/H/opt/cam/m06hf/128-12-_TD.log,128-12-,---,[],"td M06HF/6-31g(d,p)",-8.92342910872,-0.166805783053,55,0.0002,-753.8049546,2.1179,0.366666666667
/home/ccollins/allmols/H/opt/cam/m06hf/48-513_TD.log,48-513,---,[],"td M06HF/6-31g(d,p)",-8.04667832079,-0.417966856066,79,0.8774,-1287.9576941,2.0906,1.33333333333
/home/ccollins/allmols/H/opt/cam/m06hf/1312-8-_TD.log,1312-8-,---,[],"td M06HF/6-31g(d,p)",-8.13021726924,-0.00653073212604,55,3.5682,-733.9656805,2.1288,0.333333333333
/home/ccollins/allmols/H/opt/cam/m06hf/135-13-12-_TD.log,135-13-12-,---,[],"td M06HF/6-31g(d,p)",-7.184893794,0.857158591542,73,1.0348,-1199.6068656,3.9601,0.733333333333
/home/ccollins/allmols/H/opt/cam/m06hf/455-_TD.log,455-,---,[],"td M06HF/6-31g(d,p)",-8.04504563776,0.414429376165,63,0.1974,-1335.6989704,4.1804,0.733333333333
/home/ccollins/allmols/H/opt/cam/m06hf/5512_TD.log,5512,---,[],"td M06HF/6-31g(d,p)",-7.85211692621,0.505859625929,60,1.5336,-1333.4719952,4.1268,0.466666666667
/home/ccollins/allmols/H/opt/cam/m06hf/4445-_TD.log,4445-,---,[],"td M06HF/6-31g(d,p)",-8.36668419497,0.643005000576,82,0.6576,-1245.9667983,4.7994,1.68333333333
/home/ccollins/allmols/H/opt/cam/m06hf/48-44-_TD.log,48-44-,---,[],"td M06HF/6-31g(d,p)",-9.0037026911,-0.308304979117,81,0.3557,-989.2811988,2.0488,1.23333333333
/home/ccollins/allmols/H/opt/cam/m06hf/125-13-_TD.log,125-13-,---,[],"td M06HF/6-31g(d,p)",-7.599595284,0.854981680834,56,1.4922,-990.6612179,4.1905,0.416666666667
/home/ccollins/allmols/H/opt/cam/m06hf/84-_TD.log,84-,---,[],"td M06HF/6-31g(d,p)",-9.99120381132,-0.134968463938,41,1.2601,-527.2531741,2.0929,0.183333333333
/home/ccollins/allmols/H/opt/cam/m06hf/412-13_TD.log,412-13,---,[],"td M06HF/6-31g(d,p)",-7.599595284,1.20981812635,55,2.0881,-669.918865,4.5301,0.45
/home/ccollins/allmols/H/opt/cam/m06hf/85-13_TD.log,85-13,---,[],"td M06HF/6-31g(d,p)",-8.17919776019,-0.179050905789,59,3.2681,-1056.9404789,2.1345,0.333333333333
/home/ccollins/allmols/H/opt/cam/m06hf/8454-_TD.log,8454-,---,[],"td M06HF/6-31g(d,p)",-8.3302209406,-0.363544088349,82,2.1608,-1310.018159,2.0929,1.0
/home/ccollins/allmols/H/opt/cam/m06hf/45_TD.log,45,---,[],"td M06HF/6-31g(d,p)",-8.72859560029,1.22151902141,42,0.6582,-783.9447226,5.2420,0.25
/home/ccollins/allmols/H/opt/cam/m06hf/88-4-8_TD.log,88-4-8,---,[],"td M06HF/6-31g(d,p)",-10.1563769113,-1.31430984037,81,0.4852,-1117.3647936,2.0047,1.18333333333
/home/ccollins/allmols/H/opt/cam/m06hf/513-_TD.log,513-,---,[],"td M06HF/6-31g(d,p)",-7.94762888355,1.554314246,39,2.2073,-761.8765772,4.8612,0.166666666667
/home/ccollins/allmols/H/opt/cam/m06hf/1212-413_TD.log,1212-413,---,[],"td M06HF/6-31g(d,p)",-7.52884568597,0.731986225793,72,1.3584,-898.7029866,4.1883,0.65
/home/ccollins/allmols/H/opt/cam/m06hf/513-13-_TD.log,513-13-,---,[],"td M06HF/6-31g(d,p)",-7.56748585105,1.416080416,56,2.9658,-970.8221109,4.6572,0.533333333333
/home/ccollins/allmols/H/opt/cam/m06hf/1213-13-5_TD.log,1213-13-5,---,[],"td M06HF/6-31g(d,p)",-7.35850242301,1.22723341202,73,3.1365,-1199.6072512,4.4020,1.0
/home/ccollins/allmols/H/opt/cam/m06hf/513-48_TD.log,513-48,---,[],"td M06HF/6-31g(d,p)",-7.82490554235,-0.195649849943,79,2.0998,-1287.9531545,3.9980,0.816666666667
/home/ccollins/allmols/H/opt/cam/m06hf/58-4_TD.log,58-4,---,[],"td M06HF/6-31g(d,p)",-9.1990804272,-0.302862702345,62,0.6119,-1079.0139876,2.0893,0.416666666667
/home/ccollins/allmols/H/opt/cam/m06hf/413-12_TD.log,413-12,---,[],"td M06HF/6-31g(d,p)",-7.5734723555,1.26505723558,55,1.8926,-669.9156802,4.5749,0.416666666667
/home/ccollins/allmols/H/opt/cam/m06hf/84-8_TD.log,84-8,---,[],"td M06HF/6-31g(d,p)",-10.0771917843,-0.724094924474,61,0.0001,-822.3167494,2.0956,0.4
/home/ccollins/allmols/H/opt/cam/m06hf/13131312_TD.log,13131312,---,[],"td M06HF/6-31g(d,p)",-7.30380754146,1.74642661604,69,3.0344,-856.7956207,4.7117,0.75
/home/ccollins/allmols/H/opt/cam/m06hf/8513-_TD.log,8513-,---,[],"td M06HF/6-31g(d,p)",-8.17919776019,-0.179050905789,59,3.2681,-1056.9404789,2.1345,0.35
/home/ccollins/allmols/H/opt/cam/m06hf/5513-_TD.log,5513-,---,[],"td M06HF/6-31g(d,p)",-7.63877967676,0.642732886738,60,2.6935,-1313.6306777,4.0879,0.4
/home/ccollins/allmols/H/opt/cam/m06hf/4128_TD.log,4128,---,[],"td M06HF/6-31g(d,p)",-8.69839096421,-0.0813620377369,58,2.0433,-756.0349299,2.1296,0.65
/home/ccollins/allmols/H/opt/cam/m06hf/513_TD.log,513,---,[],"td M06HF/6-31g(d,p)",-7.92858091485,1.52819131749,39,0.9647,-761.876598,4.8606,0.15
/home/ccollins/allmols/H/opt/cam/m06hf/8135_TD.log,8135,---,[],"td M06HF/6-31g(d,p)",-8.23579743861,-0.0857158591542,59,2.3338,-1056.9455003,2.1481,0.316666666667
/home/ccollins/allmols/H/opt/cam/m06hf/512-12_TD.log,512-12,---,[],"td M06HF/6-31g(d,p)",-7.80531334597,0.907771765519,56,0.8133,-1010.5040755,4.3593,0.316666666667
/home/ccollins/allmols/H/opt/cam/m06hf/1388_TD.log,1388,---,[],"td M06HF/6-31g(d,p)",-9.14030383807,-0.824232817074,58,2.5361,-800.23871,2.0312,0.433333333333
/home/ccollins/allmols/H/opt/cam/m06hf/1212128-_TD.log,1212128-,---,[],"td M06HF/6-31g(d,p)",-7.92068961353,-0.0495247186225,72,3.0407,-982.5843577,2.1262,0.8
/home/ccollins/allmols/H/opt/cam/m06hf/512-12-4-_TD.log,512-12-4-,---,[],"td M06HF/6-31g(d,p)",-7.58272422601,0.66531833534,76,0.5332,-1241.5152032,4.0703,0.833333333333
/home/ccollins/allmols/H/opt/cam/m06hf/125-135-_TD.log,125-135-,---,[],"td M06HF/6-31g(d,p)",-7.41156462154,0.578241906993,77,1.8990,-1542.4182541,3.9128,0.666666666667
/home/ccollins/allmols/H/opt/cam/m06hf/13512-_TD.log,13512-,---,[],"td M06HF/6-31g(d,p)",-7.599595284,0.854981680834,56,1.4922,-990.661218,4.1905,0.416666666667
/home/ccollins/allmols/H/opt/cam/m06hf/48-4_TD.log,48-4,---,[],"td M06HF/6-31g(d,p)",-9.41541092888,-0.205990175809,61,0.0001,-758.2702316,2.0497,0.483333333333
/home/ccollins/allmols/H/opt/cam/m06hf/135-_TD.log,135-,---,[],"td M06HF/6-31g(d,p)",-7.94762888355,1.554314246,39,2.2073,-761.8765771,4.8612,0.166666666667
/home/ccollins/allmols/H/opt/cam/m06hf/51212-_TD.log,51212-,---,[],"td M06HF/6-31g(d,p)",-7.77973464514,0.907771765519,56,0.4126,-1010.5036999,4.3501,0.316666666667
/home/ccollins/allmols/H/opt/cam/m06hf/585-_TD.log,585-,---,[],"td M06HF/6-31g(d,p)",-9.03309098566,-0.393476610594,63,0.0001,-1399.7577926,2.1298,0.4
/home/ccollins/allmols/H/opt/cam/m06hf/512-_TD.log,512-,---,[],"td M06HF/6-31g(d,p)",-8.31307776877,1.2849215458,39,0.2023,-781.7183236,4.9085,0.166666666667
/home/ccollins/allmols/H/opt/cam/m06hf/4124-_TD.log,4124-,---,[],"td M06HF/6-31g(d,p)",-7.99660937449,0.900424691877,58,0.4520,-691.9879669,4.5604,0.483333333333
/home/ccollins/allmols/H/opt/cam/m06hf/413-13-8_TD.log,413-13-8,---,[],"td M06HF/6-31g(d,p)",-7.6102077237,-0.0933350466346,75,2.4833,-945.141813,3.9081,0.866666666667
/home/ccollins/allmols/H/opt/cam/m06hf/58-58-_TD.log,58-58-,---,[],"td M06HF/6-31g(d,p)",-9.16887579112,-0.996208763059,83,2.2042,-1694.819264,2.1299,0.916666666667
/home/ccollins/allmols/H/opt/cam/m06hf/45-8_TD.log,45-8,---,[],"td M06HF/6-31g(d,p)",-8.79662405993,-0.309937662148,62,2.1594,-1079.006489,2.1346,0.683333333333
/home/ccollins/allmols/H/opt/cam/m06hf/1388-12-_TD.log,1388-12-,---,[],"td M06HF/6-31g(d,p)",-8.96397407066,-0.906411196326,75,2.3320,-1029.0238454,2.0263,0.75
/home/ccollins/allmols/H/opt/cam/m06hf/8813-5-_TD.log,8813-5-,---,[],"td M06HF/6-31g(d,p)",-8.36341882891,-0.912941928452,79,3.3439,-1351.9946164,2.0311,0.933333333333
/home/ccollins/allmols/H/opt/cam/m06hf/813_TD.log,813,---,[],"td M06HF/6-31g(d,p)",-8.99581138978,-0.05768813378,38,1.9531,-505.1896648,2.1465,0.183333333333
/home/ccollins/allmols/H/opt/cam/m06hf/413_TD.log,413,---,[],"td M06HF/6-31g(d,p)",-8.04232449938,1.68003083942,38,1.5623,-441.1305759,5.1881,0.233333333333
/home/ccollins/allmols/H/opt/cam/m06hf/58-12_TD.log,58-12,---,[],"td M06HF/6-31g(d,p)",-8.97757976259,-0.288168555061,59,1.2883,-1076.78139,2.1254,0.35
/home/ccollins/allmols/H/opt/cam/m06hf/134-5-_TD.log,134-5-,---,[],"td M06HF/6-31g(d,p)",-7.80368066294,0.744775576207,59,2.1762,-992.8862454,4.4372,0.533333333333
/home/ccollins/allmols/H/opt/cam/m06hf/44-8-_TD.log,44-8-,---,[],"td M06HF/6-31g(d,p)",-9.21323034681,-0.130070414844,61,1.6725,-758.264206,2.0919,0.55
/home/ccollins/allmols/H/opt/cam/m06hf/45-_TD.log,45-,---,[],"td M06HF/6-31g(d,p)",-8.60206266535,1.04736616471,42,0.6668,-783.9430848,4.9997,0.183333333333
/home/ccollins/allmols/H/opt/cam/m06hf/545-_TD.log,545-,---,[],"td M06HF/6-31g(d,p)",-8.16123824684,0.441368646185,63,0.0001,-1335.6987482,4.4034,0.5
/home/ccollins/allmols/H/opt/cam/m06hf/84-13-_TD.log,84-13-,---,[],"td M06HF/6-31g(d,p)",-8.27851931127,-0.0914302497645,58,2.2065,-736.1966939,2.0943,0.633333333333
/home/ccollins/allmols/H/opt/cam/m06hf/858-_TD.log,858-,---,[],"td M06HF/6-31g(d,p)",-9.73269566467,-0.902057374909,62,0.9693,-1143.0582142,2.1349,0.583333333333
/home/ccollins/allmols/H/opt/cam/m06hf/1312-12_TD.log,1312-12,---,[],"td M06HF/6-31g(d,p)",-7.52095438465,1.45798594714,52,1.5094,-667.6906523,4.5364,0.383333333333
/home/ccollins/allmols/H/opt/cam/m06hf/1313_TD.log,1313,---,[],"td M06HF/6-31g(d,p)",-7.52313129536,2.64712342175,35,3.1773,-419.0596557,5.4050,0.166666666667
/home/ccollins/allmols/H/opt/cam/m06hf/58-48_TD.log,58-48,---,[],"td M06HF/6-31g(d,p)",-9.33432100498,-0.846818265676,82,1.8515,-1374.0778133,2.0925,1.46666666667
/home/ccollins/allmols/H/opt/cam/m06hf/85-5_TD.log,85-5,---,[],"td M06HF/6-31g(d,p)",-8.62274331708,-0.386673764629,63,1.8759,-1399.7526838,2.1355,0.566666666667
/home/ccollins/allmols/H/opt/cam/m06hf/512138_TD.log,512138,---,[],"td M06HF/6-31g(d,p)",-7.80885082587,-0.0489804909453,76,3.0447,-1285.7337489,2.1471,0.883333333333
/home/ccollins/allmols/H/opt/cam/m06hf/558-5-_TD.log,558-5-,---,[],"td M06HF/6-31g(d,p)",-8.40260322166,-0.592936054277,84,0.9045,-1951.5116628,2.1314,0.666666666667
/home/ccollins/allmols/H/opt/cam/m06hf/13138-5-_TD.log,13138-5-,---,[],"td M06HF/6-31g(d,p)",-7.89837627877,-0.223405461478,76,2.9996,-1265.8939248,2.1435,0.75
/home/ccollins/allmols/H/opt/cam/m06hf/58-4-5_TD.log,58-4-5,---,[],"td M06HF/6-31g(d,p)",-8.62355965859,-0.491437592484,83,1.2200,-1630.7694763,2.0918,0.833333333333
/home/ccollins/allmols/H/opt/cam/m06hf/848-5-_TD.log,848-5-,---,[],"td M06HF/6-31g(d,p)",-9.33432100498,-0.846818265676,82,1.8515,-1374.0778131,2.0926,1.46666666667
/home/ccollins/allmols/H/opt/cam/m06hf/135-5-13_TD.log,135-5-13,---,[],"td M06HF/6-31g(d,p)",-7.31877380258,0.448171492149,77,3.9323,-1522.5739677,3.7582,0.7
/home/ccollins/allmols/H/opt/cam/m06hf/1312-4-_TD.log,1312-4-,---,[],"td M06HF/6-31g(d,p)",-7.599595284,1.20981812635,55,2.0881,-669.9188649,4.5301,0.45
/home/ccollins/allmols/H/opt/cam/m06hf/84-4-8_TD.log,84-4-8,---,[],"td M06HF/6-31g(d,p)",-9.37785921915,-0.507220195122,81,0.0002,-1053.3289567,2.0940,1.6
/home/ccollins/allmols/H/opt/cam/m06hf/4555-_TD.log,4555-,---,[],"td M06HF/6-31g(d,p)",-7.93756067152,0.302046360829,84,0.5425,-1887.4571027,4.0900,1.05
/home/ccollins/allmols/H/opt/cam/m06hf/88-5-12-_TD.log,88-5-12-,---,[],"td M06HF/6-31g(d,p)",-8.61893372334,-1.08056405302,79,3.5252,-1371.8300479,2.0246,0.866666666667
/home/ccollins/allmols/H/opt/cam/m06hf/48-1212_TD.log,48-1212,---,[],"td M06HF/6-31g(d,p)",-8.31443833796,-0.275107090809,75,1.4971,-984.8195163,2.0830,0.616666666667
/home/ccollins/allmols/H/opt/cam/m06hf/54-55-_TD.log,54-55-,---,[],"td M06HF/6-31g(d,p)",-7.87007643955,0.103403258662,84,0.6504,-1887.4546598,3.9522,0.866666666667
/home/ccollins/allmols/H/opt/cam/m06hf/12131313-_TD.log,12131313-,---,[],"td M06HF/6-31g(d,p)",-7.2004042828,1.74724295755,69,1.8676,-856.7977088,4.6449,0.633333333333
/home/ccollins/allmols/H/opt/cam/m06hf/12513-_TD.log,12513-,---,[],"td M06HF/6-31g(d,p)",-7.58136365681,0.911037131582,56,2.5137,-990.6609894,4.2184,0.433333333333
/home/ccollins/allmols/H/opt/cam/m06hf/848-8-_TD.log,848-8-,---,[],"td M06HF/6-31g(d,p)",-10.1563769113,-1.31430984037,81,0.4852,-1117.3647936,2.0047,1.18333333333
/home/ccollins/allmols/H/opt/cam/m06hf/512-5_TD.log,512-5,---,[],"td M06HF/6-31g(d,p)",-7.85266115388,0.720013216896,60,0.8077,-1333.4765625,4.2483,0.35
/home/ccollins/allmols/H/opt/cam/m06hf/513124_TD.log,513124,---,[],"td M06HF/6-31g(d,p)",-7.34027079583,0.82695395546,76,0.5223,-1221.6775759,4.0840,0.7
/home/ccollins/allmols/H/opt/cam/m06hf/48-_TD.log,48-,---,[],"td M06HF/6-31g(d,p)",-9.99120381132,-0.134968463938,41,1.2600,-527.2531743,2.0929,0.183333333333
/home/ccollins/allmols/H/opt/cam/m06hf/55-_TD.log,55-,---,[],"td M06HF/6-31g(d,p)",-8.42219541804,0.91348615613,43,0.0004,-1104.6893008,4.6709,0.183333333333
/home/ccollins/allmols/H/opt/cam/m06hf/13812_TD.log,13812,---,[],"td M06HF/6-31g(d,p)",-8.56832054936,-0.00625861828745,55,0.9890,-733.9740061,2.1384,0.4
/home/ccollins/allmols/H/opt/cam/m06hf/55-8-_TD.log,55-8-,---,[],"td M06HF/6-31g(d,p)",-8.62274331708,-0.386673764629,63,1.8759,-1399.7526837,2.1355,0.55
/home/ccollins/allmols/H/opt/cam/m06hf/4813-_TD.log,4813-,---,[],"td M06HF/6-31g(d,p)",-8.69811885037,-0.0310209775987,58,1.5687,-736.2064315,2.1006,0.5
/home/ccollins/allmols/H/opt/cam/m06hf/41313_TD.log,41313,---,[],"td M06HF/6-31g(d,p)",-7.58245211217,1.53009611436,55,2.4487,-650.0767891,4.8594,0.466666666667
/home/ccollins/allmols/H/opt/cam/m06hf/48-13_TD.log,48-13,---,[],"td M06HF/6-31g(d,p)",-8.69811885037,-0.0310209775987,58,1.5686,-736.2064315,2.1005,0.533333333333
/home/ccollins/allmols/H/opt/cam/m06hf/138-5-4_TD.log,138-5-4,---,[],"td M06HF/6-31g(d,p)",-8.38682061903,-0.284358961321,79,2.0057,-1287.9614639,2.1423,0.95
/home/ccollins/allmols/H/opt/cam/m06hf/84-13_TD.log,84-13,---,[],"td M06HF/6-31g(d,p)",-8.27851931127,-0.0914302497645,58,2.2066,-736.1966933,2.0942,0.7
/home/ccollins/allmols/H/opt/cam/m06hf/121213-_TD.log,121213-,---,[],"td M06HF/6-31g(d,p)",-7.49047763473,1.47540123281,52,2.3615,-667.6872887,4.5379,0.416666666667
/home/ccollins/allmols/H/opt/cam/m06hf/138-1312_TD.log,138-1312,---,[],"td M06HF/6-31g(d,p)",-7.87116489491,0.0405449619492,72,3.1267,-942.9287089,2.1498,0.583333333333
/home/ccollins/allmols/H/opt/cam/m06hf/58-5_TD.log,58-5,---,[],"td M06HF/6-31g(d,p)",-9.03309098566,-0.392932382917,63,1.1400,-1399.7578015,2.1308,0.333333333333
/home/ccollins/allmols/H/opt/cam/m06hf/5813-4-_TD.log,5813-4-,---,[],"td M06HF/6-31g(d,p)",-8.14926523794,-0.269664814038,79,2.1759,-1287.9609026,2.1461,0.883333333333
/home/ccollins/allmols/H/opt/cam/m06hf/54812_TD.log,54812,---,[],"td M06HF/6-31g(d,p)",-8.60124632383,-0.408442871716,79,1.3291,-1307.7930488,2.0861,0.866666666667
/home/ccollins/allmols/H/opt/cam/m06hf/813-5_TD.log,813-5,---,[],"td M06HF/6-31g(d,p)",-8.2611040256,-0.11537626756,59,2.3235,-1056.9460024,2.1486,0.35
/home/ccollins/allmols/H/opt/cam/m06hf/1244-_TD.log,1244-,---,[],"td M06HF/6-31g(d,p)",-8.26300882247,0.931173555638,58,0.5787,-691.9853597,4.8921,0.45
/home/ccollins/allmols/H/opt/cam/m06hf/413-4-_TD.log,413-4-,---,[],"td M06HF/6-31g(d,p)",-7.7998710692,1.32274536936,58,1.3957,-672.1449656,4.8042,0.583333333333
/home/ccollins/allmols/H/opt/cam/m06hf/412812_TD.log,412812,---,[],"td M06HF/6-31g(d,p)",-8.42981460552,-0.293066604156,75,0.8961,-984.8194414,2.1222,0.55
/home/ccollins/allmols/H/opt/cam/m06hf/512-13-_TD.log,512-13-,---,[],"td M06HF/6-31g(d,p)",-7.5614993466,1.00600486125,56,1.5241,-990.6652125,4.3142,0.35
/home/ccollins/allmols/H/opt/cam/m06hf/512-12-13-_TD.log,512-12-13-,---,[],"td M06HF/6-31g(d,p)",-7.36612161049,0.754843788235,73,0.9714,-1219.4485719,4.0247,0.766666666667
/home/ccollins/allmols/H/opt/cam/m06hf/1313-13-_TD.log,1313-13-,---,[],"td M06HF/6-31g(d,p)",-7.36448892746,2.29283120392,52,1.2867,-628.0105344,5.0829,0.516666666667
/home/ccollins/allmols/H/opt/cam/m06hf/84-4-_TD.log,84-4-,---,[],"td M06HF/6-31g(d,p)",-9.21323034681,-0.130070414844,61,1.6724,-758.264207,2.0919,0.55
/home/ccollins/allmols/H/opt/cam/m06hf/54-1312-_TD.log,54-1312-,---,[],"td M06HF/6-31g(d,p)",-7.4804094227,0.563547759709,76,1.2746,-1221.6714046,4.1497,0.7
/home/ccollins/allmols/H/opt/cam/m06hf/4135-_TD.log,4135-,---,[],"td M06HF/6-31g(d,p)",-7.62653455402,1.03239990359,59,1.9002,-992.8874248,4.3906,0.516666666667
/home/ccollins/allmols/H/opt/cam/m06hf/1212-1212-_TD.log,1212-1212-,---,[],"td M06HF/6-31g(d,p)",-7.52285918152,0.876206560243,69,0.0000,-916.3172774,4.1480,0.433333333333
/home/ccollins/allmols/H/opt/cam/m06hf/513-5-_TD.log,513-5-,---,[],"td M06HF/6-31g(d,p)",-7.5601387774,0.937160060086,60,1.4547,-1313.6332089,4.2604,0.433333333333
/home/ccollins/allmols/H/opt/cam/m06hf/88-5-_TD.log,88-5-,---,[],"td M06HF/6-31g(d,p)",-9.75609745478,-1.01824998398,62,2.1738,-1143.0453987,2.0266,0.433333333333
/home/ccollins/allmols/H/opt/cam/m06hf/412_TD.log,412,---,[],"td M06HF/6-31g(d,p)",-8.45729810322,1.4337678155,38,0.5896,-460.9741179,5.2604,0.2
/home/ccollins/allmols/H/opt/cam/m06hf/813-8-5-_TD.log,813-8-5-,---,[],"td M06HF/6-31g(d,p)",-8.83499211117,-0.675930775045,79,1.9525,-1352.0159619,4.0452,0.666666666667
/home/ccollins/allmols/H/opt/cam/m06hf/84-12_TD.log,84-12,---,[],"td M06HF/6-31g(d,p)",-8.68179202005,-0.138778057678,58,2.1180,-756.0396765,2.0935,0.566666666667
/home/ccollins/allmols/H/opt/cam/m06hf/12413-5_TD.log,12413-5,---,[],"td M06HF/6-31g(d,p)",-7.47932096734,0.668039473726,76,2.4509,-1221.6739471,4.1279,0.8
/home/ccollins/allmols/H/opt/cam/m06hf/485_TD.log,485,---,[],"td M06HF/6-31g(d,p)",-9.1990804272,-0.302862702345,62,0.6120,-1079.0139877,2.0893,0.466666666667
/home/ccollins/allmols/H/opt/cam/m06hf/12128-13-_TD.log,12128-13-,---,[],"td M06HF/6-31g(d,p)",-8.11742791883,-0.111022446143,72,2.3837,-962.7556689,2.1321,0.533333333333
/home/ccollins/allmols/H/opt/cam/m06hf/45-413-_TD.log,45-413-,---,[],"td M06HF/6-31g(d,p)",-7.67497081729,0.349122054904,79,0.9764,-1223.8959654,4.0685,0.933333333333
/home/ccollins/allmols/H/opt/cam/m06hf/1255_TD.log,1255,---,[],"td M06HF/6-31g(d,p)",-7.85211692621,0.505859625929,60,1.5336,-1333.4719966,4.1268,0.466666666667
/home/ccollins/allmols/H/opt/cam/m06hf/81312_TD.log,81312,---,[],"td M06HF/6-31g(d,p)",-8.17593239412,-0.0419055311421,55,2.5449,-733.9760446,2.1464,0.333333333333
/home/ccollins/allmols/H/opt/cam/m06hf/135_TD.log,135,---,[],"td M06HF/6-31g(d,p)",-7.92858091485,1.52819131749,39,0.9647,-761.876598,4.8606,0.15
/home/ccollins/allmols/H/opt/cam/m06hf/1312_TD.log,1312,---,[],"td M06HF/6-31g(d,p)",-7.84395351105,2.20521054789,35,1.3026,-438.9073552,5.2677,0.15
/home/ccollins/allmols/H/opt/cam/m06hf/128-512-_TD.log,128-512-,---,[],"td M06HF/6-31g(d,p)",-8.32858825757,-0.471301168429,76,0.4911,-1305.5663574,2.1258,0.8
/home/ccollins/allmols/H/opt/cam/m06hf/8134-_TD.log,8134-,---,[],"td M06HF/6-31g(d,p)",-8.3612419182,-0.0767361024809,58,2.2330,-736.2003265,2.1478,0.416666666667
/home/ccollins/allmols/H/opt/cam/m06hf/458-_TD.log,458-,---,[],"td M06HF/6-31g(d,p)",-8.90737439224,-0.231840990474,62,2.1729,-1079.0082514,2.1330,0.566666666667
/home/ccollins/allmols/H/opt/cam/m06hf/1341312-_TD.log,1341312-,---,[],"td M06HF/6-31g(d,p)",-7.33564486057,0.911853473098,72,3.2672,-878.8586747,4.2201,0.633333333333
/home/ccollins/allmols/H/opt/cam/m06hf/512-124-_TD.log,512-124-,---,[],"td M06HF/6-31g(d,p)",-7.60775869916,0.64409345593,76,0.6563,-1241.5181135,4.0795,0.716666666667
/home/ccollins/allmols/H/opt/cam/m06hf/4513-_TD.log,4513-,---,[],"td M06HF/6-31g(d,p)",-7.7068081364,0.755932243589,59,2.1426,-992.8861972,4.2504,0.466666666667
/home/ccollins/allmols/H/opt/cam/m06hf/12813-4_TD.log,12813-4,---,[],"td M06HF/6-31g(d,p)",-8.12940092772,-0.152927977285,75,2.2978,-964.9845751,2.1351,0.883333333333
/home/ccollins/allmols/H/opt/cam/m06hf/5812-5-_TD.log,5812-5-,---,[],"td M06HF/6-31g(d,p)",-8.32396232231,-0.421776449807,80,1.0205,-1628.5387116,2.1251,0.733333333333
/home/ccollins/allmols/H/opt/cam/m06hf/5138-5_TD.log,5138-5,---,[],"td M06HF/6-31g(d,p)",-8.04776677615,-0.295787742542,80,0.8586,-1608.7062037,2.1437,0.833333333333
/home/ccollins/allmols/H/opt/cam/m06hf/128-124_TD.log,128-124,---,[],"td M06HF/6-31g(d,p)",-8.43063094704,-0.292794490317,75,0.8962,-984.8194345,2.1222,0.6
/home/ccollins/allmols/H/opt/cam/m06hf/444-_TD.log,444-,---,[],"td M06HF/6-31g(d,p)",-8.6722680357,1.02124323621,61,0.0002,-694.2099382,5.3149,0.783333333333
/home/ccollins/allmols/H/opt/cam/m06hf/1212-8-13_TD.log,1212-8-13,---,[],"td M06HF/6-31g(d,p)",-8.13375474914,-0.145308789804,72,1.3110,-962.7596838,2.1357,0.516666666667
/home/ccollins/allmols/H/opt/cam/m06hf/8448-_TD.log,8448-,---,[],"td M06HF/6-31g(d,p)",-9.37785921915,-0.507220195122,81,0.0002,-1053.3289556,2.0939,1.58333333333
/home/ccollins/allmols/H/opt/cam/m06hf/1213-125-_TD.log,1213-125-,---,[],"td M06HF/6-31g(d,p)",-7.34054290967,0.894710301267,73,1.8158,-1219.4482437,4.1183,0.683333333333
/home/ccollins/allmols/H/opt/cam/m06hf/44-_TD.log,44-,---,[],"td M06HF/6-31g(d,p)",-9.03009773344,1.46642147613,41,0.0001,-463.1987892,5.6634,0.216666666667
/home/ccollins/allmols/H/opt/cam/m06hf/125-4_TD.log,125-4,---,[],"td M06HF/6-31g(d,p)",-7.97456815357,0.589398574375,59,0.0298,-1012.7279902,4.2934,0.433333333333
/home/ccollins/allmols/H/opt/cam/m06hf/1213-13-4_TD.log,1213-13-4,---,[],"td M06HF/6-31g(d,p)",-7.37564559484,1.39240651204,72,2.8786,-878.8614226,4.5728,0.75
/home/ccollins/allmols/H/opt/cam/m06hf/584_TD.log,584,---,[],"td M06HF/6-31g(d,p)",-9.1990804272,-0.302862702345,62,0.6119,-1079.0139876,2.0893,0.416666666667
/home/ccollins/allmols/H/opt/cam/m06hf/1213-48-_TD.log,1213-48-,---,[],"td M06HF/6-31g(d,p)",-7.77456448221,-0.166805783053,75,2.2889,-964.9816453,2.0929,0.833333333333
/home/ccollins/allmols/H/opt/cam/m06hf/58-134-_TD.log,58-134-,---,[],"td M06HF/6-31g(d,p)",-8.21239564849,-0.2383717226,79,1.0987,-1287.9625569,2.1413,0.966666666667
/home/ccollins/allmols/H/opt/cam/m06hf/55_TD.log,55,---,[],"td M06HF/6-31g(d,p)",-8.40124265247,0.914846725322,43,1.2514,-1104.6877075,4.6724,0.166666666667
/home/ccollins/allmols/H/opt/cam/m06hf/413-13_TD.log,413-13,---,[],"td M06HF/6-31g(d,p)",-7.35306014624,1.44301968602,55,0.4475,-650.0752364,4.6080,0.483333333333
/home/ccollins/allmols/H/opt/cam/m06hf/4121312_TD.log,4121312,---,[],"td M06HF/6-31g(d,p)",-7.29836526469,0.980426160421,72,0.7886,-898.7081942,4.1928,0.7
/home/ccollins/allmols/H/opt/cam/m06hf/54-8-_TD.log,54-8-,---,[],"td M06HF/6-31g(d,p)",-8.80805284116,-0.235378470376,62,1.8794,-1079.0085738,2.0946,0.6
/home/ccollins/allmols/H/opt/cam/m06hf/131288-_TD.log,131288-,---,[],"td M06HF/6-31g(d,p)",-8.22763402345,-0.992943396996,75,1.8754,-1029.0181275,2.0255,0.916666666667
/home/ccollins/allmols/H/opt/cam/m06hf/512-48_TD.log,512-48,---,[],"td M06HF/6-31g(d,p)",-8.10708759296,-0.267487903329,79,1.6773,-1307.7976781,2.0934,1.0
/home/ccollins/allmols/H/opt/cam/m06hf/8412_TD.log,8412,---,[],"td M06HF/6-31g(d,p)",-8.68179202005,-0.138778057678,58,2.1180,-756.0396766,2.0935,0.533333333333
/home/ccollins/allmols/H/opt/cam/m06hf/8128-_TD.log,8128-,---,[],"td M06HF/6-31g(d,p)",-9.68480362908,-0.660420286246,58,1.5058,-820.0775316,2.1266,0.5
/home/ccollins/allmols/H/opt/cam/m06hf/1244-12-_TD.log,1244-12-,---,[],"td M06HF/6-31g(d,p)",-8.03252840119,0.638106951482,75,0.3147,-920.7718574,4.5845,1.01666666667
/home/ccollins/allmols/H/opt/cam/m06hf/1212-4-13_TD.log,1212-4-13,---,[],"td M06HF/6-31g(d,p)",-7.52884568597,0.731986225793,72,1.3584,-898.7029869,4.1883,0.65
/home/ccollins/allmols/H/opt/cam/m06hf/128_TD.log,128,---,[],"td M06HF/6-31g(d,p)",-9.55446110039,-0.102859030985,38,1.8626,-525.0204666,2.1283,0.183333333333
/home/ccollins/allmols/H/opt/cam/m06hf/128-4_TD.log,128-4,---,[],"td M06HF/6-31g(d,p)",-9.13023562604,-0.185853751753,58,0.8344,-756.0375781,2.0838,0.5
/home/ccollins/allmols/H/opt/cam/m06hf/412-5-8-_TD.log,412-5-8-,---,[],"td M06HF/6-31g(d,p)",-8.09239344568,-0.368170023605,79,2.5492,-1307.7954151,2.1336,0.85
/home/ccollins/allmols/H/opt/cam/m06hf/1284-13_TD.log,1284-13,---,[],"td M06HF/6-31g(d,p)",-8.15117003481,-0.284358961321,75,0.8401,-964.9811223,2.0853,0.866666666667
/home/ccollins/allmols/H/opt/cam/m06hf/84412_TD.log,84412,---,[],"td M06HF/6-31g(d,p)",-8.42137907653,-0.151295294253,78,2.1881,-987.0506348,2.0924,0.9
/home/ccollins/allmols/H/opt/cam/m06hf/1313128-_TD.log,1313128-,---,[],"td M06HF/6-31g(d,p)",-7.61047983754,-0.120546430493,72,0.8299,-942.913361,2.1334,0.783333333333
/home/ccollins/allmols/H/opt/cam/m06hf/85_TD.log,85,---,[],"td M06HF/6-31g(d,p)",-9.64997305774,-0.154560660316,42,1.6077,-847.9969362,2.1334,0.233333333333
/home/ccollins/allmols/H/opt/cam/m06hf/5512-_TD.log,5512-,---,[],"td M06HF/6-31g(d,p)",-7.88041676542,0.480553038941,60,0.5827,-1333.4724969,4.1183,0.433333333333
/home/ccollins/allmols/H/opt/cam/m06hf/5513-4-_TD.log,5513-4-,---,[],"td M06HF/6-31g(d,p)",-7.44068080227,0.458239704177,80,2.4062,-1544.641594,3.8803,0.933333333333
/home/ccollins/allmols/H/opt/cam/m06hf/12813-_TD.log,12813-,---,[],"td M06HF/6-31g(d,p)",-8.56832054936,0.00408170757877,55,2.3086,-733.9737092,2.1331,0.433333333333
/home/ccollins/allmols/H/opt/cam/m06hf/124-13-_TD.log,124-13-,---,[],"td M06HF/6-31g(d,p)",-7.82817090841,1.05743437674,55,2.0940,-669.9190718,4.6627,0.45
/home/ccollins/allmols/H/opt/cam/m06hf/128-5-_TD.log,128-5-,---,[],"td M06HF/6-31g(d,p)",-8.97730764875,-0.288712782739,59,0.2620,-1076.7813929,2.1234,0.383333333333
/home/ccollins/allmols/H/opt/cam/m06hf/4513-13_TD.log,4513-13,---,[],"td M06HF/6-31g(d,p)",-7.24503095232,0.662052969277,76,0.7132,-1201.830976,3.9831,0.8
/home/ccollins/allmols/H/opt/cam/m06hf/513-12-_TD.log,513-12-,---,[],"td M06HF/6-31g(d,p)",-7.50979771727,1.20872967099,56,1.8246,-990.6641902,4.4213,0.333333333333
/home/ccollins/allmols/H/opt/cam/m06hf/138-13-_TD.log,138-13-,---,[],"td M06HF/6-31g(d,p)",-8.31144508574,0.0476199217524,55,0.0004,-714.1425306,2.1593,0.333333333333
/home/ccollins/allmols/H/opt/cam/m06hf/88-48-_TD.log,88-48-,---,[],"td M06HF/6-31g(d,p)",-10.1563769113,-1.31430984037,81,0.4852,-1117.3647936,2.0060,0.916666666667
/home/ccollins/allmols/H/opt/cam/m06hf/813-8_TD.log,813-8,---,[],"td M06HF/6-31g(d,p)",-9.22057742045,-0.501777918351,58,0.6156,-800.2550427,2.1466,0.516666666667
/home/ccollins/allmols/H/opt/cam/m06hf/4135_TD.log,4135,---,[],"td M06HF/6-31g(d,p)",-7.76367992867,1.23077089192,59,0.9738,-992.8902518,4.6558,0.6
/home/ccollins/allmols/H/opt/cam/m06hf/124-812_TD.log,124-812,---,[],"td M06HF/6-31g(d,p)",-8.49974786204,-0.341774981263,75,1.2229,-984.8241275,2.0847,0.683333333333
/home/ccollins/allmols/H/opt/cam/m06hf/13512-4-_TD.log,13512-4-,---,[],"td M06HF/6-31g(d,p)",-7.46000088481,0.560826621324,76,1.3193,-1221.6753481,3.9272,0.883333333333
/home/ccollins/allmols/H/opt/cam/m06hf/135-5-_TD.log,135-5-,---,[],"td M06HF/6-31g(d,p)",-7.63877967676,0.642732886738,60,2.6935,-1313.6306778,4.0879,0.416666666667
/home/ccollins/allmols/H/opt/cam/m06hf/12413-_TD.log,12413-,---,[],"td M06HF/6-31g(d,p)",-7.73837334168,1.00437217822,55,2.0796,-669.9171831,4.5577,0.45
/home/ccollins/allmols/H/opt/cam/m06hf/13513-_TD.log,13513-,---,[],"td M06HF/6-31g(d,p)",-7.41156462154,1.06614201958,56,1.1522,-970.8194847,4.2001,0.433333333333
/home/ccollins/allmols/H/opt/cam/m06hf/485-_TD.log,485-,---,[],"td M06HF/6-31g(d,p)",-9.1990804272,-0.302862702345,62,0.6118,-1079.0139877,2.0893,0.466666666667
/home/ccollins/allmols/H/opt/cam/m06hf/12138-_TD.log,12138-,---,[],"td M06HF/6-31g(d,p)",-8.17511605261,-0.0408170757877,55,2.5463,-733.9760483,2.1464,0.333333333333
/home/ccollins/allmols/H/opt/cam/m06hf/5413_TD.log,5413,---,[],"td M06HF/6-31g(d,p)",-7.80531334597,0.74423134853,59,0.8729,-992.8864159,4.4375,0.533333333333
/home/ccollins/allmols/H/opt/cam/m06hf/81212_TD.log,81212,---,[],"td M06HF/6-31g(d,p)",-8.4684547706,-0.0476199217524,55,2.7481,-753.802359,2.1268,0.45
/home/ccollins/allmols/H/opt/cam/m06hf/13812-13_TD.log,13812-13,---,[],"td M06HF/6-31g(d,p)",-7.87089278107,-0.0378238235633,72,3.5557,-942.9188591,2.1349,0.783333333333
/home/ccollins/allmols/H/opt/cam/m06hf/58-13-8_TD.log,58-13-8,---,[],"td M06HF/6-31g(d,p)",-8.83363154198,-0.677291344238,79,2.2132,-1352.015923,4.0465,0.666666666667
/home/ccollins/allmols/H/opt/cam/m06hf/48-5_TD.log,48-5,---,[],"td M06HF/6-31g(d,p)",-9.1990804272,-0.302862702345,62,0.6120,-1079.0139877,2.0893,0.466666666667
/home/ccollins/allmols/H/opt/cam/m06hf/1313-124_TD.log,1313-124,---,[],"td M06HF/6-31g(d,p)",-7.18951972925,1.09770722485,72,0.6475,-878.8636282,4.2372,0.716666666667
/home/ccollins/allmols/H/opt/cam/m06hf/84_TD.log,84,---,[],"td M06HF/6-31g(d,p)",-9.99120381132,-0.134968463938,41,1.2601,-527.2531741,2.0929,0.183333333333
/home/ccollins/allmols/H/opt/cam/m06hf/128-12-8-_TD.log,128-12-8-,---,[],"td M06HF/6-31g(d,p)",-9.08452050116,-0.754843788235,75,1.6088,-1048.8625477,2.1183,0.766666666667
/home/ccollins/allmols/H/opt/cam/m06hf/135-12-_TD.log,135-12-,---,[],"td M06HF/6-31g(d,p)",-7.58136365681,0.911037131582,56,2.5137,-990.6609893,4.2184,0.433333333333
/home/ccollins/allmols/H/opt/cam/m06hf/1213-13-8-_TD.log,1213-13-8-,---,[],"td M06HF/6-31g(d,p)",-7.54925422386,-0.110750332304,72,2.5747,-942.9159161,2.1511,0.516666666667
/home/ccollins/allmols/H/opt/cam/m06hf/124-128-_TD.log,124-128-,---,[],"td M06HF/6-31g(d,p)",-8.20368800566,-0.159458709411,75,2.7569,-984.821418,2.1296,0.966666666667
/home/ccollins/allmols/H/opt/cam/m06hf/513-4-_TD.log,513-4-,---,[],"td M06HF/6-31g(d,p)",-7.62653455402,1.03212778975,59,1.9003,-992.8874223,4.3905,0.516666666667
/home/ccollins/allmols/H/opt/cam/m06hf/858-8-_TD.log,858-8-,---,[],"td M06HF/6-31g(d,p)",-9.82058843453,-1.44356391369,82,1.1619,-1438.1063897,2.0263,1.15
/home/ccollins/allmols/H/opt/cam/m06hf/51254_TD.log,51254,---,[],"td M06HF/6-31g(d,p)",-7.65510650707,0.447355150634,80,1.1197,-1564.4865614,3.9898,1.06666666667
/home/ccollins/allmols/H/opt/cam/m06hf/5124-8_TD.log,5124-8,---,[],"td M06HF/6-31g(d,p)",-8.08232523365,-0.249800503821,79,2.6496,-1307.7973929,2.0937,0.95
/home/ccollins/allmols/H/opt/cam/m06hf/1348-_TD.log,1348-,---,[],"td M06HF/6-31g(d,p)",-8.27851931127,-0.0917023636031,58,2.2073,-736.1966894,2.0938,0.65
/home/ccollins/allmols/H/opt/cam/m06hf/134-13-13-_TD.log,134-13-13-,---,[],"td M06HF/6-31g(d,p)",-7.42462608579,1.13226568235,72,1.5326,-859.0217993,4.4847,0.783333333333
/home/ccollins/allmols/H/opt/cam/m06hf/8128-12_TD.log,8128-12,---,[],"td M06HF/6-31g(d,p)",-9.0869695257,-0.753211105203,75,2.5628,-1048.8623186,2.1190,0.9
/home/ccollins/allmols/H/opt/cam/m06hf/1212-58-_TD.log,1212-58-,---,[],"td M06HF/6-31g(d,p)",-8.00694970036,-0.396469862818,76,2.3653,-1305.567392,2.1351,0.866666666667
/home/ccollins/allmols/H/opt/cam/m06hf/1345-_TD.log,1345-,---,[],"td M06HF/6-31g(d,p)",-7.80368066294,0.744775576207,59,2.1762,-992.8862453,4.4372,0.533333333333
/home/ccollins/allmols/H/opt/cam/m06hf/48-88_TD.log,48-88,---,[],"td M06HF/6-31g(d,p)",-10.1424991056,-1.52710286214,81,2.0026,-1117.3488088,1.9666,1.48333333333
/home/ccollins/allmols/H/opt/cam/m06hf/812-12-12-_TD.log,812-12-12-,---,[],"td M06HF/6-31g(d,p)",-7.91987327201,-0.0495247186225,72,3.0411,-982.5843674,2.1266,0.5
/home/ccollins/allmols/H/opt/cam/m06hf/448-8-_TD.log,448-8-,---,[],"td M06HF/6-31g(d,p)",-9.3027557997,-0.993487624674,81,2.3558,-1053.3125823,2.0007,1.36666666667
/home/ccollins/allmols/H/opt/cam/m06hf/125-84-_TD.log,125-84-,---,[],"td M06HF/6-31g(d,p)",-8.38573216367,-0.477559786717,79,0.7474,-1307.7988219,2.0894,0.816666666667
/home/ccollins/allmols/H/opt/cam/m06hf/4485_TD.log,4485,---,[],"td M06HF/6-31g(d,p)",-8.9141772382,-0.392932382917,82,0.5826,-1310.0249273,2.0890,0.95
/home/ccollins/allmols/H/opt/cam/m06hf/12413_TD.log,12413,---,[],"td M06HF/6-31g(d,p)",-7.73918968319,1.0035558367,55,1.1493,-669.9174198,4.5588,0.483333333333
/home/ccollins/allmols/H/opt/cam/m06hf/88-8-_TD.log,88-8-,---,[],"td M06HF/6-31g(d,p)",-11.286465683,-1.55023253842,61,0.0001,-886.3303693,1.9752,0.35
/home/ccollins/allmols/H/opt/cam/m06hf/58_TD.log,58,---,[],"td M06HF/6-31g(d,p)",-9.64997305774,-0.154560660316,42,1.6078,-847.9969356,2.1334,0.233333333333
/home/ccollins/allmols/H/opt/cam/m06hf/1348_TD.log,1348,---,[],"td M06HF/6-31g(d,p)",-8.27851931127,-0.0917023636031,58,2.2073,-736.1966894,2.0938,0.683333333333
/home/ccollins/allmols/H/opt/cam/m06hf/13412-8-_TD.log,13412-8-,---,[],"td M06HF/6-31g(d,p)",-7.93184628091,-0.115104153721,75,3.4252,-964.9779617,2.1293,0.733333333333
/home/ccollins/allmols/H/opt/cam/m06hf/1212-13-8_TD.log,1212-13-8,---,[],"td M06HF/6-31g(d,p)",-7.80313643526,-0.078640899351,72,2.2866,-962.7617506,2.1474,0.483333333333
/home/ccollins/allmols/H/opt/cam/m06hf/138-125_TD.log,138-125,---,[],"td M06HF/6-31g(d,p)",-8.16205458835,-0.185853751753,76,1.5759,-1285.731373,2.1397,0.633333333333
/home/ccollins/allmols/H/opt/cam/m06hf/1312-12-_TD.log,1312-12-,---,[],"td M06HF/6-31g(d,p)",-7.49047763473,1.47540123281,52,2.3615,-667.6872886,4.5379,0.416666666667
/home/ccollins/allmols/H/opt/cam/m06hf/135-13-_TD.log,135-13-,---,[],"td M06HF/6-31g(d,p)",-7.41156462154,1.06614201958,56,1.1521,-970.8194846,4.2001,0.433333333333
/home/ccollins/allmols/H/opt/cam/m06hf/41313-5-_TD.log,41313-5-,---,[],"td M06HF/6-31g(d,p)",-7.17428135429,1.05335266916,76,0.5837,-1201.8319043,4.1774,0.8
/home/ccollins/allmols/H/opt/cam/m06hf/12128-5-_TD.log,12128-5-,---,[],"td M06HF/6-31g(d,p)",-8.27797508359,-0.365993112897,76,1.2476,-1305.5633023,2.1230,0.55
/home/ccollins/allmols/H/opt/cam/m06hf/41213_TD.log,41213,---,[],"td M06HF/6-31g(d,p)",-7.59524146258,1.12845608861,55,1.2138,-669.9207945,4.4868,0.433333333333
/home/ccollins/allmols/H/opt/cam/m06hf/44-12_TD.log,44-12,---,[],"td M06HF/6-31g(d,p)",-8.26300882247,0.931173555638,58,0.5787,-691.9853596,4.8921,0.5
/home/ccollins/allmols/H/opt/cam/m06hf/138-8-_TD.log,138-8-,---,[],"td M06HF/6-31g(d,p)",-9.14084806574,-0.824232817074,58,2.5352,-800.2387087,2.0310,0.433333333333
/home/ccollins/allmols/H/opt/cam/m06hf/134-128_TD.log,134-128,---,[],"td M06HF/6-31g(d,p)",-7.93429530546,-0.125716593426,75,1.2891,-964.9782289,2.1296,0.733333333333
/home/ccollins/allmols/H/opt/cam/m06hf/1244_TD.log,1244,---,[],"td M06HF/6-31g(d,p)",-8.26300882247,0.931173555638,58,0.5788,-691.9853598,4.8921,0.5
/home/ccollins/allmols/H/opt/cam/m06hf/48-5-8-_TD.log,48-5-8-,---,[],"td M06HF/6-31g(d,p)",-9.3267018175,-0.951309979693,82,1.6542,-1374.0756092,2.0885,1.13333333333
/home/ccollins/allmols/H/opt/cam/m06hf/84-13-4_TD.log,84-13-4,---,[],"td M06HF/6-31g(d,p)",-7.98735750398,-0.121362772009,78,2.0925,-967.2110768,2.0921,1.38333333333
/home/ccollins/allmols/H/opt/cam/m06hf/81388_TD.log,81388,---,[],"td M06HF/6-31g(d,p)",-9.33105563892,-1.20492007725,78,0.8091,-1095.3034185,2.0323,1.06666666667
/home/ccollins/allmols/H/opt/cam/m06hf/854-4_TD.log,854-4,---,[],"td M06HF/6-31g(d,p)",-8.66464884822,-0.299053108605,82,2.3705,-1310.0193742,2.1332,1.18333333333
/home/ccollins/allmols/H/opt/cam/m06hf/85125_TD.log,85125,---,[],"td M06HF/6-31g(d,p)",-7.99334400843,-0.379054577149,80,3.0730,-1628.5386269,2.1330,1.03333333333
/home/ccollins/allmols/H/opt/cam/m06hf/448_TD.log,448,---,[],"td M06HF/6-31g(d,p)",-9.21323034681,-0.130614642521,61,1.6729,-758.2642023,2.0921,0.55
/home/ccollins/allmols/H/opt/cam/m06hf/138-4_TD.log,138-4,---,[],"td M06HF/6-31g(d,p)",-8.69811885037,-0.0310209775987,58,1.5686,-736.2064314,2.1005,0.533333333333
/home/ccollins/allmols/H/opt/cam/m06hf/134-12-_TD.log,134-12-,---,[],"td M06HF/6-31g(d,p)",-7.73810122784,1.00437217822,55,2.0797,-669.917183,4.5576,0.45
/home/ccollins/allmols/H/opt/cam/m06hf/131312-5_TD.log,131312-5,---,[],"td M06HF/6-31g(d,p)",-7.33319583602,0.977705022036,73,2.1936,-1199.607402,4.1974,1.0
/home/ccollins/allmols/H/opt/cam/m06hf/135-4_TD.log,135-4,---,[],"td M06HF/6-31g(d,p)",-7.8499400155,0.945323475244,59,2.0710,-992.8891957,4.5186,0.583333333333
/home/ccollins/allmols/H/opt/cam/m06hf/812-4-13-_TD.log,812-4-13-,---,[],"td M06HF/6-31g(d,p)",-7.93429530546,-0.125172365749,75,1.2874,-964.9782386,2.1300,0.733333333333
/home/ccollins/allmols/H/opt/cam/m06hf/124_TD.log,124,---,[],"td M06HF/6-31g(d,p)",-8.45729810322,1.4337678155,38,0.5896,-460.974118,5.2604,0.2
/home/ccollins/allmols/H/opt/cam/m06hf/1384_TD.log,1384,---,[],"td M06HF/6-31g(d,p)",-8.69811885037,-0.0310209775987,58,1.5686,-736.2064314,2.1005,0.533333333333
/home/ccollins/allmols/H/opt/cam/m06hf/13512_TD.log,13512,---,[],"td M06HF/6-31g(d,p)",-7.56612528185,0.87103639731,56,1.1180,-990.6609838,4.1936,0.383333333333
/home/ccollins/allmols/H/opt/cam/m06hf/131244-_TD.log,131244-,---,[],"td M06HF/6-31g(d,p)",-7.55442438679,0.743687120853,75,1.2310,-900.9321804,4.2983,0.966666666667
/home/ccollins/allmols/H/opt/cam/m06hf/44-4_TD.log,44-4,---,[],"td M06HF/6-31g(d,p)",-8.6722680357,1.02151535005,61,0.0000,-694.2099378,5.3149,0.816666666667
/home/ccollins/allmols/H/opt/cam/m06hf/558-4-_TD.log,558-4-,---,[],"td M06HF/6-31g(d,p)",-8.44423663897,-0.525451822307,83,1.3416,-1630.7679494,2.0896,0.833333333333
/home/ccollins/allmols/H/opt/cam/m06hf/1388-_TD.log,1388-,---,[],"td M06HF/6-31g(d,p)",-9.14084806574,-0.824232817074,58,2.5352,-800.2387087,2.0310,0.45
/home/ccollins/allmols/H/opt/cam/m06hf/45-5_TD.log,45-5,---,[],"td M06HF/6-31g(d,p)",-8.04504563776,0.414429376165,63,0.1974,-1335.6989705,4.1804,0.733333333333
/home/ccollins/allmols/H/opt/cam/m06hf/4138-_TD.log,4138-,---,[],"td M06HF/6-31g(d,p)",-8.3612419182,-0.0767361024809,58,2.2329,-736.2003264,2.1478,0.416666666667
/home/ccollins/allmols/H/opt/cam/m06hf/81212-13-_TD.log,81212-13-,---,[],"td M06HF/6-31g(d,p)",-7.74082236622,-0.110206104627,72,2.1022,-962.7533066,2.1300,0.533333333333
/home/ccollins/allmols/H/opt/cam/m06hf/134-13-5_TD.log,134-13-5,---,[],"td M06HF/6-31g(d,p)",-7.36340047211,0.785864765833,76,0.7238,-1201.8304427,4.1244,0.783333333333
/home/ccollins/allmols/H/opt/cam/m06hf/545_TD.log,545,---,[],"td M06HF/6-31g(d,p)",-8.34899679546,0.637290609966,63,1.2875,-1335.7015445,4.6897,0.583333333333
/home/ccollins/allmols/H/opt/cam/m06hf/88-84-_TD.log,88-84-,---,[],"td M06HF/6-31g(d,p)",-10.1424991056,-1.52710286214,81,2.0027,-1117.3488094,1.9668,0.95
/home/ccollins/allmols/H/opt/cam/m06hf/1213-12_TD.log,1213-12,---,[],"td M06HF/6-31g(d,p)",-7.49564779766,1.53989221255,52,2.5332,-667.6898991,4.6191,0.516666666667
/home/ccollins/allmols/H/opt/cam/m06hf/125-_TD.log,125-,---,[],"td M06HF/6-31g(d,p)",-8.31307776877,1.2849215458,39,0.2023,-781.7183236,4.9085,0.166666666667
/home/ccollins/allmols/H/opt/cam/m06hf/445_TD.log,445,---,[],"td M06HF/6-31g(d,p)",-8.47770664111,0.830219321523,62,0.6566,-1014.9557148,4.9322,0.9
/home/ccollins/allmols/H/opt/cam/m06hf/545-8-_TD.log,545-8-,---,[],"td M06HF/6-31g(d,p)",-8.34464297404,-0.464498322464,83,2.0900,-1630.7620571,3.9827,0.666666666667
/home/ccollins/allmols/H/opt/cam/m06hf/84-8-_TD.log,84-8-,---,[],"td M06HF/6-31g(d,p)",-10.0771917843,-0.724094924474,61,0.0001,-822.3167494,2.0956,0.4
/home/ccollins/allmols/H/opt/cam/m06hf/13125_TD.log,13125,---,[],"td M06HF/6-31g(d,p)",-7.53864178416,1.00382795054,56,1.3248,-990.6652563,4.3059,0.35
/home/ccollins/allmols/H/opt/cam/m06hf/1313-5_TD.log,1313-5,---,[],"td M06HF/6-31g(d,p)",-7.33346794986,1.33390203674,56,0.7245,-970.821266,4.4214,0.5
/home/ccollins/allmols/H/opt/cam/m06hf/813-85_TD.log,813-85,---,[],"td M06HF/6-31g(d,p)",-8.83471999734,-0.677019230399,79,2.2131,-1352.0159107,4.0474,0.666666666667
/home/ccollins/allmols/H/opt/cam/m06hf/88-_TD.log,88-,---,[],"td M06HF/6-31g(d,p)",-11.2535399085,-0.845185582645,41,0.0001,-591.2834189,2.0294,0.15
/home/ccollins/allmols/H/opt/cam/m06hf/44-124_TD.log,44-124,---,[],"td M06HF/6-31g(d,p)",-7.90681180776,0.641644431383,78,0.4224,-922.9992511,4.3822,1.26666666667
/home/ccollins/allmols/H/opt/cam/m06hf/85513_TD.log,85513,---,[],"td M06HF/6-31g(d,p)",-7.79959895536,-0.474022306815,80,1.4575,-1608.6943279,2.1343,1.01666666667
/home/ccollins/allmols/H/opt/cam/m06hf/513-1213_TD.log,513-1213,---,[],"td M06HF/6-31g(d,p)",-7.21700322695,1.00464429206,73,1.6426,-1199.6086274,4.1191,0.85
/home/ccollins/allmols/H/opt/cam/m06hf/45-12_TD.log,45-12,---,[],"td M06HF/6-31g(d,p)",-7.97402392589,0.589398574375,59,0.0300,-1012.7279886,4.2928,0.433333333333
/home/ccollins/allmols/H/opt/cam/m06hf/134-8-13-_TD.log,134-8-13-,---,[],"td M06HF/6-31g(d,p)",-8.07116856627,-0.147485700513,75,0.2547,-945.1499332,4.1032,0.7
/home/ccollins/allmols/H/opt/cam/m06hf/13135-_TD.log,13135-,---,[],"td M06HF/6-31g(d,p)",-7.56666950953,1.4147198468,56,2.9628,-970.8220961,4.6555,0.55
/home/ccollins/allmols/H/opt/cam/m06hf/1212-12_TD.log,1212-12,---,[],"td M06HF/6-31g(d,p)",-7.76014244876,1.20927389867,52,0.7611,-687.5315428,4.5173,0.316666666667
/home/ccollins/allmols/H/opt/cam/m06hf/58-54-_TD.log,58-54-,---,[],"td M06HF/6-31g(d,p)",-8.55199371905,-0.54613247404,83,1.0420,-1630.7673137,2.1288,0.8
/home/ccollins/allmols/H/opt/cam/m06hf/134_TD.log,134,---,[],"td M06HF/6-31g(d,p)",-8.04232449938,1.68003083942,38,1.5623,-441.1305759,5.1881,0.233333333333
/home/ccollins/allmols/H/opt/cam/m06hf/85-13-_TD.log,85-13-,---,[],"td M06HF/6-31g(d,p)",-8.16042190532,-0.22122855077,59,1.6128,-1056.9406082,2.1369,0.316666666667
/home/ccollins/allmols/H/opt/cam/m06hf/1312-8-4_TD.log,1312-8-4,---,[],"td M06HF/6-31g(d,p)",-8.00939872491,-0.20952765571,75,2.4780,-964.9827579,2.0847,0.733333333333
/home/ccollins/allmols/H/opt/cam/m06hf/854-8_TD.log,854-8,---,[],"td M06HF/6-31g(d,p)",-8.97730764875,-0.788858018058,82,1.1506,-1374.071296,2.0946,1.68333333333
/home/ccollins/allmols/H/opt/cam/m06hf/134-8-_TD.log,134-8-,---,[],"td M06HF/6-31g(d,p)",-8.27851931127,-0.0917023636031,58,2.2074,-736.1966894,2.0938,0.633333333333
/home/ccollins/allmols/H/opt/cam/m06hf/1213135_TD.log,1213135,---,[],"td M06HF/6-31g(d,p)",-7.31986225793,1.32791553229,73,2.1278,-1199.6092721,4.4789,0.95
/home/ccollins/allmols/H/opt/cam/m06hf/1313-84_TD.log,1313-84,---,[],"td M06HF/6-31g(d,p)",-7.78300001121,-0.0884369975401,75,1.3625,-945.1509468,2.1023,1.48333333333
/home/ccollins/allmols/H/opt/cam/m06hf/131313-8_TD.log,131313-8,---,[],"td M06HF/6-31g(d,p)",-7.59877894248,-0.0560554507485,72,2.1196,-923.0793198,2.1471,1.18333333333
/home/ccollins/allmols/H/opt/cam/m06hf/1212-5-_TD.log,1212-5-,---,[],"td M06HF/6-31g(d,p)",-7.78027887282,0.907227537842,56,0.4128,-1010.5036974,4.3504,0.283333333333
/home/ccollins/allmols/H/opt/cam/m06hf/58-5-_TD.log,58-5-,---,[],"td M06HF/6-31g(d,p)",-9.03309098566,-0.393476610594,63,0.0001,-1399.7577926,2.1298,0.4
/home/ccollins/allmols/H/opt/cam/m06hf/13513-13_TD.log,13513-13,---,[],"td M06HF/6-31g(d,p)",-7.10543655313,0.928996644929,73,1.5625,-1179.7643142,3.9649,0.766666666667
/home/ccollins/allmols/H/opt/cam/m06hf/445-4-_TD.log,445-4-,---,[],"td M06HF/6-31g(d,p)",-8.17266702806,0.535247920497,82,0.5416,-1245.9669646,4.4939,1.21666666667
/home/ccollins/allmols/H/opt/cam/m06hf/41312_TD.log,41312,---,[],"td M06HF/6-31g(d,p)",-7.54626097164,1.30777910824,55,1.1412,-669.9182191,4.5912,0.416666666667
/home/ccollins/allmols/H/opt/cam/m06hf/135-58_TD.log,135-58,---,[],"td M06HF/6-31g(d,p)",-7.84721887711,-0.439735963153,80,2.8881,-1608.6960346,3.6611,0.633333333333
/home/ccollins/allmols/H/opt/cam/m06hf/41212_TD.log,41212,---,[],"td M06HF/6-31g(d,p)",-7.84177660034,1.05471323836,55,0.9742,-689.7568005,4.5478,0.366666666667
/home/ccollins/allmols/H/opt/cam/m06hf/88_TD.log,88,---,[],"td M06HF/6-31g(d,p)",-11.2535399085,-0.845185582645,41,0.0001,-591.2834189,2.0294,0.15
/home/ccollins/allmols/H/opt/cam/m06hf/4554-_TD.log,4554-,---,[],"td M06HF/6-31g(d,p)",-8.01266409097,0.419599539098,83,0.9137,-1566.7116875,4.2289,1.51666666667
/home/ccollins/allmols/H/opt/cam/m06hf/513-4-5_TD.log,513-4-5,---,[],"td M06HF/6-31g(d,p)",-7.52122649849,0.493886617032,80,2.4505,-1544.6428229,4.0764,0.733333333333
/home/ccollins/allmols/H/opt/cam/m06hf/1348-8_TD.log,1348-8,---,[],"td M06HF/6-31g(d,p)",-8.3718543579,-0.978521363551,78,2.8542,-1031.2453182,2.0025,1.33333333333
/home/ccollins/allmols/H/opt/cam/m06hf/513-12_TD.log,513-12,---,[],"td M06HF/6-31g(d,p)",-7.54054658103,1.16383088763,56,2.5221,-990.6616185,4.4033,0.333333333333
/home/ccollins/allmols/H/opt/cam/m06hf/4558_TD.log,4558,---,[],"td M06HF/6-31g(d,p)",-8.36994956103,-0.394565065948,83,2.6590,-1630.7636611,2.1343,1.25
/home/ccollins/allmols/H/opt/cam/m06hf/8135-4_TD.log,8135-4,---,[],"td M06HF/6-31g(d,p)",-8.09756360861,-0.121634885847,79,2.5956,-1287.957986,2.1469,1.01666666667
/home/ccollins/allmols/H/opt/cam/m06hf/12135-_TD.log,12135-,---,[],"td M06HF/6-31g(d,p)",-7.50979771727,1.20872967099,56,1.8246,-990.6641901,4.4213,0.333333333333
/home/ccollins/allmols/H/opt/cam/m06hf/125-12_TD.log,125-12,---,[],"td M06HF/6-31g(d,p)",-7.84776310479,0.698244109809,56,0.5609,-1010.5031272,4.2380,0.333333333333
/home/ccollins/allmols/H/opt/cam/m06hf/1312-813-_TD.log,1312-813-,---,[],"td M06HF/6-31g(d,p)",-7.88041676542,-0.0408170757877,72,2.0130,-942.9191311,2.1397,0.733333333333
/home/ccollins/allmols/H/opt/cam/m06hf/12813_TD.log,12813,---,[],"td M06HF/6-31g(d,p)",-8.56832054936,-0.00625861828745,55,0.9890,-733.9740062,2.1384,0.416666666667
/home/ccollins/allmols/H/opt/cam/m06hf/444_TD.log,444,---,[],"td M06HF/6-31g(d,p)",-8.6722680357,1.02151535005,61,0.0000,-694.2099375,5.3149,0.816666666667
/home/ccollins/allmols/H/opt/cam/m06hf/845_TD.log,845,---,[],"td M06HF/6-31g(d,p)",-8.80805284116,-0.235378470376,62,1.8794,-1079.0085737,2.0946,0.683333333333
/home/ccollins/allmols/H/opt/cam/m06hf/812-13-_TD.log,812-13-,---,[],"td M06HF/6-31g(d,p)",-8.11688369115,-0.0848995176385,55,0.9519,-733.9692475,2.1327,0.333333333333
/home/ccollins/allmols/H/opt/cam/m06hf/12844-_TD.log,12844-,---,[],"td M06HF/6-31g(d,p)",-8.87716975616,-0.294971401026,78,0.7010,-987.0486364,2.0830,1.23333333333
/home/ccollins/allmols/H/opt/cam/m06hf/413-12-_TD.log,413-12-,---,[],"td M06HF/6-31g(d,p)",-7.5459888578,1.30777910824,55,1.1412,-669.9182191,4.5912,0.416666666667
/home/ccollins/allmols/H/opt/cam/m06hf/513-8_TD.log,513-8,---,[],"td M06HF/6-31g(d,p)",-8.26083191176,-0.11537626756,59,2.3235,-1056.946002,2.1486,0.383333333333
/home/ccollins/allmols/H/opt/cam/m06hf/88-4_TD.log,88-4,---,[],"td M06HF/6-31g(d,p)",-10.0864436548,-0.949677296661,61,1.7905,-822.3016436,2.0022,0.433333333333
/home/ccollins/allmols/H/opt/cam/m06hf/125-13_TD.log,125-13,---,[],"td M06HF/6-31g(d,p)",-7.61483365896,0.893893959751,56,1.5715,-990.6615252,4.2163,0.383333333333
/home/ccollins/allmols/H/opt/cam/m06hf/54-44_TD.log,54-44,---,[],"td M06HF/6-31g(d,p)",-8.37838509003,0.631576219356,82,0.6548,-1245.9668672,4.7980,1.66666666667
/home/ccollins/allmols/H/opt/cam/m06hf/1212-4_TD.log,1212-4,---,[],"td M06HF/6-31g(d,p)",-7.86381782127,1.02069900853,55,0.1571,-689.7598364,4.5329,0.383333333333
/home/ccollins/allmols/H/opt/cam/m06hf/1312-55_TD.log,1312-55,---,[],"td M06HF/6-31g(d,p)",-7.41319730457,0.415789945358,77,1.0666,-1542.4174387,3.8543,0.783333333333
/home/ccollins/allmols/H/opt/cam/m06hf/1213-4-5_TD.log,1213-4-5,---,[],"td M06HF/6-31g(d,p)",-7.58081942914,0.739061185597,76,2.2639,-1221.6747101,4.3560,0.9
/home/ccollins/allmols/H/opt/cam/m06hf/858_TD.log,858,---,[],"td M06HF/6-31g(d,p)",-9.73269566467,-0.902057374909,62,0.9693,-1143.0582142,2.1349,0.6
/home/ccollins/allmols/H/opt/cam/m06hf/84-12-_TD.log,84-12-,---,[],"td M06HF/6-31g(d,p)",-8.68179202005,-0.138778057678,58,2.1180,-756.0396766,2.0935,0.566666666667
/home/ccollins/allmols/H/opt/cam/m06hf/12125-12_TD.log,12125-12,---,[],"td M06HF/6-31g(d,p)",-7.55632918366,0.517016293311,73,0.8417,-1239.2858289,3.9562,0.566666666667
/home/ccollins/allmols/H/opt/cam/m06hf/12858-_TD.log,12858-,---,[],"td M06HF/6-31g(d,p)",-9.12016741401,-0.952126321209,79,2.4701,-1371.843032,2.1255,1.03333333333
/home/ccollins/allmols/H/opt/cam/m06hf/5135_TD.log,5135,---,[],"td M06HF/6-31g(d,p)",-7.73401952026,1.10995234759,60,0.9752,-1313.6359382,4.5156,0.55
/home/ccollins/allmols/H/opt/cam/m06hf/4813-12-_TD.log,4813-12-,---,[],"td M06HF/6-31g(d,p)",-8.02817457977,-0.133335780907,75,1.7374,-964.9928391,2.1016,0.8
/home/ccollins/allmols/H/opt/cam/m06hf/85-134-_TD.log,85-134-,---,[],"td M06HF/6-31g(d,p)",-7.8379670066,-0.275923432325,79,3.2117,-1287.951202,3.7605,0.766666666667
/home/ccollins/allmols/H/opt/cam/m06hf/513-512-_TD.log,513-512-,---,[],"td M06HF/6-31g(d,p)",-7.41074828002,0.578514020832,77,1.8983,-1542.4182564,3.9123,0.666666666667
/home/ccollins/allmols/H/opt/cam/m06hf/1385-13-_TD.log,1385-13-,---,[],"td M06HF/6-31g(d,p)",-7.91824058898,-0.278644570711,76,0.7211,-1265.8938374,3.7548,0.683333333333
/home/ccollins/allmols/H/opt/cam/m06hf/441212-_TD.log,441212-,---,[],"td M06HF/6-31g(d,p)",-7.79714993081,0.691985491521,75,0.1884,-920.7711533,4.3536,0.8
/home/ccollins/allmols/H/opt/cam/m06hf/13134-_TD.log,13134-,---,[],"td M06HF/6-31g(d,p)",-7.61401731744,1.58451888208,55,2.6328,-650.0762511,4.9442,0.483333333333
/home/ccollins/allmols/H/opt/cam/m06hf/58-4-_TD.log,58-4-,---,[],"td M06HF/6-31g(d,p)",-9.1990804272,-0.302862702345,62,0.6118,-1079.0139876,2.0893,0.466666666667
/home/ccollins/allmols/H/opt/cam/m06hf/55-8_TD.log,55-8,---,[],"td M06HF/6-31g(d,p)",-8.62274331708,-0.386673764629,63,1.8759,-1399.7526837,2.1355,0.55
/home/ccollins/allmols/H/opt/cam/m06hf/4413-13_TD.log,4413-13,---,[],"td M06HF/6-31g(d,p)",-7.47061332451,1.03321624511,75,1.0990,-881.0902196,4.5747,1.1
/home/ccollins/allmols/H/opt/cam/m06hf/55-4_TD.log,55-4,---,[],"td M06HF/6-31g(d,p)",-8.17511605261,0.600827355595,63,0.4074,-1335.7013548,4.4208,0.616666666667
/home/ccollins/allmols/H/opt/cam/m06hf/125-4-_TD.log,125-4-,---,[],"td M06HF/6-31g(d,p)",-7.97456815357,0.589398574375,59,0.0298,-1012.7279897,4.2934,0.433333333333
/home/ccollins/allmols/H/opt/cam/m06hf/1313-12_TD.log,1313-12,---,[],"td M06HF/6-31g(d,p)",-7.29265087408,1.80547531901,52,0.5295,-647.8495485,4.6825,0.366666666667
/home/ccollins/allmols/H/opt/cam/m06hf/555-5-_TD.log,555-5-,---,[],"td M06HF/6-31g(d,p)",-7.69592358286,0.00680284596462,85,0.0018,-2208.1976703,3.7013,0.783333333333
/home/ccollins/allmols/H/opt/cam/m06hf/813-13_TD.log,813-13,---,[],"td M06HF/6-31g(d,p)",-7.90300221402,-0.0163268303151,55,2.4893,-714.1341461,2.1478,0.333333333333
/home/ccollins/allmols/H/opt/cam/m06hf/1284_TD.log,1284,---,[],"td M06HF/6-31g(d,p)",-9.13023562604,-0.185853751753,58,0.8344,-756.0375781,2.0838,0.5
/home/ccollins/allmols/H/opt/cam/m06hf/81313-5_TD.log,81313-5,---,[],"td M06HF/6-31g(d,p)",-7.61918748038,-0.0770082163195,76,2.2348,-1265.8906664,3.9659,0.7
/home/ccollins/allmols/H/opt/cam/m06hf/51213-_TD.log,51213-,---,[],"td M06HF/6-31g(d,p)",-7.53265527971,1.09036015121,56,2.4733,-990.6626163,4.3437,0.35
/home/ccollins/allmols/H/opt/cam/m06hf/51213-12_TD.log,51213-12,---,[],"td M06HF/6-31g(d,p)",-7.31686900571,0.894710301267,73,2.8093,-1219.4476213,4.1089,0.616666666667
/home/ccollins/allmols/H/opt/cam/m06hf/588-13_TD.log,588-13,---,[],"td M06HF/6-31g(d,p)",-8.98057301482,-0.96137819172,79,1.0435,-1352.0004301,2.0297,0.966666666667
/home/ccollins/allmols/H/opt/cam/m06hf/5124_TD.log,5124,---,[],"td M06HF/6-31g(d,p)",-7.89402245735,0.810082897467,59,0.9521,-1012.7319636,4.3785,0.566666666667
/home/ccollins/allmols/H/opt/cam/m06hf/51312_TD.log,51312,---,[],"td M06HF/6-31g(d,p)",-7.48285844725,1.18614422239,56,0.5434,-990.6637056,4.4109,0.45
/home/ccollins/allmols/H/opt/cam/m06hf/84-4-12_TD.log,84-4-12,---,[],"td M06HF/6-31g(d,p)",-8.42137907653,-0.151023180415,78,2.1877,-987.0506352,2.0925,0.833333333333
/home/ccollins/allmols/H/opt/cam/m06hf/88-13_TD.log,88-13,---,[],"td M06HF/6-31g(d,p)",-9.14057595191,-0.824232817074,58,2.5363,-800.2387097,2.0310,0.433333333333
/home/ccollins/allmols/H/opt/cam/m06hf/4812-_TD.log,4812-,---,[],"td M06HF/6-31g(d,p)",-9.13023562604,-0.185853751753,58,0.8342,-756.0375782,2.0838,0.5
/home/ccollins/allmols/H/opt/cam/m06hf/125_TD.log,125,---,[],"td M06HF/6-31g(d,p)",-8.29430191391,1.2919965056,39,1.1492,-781.7179437,4.9134,0.133333333333
/home/ccollins/allmols/H/opt/cam/m06hf/88-5-5-_TD.log,88-5-5-,---,[],"td M06HF/6-31g(d,p)",-8.70383324098,-1.1298166578,83,3.3615,-1694.799501,2.0257,0.95
/home/ccollins/allmols/H/opt/cam/m06hf/4138-8-_TD.log,4138-8-,---,[],"td M06HF/6-31g(d,p)",-8.49185656072,-0.894982415106,78,3.1396,-1031.2495372,2.0310,1.1
/home/ccollins/allmols/H/opt/cam/m06hf/1212-124-_TD.log,1212-124-,---,[],"td M06HF/6-31g(d,p)",-7.57592138004,0.781510944416,72,0.6012,-918.5456823,4.1609,0.583333333333
/home/ccollins/allmols/H/opt/cam/m06hf/558_TD.log,558,---,[],"td M06HF/6-31g(d,p)",-8.60151843767,-0.381231487857,63,2.5633,-1399.750958,2.1365,0.5
/home/ccollins/allmols/H/opt/cam/m06hf/128-84-_TD.log,128-84-,---,[],"td M06HF/6-31g(d,p)",-9.49323548671,-1.00954234115,78,0.8856,-1051.0868964,1.9993,0.9
/home/ccollins/allmols/H/opt/cam/m06hf/44-84_TD.log,44-84,---,[],"td M06HF/6-31g(d,p)",-9.0037026911,-0.308577092955,81,0.3559,-989.2811957,2.0489,1.25
/home/ccollins/allmols/H/opt/cam/m06hf/5135-_TD.log,5135-,---,[],"td M06HF/6-31g(d,p)",-7.5601387774,0.937432173925,60,1.4548,-1313.6332126,4.2605,0.466666666667
/home/ccollins/allmols/H/opt/cam/m06hf/1212-55-_TD.log,1212-55-,---,[],"td M06HF/6-31g(d,p)",-7.61918748038,0.316740508113,77,0.1496,-1562.260119,3.8724,0.583333333333
/home/ccollins/allmols/H/opt/cam/m06hf/13454-_TD.log,13454-,---,[],"td M06HF/6-31g(d,p)",-7.67497081729,0.349122054904,79,0.9764,-1223.8959654,4.0685,0.85
/home/ccollins/allmols/H/opt/cam/m06hf/1258-5-_TD.log,1258-5-,---,[],"td M06HF/6-31g(d,p)",-8.32913248525,-0.52109800089,80,1.1008,-1628.5421172,2.1297,0.75
/home/ccollins/allmols/H/opt/cam/m06hf/45124-_TD.log,45124-,---,[],"td M06HF/6-31g(d,p)",-7.72748878813,0.495247186225,79,0.7986,-1243.7431611,4.0810,1.38333333333
/home/ccollins/allmols/H/opt/cam/m06hf/131244_TD.log,131244,---,[],"td M06HF/6-31g(d,p)",-7.55442438679,0.743687120853,75,1.2309,-900.9321805,4.2983,0.966666666667
/home/ccollins/allmols/H/opt/cam/m06hf/1344_TD.log,1344,---,[],"td M06HF/6-31g(d,p)",-8.022732303,1.12165324265,58,1.5849,-672.1436385,4.9410,0.533333333333
/home/ccollins/allmols/H/opt/cam/m06hf/44-4-12-_TD.log,44-4-12-,---,[],"td M06HF/6-31g(d,p)",-8.1884496307,0.700965248195,78,0.5770,-922.9964132,4.7451,0.9
/home/ccollins/allmols/H/opt/cam/m06hf/8412-_TD.log,8412-,---,[],"td M06HF/6-31g(d,p)",-8.68179202005,-0.138778057678,58,2.1180,-756.0396765,2.0935,0.533333333333
/home/ccollins/allmols/H/opt/cam/m06hf/55-88_TD.log,55-88,---,[],"td M06HF/6-31g(d,p)",-8.72478600655,-1.14070121135,83,2.7173,-1694.8014097,2.0256,1.11666666667
/home/ccollins/allmols/H/opt/cam/m06hf/1212134_TD.log,1212134,---,[],"td M06HF/6-31g(d,p)",-7.31496420884,1.03131144824,72,1.5897,-898.7017212,4.1793,0.666666666667
/home/ccollins/allmols/H/opt/cam/m06hf/85-5-4_TD.log,85-5-4,---,[],"td M06HF/6-31g(d,p)",-8.3802898869,-0.392660269078,83,2.6780,-1630.7634677,2.1339,1.13333333333
/home/ccollins/allmols/H/opt/cam/m06hf/8131313-_TD.log,8131313-,---,[],"td M06HF/6-31g(d,p)",-7.36503315514,-0.0514295154925,72,2.9834,-923.0757112,3.8919,0.65
/home/ccollins/allmols/H/opt/cam/m06hf/8131312_TD.log,8131312,---,[],"td M06HF/6-31g(d,p)",-7.51714479091,-0.0604092721659,72,2.8973,-942.9187412,2.1505,0.516666666667
/home/ccollins/allmols/H/opt/cam/m06hf/125138-_TD.log,125138-,---,[],"td M06HF/6-31g(d,p)",-7.83660643741,-0.105308055532,76,3.1032,-1285.7299822,3.8534,0.633333333333
/home/ccollins/allmols/H/opt/cam/m06hf/124-5_TD.log,124-5,---,[],"td M06HF/6-31g(d,p)",-8.07470604617,0.61524938904,59,1.1974,-1012.7297837,4.4880,0.483333333333
/home/ccollins/allmols/H/opt/cam/m06hf/548_TD.log,548,---,[],"td M06HF/6-31g(d,p)",-8.80805284116,-0.235378470376,62,1.8794,-1079.0085738,2.0946,0.55
/home/ccollins/allmols/H/opt/cam/m06hf/13121313-_TD.log,13121313-,---,[],"td M06HF/6-31g(d,p)",-7.04802053319,1.40900545619,69,1.6807,-856.7976289,4.2291,0.666666666667
/home/ccollins/allmols/H/opt/cam/m06hf/85-138_TD.log,85-138,---,[],"td M06HF/6-31g(d,p)",-8.45593753403,-0.612256136816,79,1.4935,-1352.0088634,2.1359,0.883333333333
/home/ccollins/allmols/H/opt/cam/m06hf/81312-13-_TD.log,81312-13-,---,[],"td M06HF/6-31g(d,p)",-7.59905105632,-0.124628138072,72,1.0075,-942.9213403,2.1487,0.9
/home/ccollins/allmols/H/opt/cam/m06hf/458_TD.log,458,---,[],"td M06HF/6-31g(d,p)",-8.90764650608,-0.231840990474,62,2.1732,-1079.0082514,2.1328,0.566666666667
/home/ccollins/allmols/H/opt/cam/m06hf/55-5-_TD.log,55-5-,---,[],"td M06HF/6-31g(d,p)",-7.94245872062,0.320550101853,64,0.5888,-1656.4434734,4.0319,0.45
/home/ccollins/allmols/H/opt/cam/m06hf/138-13_TD.log,138-13,---,[],"td M06HF/6-31g(d,p)",-8.31552679332,0.0614977275202,55,3.1255,-714.1422798,2.1491,0.35
/home/ccollins/allmols/H/opt/cam/m06hf/812-1212-_TD.log,812-1212-,---,[],"td M06HF/6-31g(d,p)",-7.98790173166,-0.128709845651,72,2.4042,-982.5919005,2.1304,0.45
/home/ccollins/allmols/H/opt/cam/m06hf/8134_TD.log,8134,---,[],"td M06HF/6-31g(d,p)",-8.36205825971,-0.0775524439967,58,2.2315,-736.2003228,2.1477,0.433333333333
/home/ccollins/allmols/H/opt/cam/m06hf/1312-4_TD.log,1312-4,---,[],"td M06HF/6-31g(d,p)",-7.599595284,1.20981812635,55,2.0881,-669.9188646,4.5301,0.45
/home/ccollins/allmols/H/opt/cam/m06hf/44-813_TD.log,44-813,---,[],"td M06HF/6-31g(d,p)",-8.58519160735,-0.157553912541,78,1.5923,-967.217448,2.1000,1.08333333333
/home/ccollins/allmols/H/opt/cam/m06hf/54-13_TD.log,54-13,---,[],"td M06HF/6-31g(d,p)",-7.80531334597,0.74423134853,59,0.8729,-992.8864159,4.4375,0.516666666667
/home/ccollins/allmols/H/opt/cam/m06hf/58-_TD.log,58-,---,[],"td M06HF/6-31g(d,p)",-9.64997305774,-0.154560660316,42,1.6078,-847.9969356,2.1334,0.216666666667
/home/ccollins/allmols/H/opt/cam/m06hf/555-_TD.log,555-,---,[],"td M06HF/6-31g(d,p)",-7.94218660678,0.320550101853,64,0.5888,-1656.4434732,4.0319,0.483333333333
/home/ccollins/allmols/H/opt/cam/m06hf/13124-_TD.log,13124-,---,[],"td M06HF/6-31g(d,p)",-7.59524146258,1.12845608861,55,1.2138,-669.9207963,4.4868,0.433333333333
/home/ccollins/allmols/H/opt/cam/m06hf/5125-_TD.log,5125-,---,[],"td M06HF/6-31g(d,p)",-7.82708245306,0.721373786089,60,0.5684,-1333.4760602,4.2409,0.4
/home/ccollins/allmols/H/opt/cam/m06hf/41248-_TD.log,41248-,---,[],"td M06HF/6-31g(d,p)",-8.19089865524,-0.235106356537,78,2.1427,-987.0535137,4.1576,0.933333333333
/home/ccollins/allmols/H/opt/cam/m06hf/544_TD.log,544,---,[],"td M06HF/6-31g(d,p)",-8.48478160092,0.814436718885,62,0.6514,-1014.9558492,4.9245,0.95
/home/ccollins/allmols/H/opt/cam/m06hf/5135-4-_TD.log,5135-4-,---,[],"td M06HF/6-31g(d,p)",-7.60530967461,0.709945004868,80,1.4334,-1544.6473301,4.2052,1.38333333333
/home/ccollins/allmols/H/opt/cam/m06hf/812_TD.log,812,---,[],"td M06HF/6-31g(d,p)",-9.55609378342,-0.102859030985,38,1.8643,-525.020458,2.1250,0.183333333333
/home/ccollins/allmols/H/opt/cam/m06hf/48-12_TD.log,48-12,---,[],"td M06HF/6-31g(d,p)",-9.13023562604,-0.185853751753,58,0.8343,-756.0375782,2.0838,0.5
/home/ccollins/allmols/H/opt/cam/m06hf/513-1312_TD.log,513-1312,---,[],"td M06HF/6-31g(d,p)",-7.13428062002,1.17852503491,73,1.1722,-1199.6085956,4.2125,0.8
/home/ccollins/allmols/H/opt/cam/m06hf/81313_TD.log,81313,---,[],"td M06HF/6-31g(d,p)",-8.04368506857,-0.0699332565163,55,2.3876,-714.1334458,2.1458,0.5
/home/ccollins/allmols/H/opt/cam/m06hf/131312-_TD.log,131312-,---,[],"td M06HF/6-31g(d,p)",-7.48149787805,1.85418369612,52,2.9994,-647.8491335,4.8436,0.533333333333
/home/ccollins/allmols/H/opt/cam/m06hf/1385-_TD.log,1385-,---,[],"td M06HF/6-31g(d,p)",-8.60587225909,-0.138233830001,59,2.1516,-1056.9501554,2.1425,0.366666666667
/home/ccollins/allmols/H/opt/cam/m06hf/1381313-_TD.log,1381313-,---,[],"td M06HF/6-31g(d,p)",-7.66571894678,0.0789130131896,72,2.2008,-923.086771,2.1503,0.916666666667
/home/ccollins/allmols/H/opt/cam/m06hf/13124_TD.log,13124,---,[],"td M06HF/6-31g(d,p)",-7.59524146258,1.12845608861,55,1.2138,-669.9207947,4.4868,0.466666666667
/home/ccollins/allmols/H/opt/cam/m06hf/813-12_TD.log,813-12,---,[],"td M06HF/6-31g(d,p)",-8.19498036282,-0.0971446403748,55,2.4685,-733.9742897,2.1485,0.283333333333
/home/ccollins/allmols/H/opt/cam/m06hf/1313-12-13-_TD.log,1313-12-13-,---,[],"td M06HF/6-31g(d,p)",-7.04802053319,1.40900545619,69,1.6807,-856.7976288,4.2291,0.666666666667
/home/ccollins/allmols/H/opt/cam/m06hf/5412-12-_TD.log,5412-12-,---,[],"td M06HF/6-31g(d,p)",-7.74816943987,0.566813125772,76,1.0404,-1241.5139905,4.2548,0.8
/home/ccollins/allmols/H/opt/cam/m06hf/1312-5_TD.log,1312-5,---,[],"td M06HF/6-31g(d,p)",-7.55986666357,1.08736689899,56,1.5849,-990.6631579,4.3543,0.35
/home/ccollins/allmols/H/opt/cam/m06hf/1312-13-_TD.log,1312-13-,---,[],"td M06HF/6-31g(d,p)",-7.33156315299,1.67894238407,52,1.8352,-647.8519621,4.5602,0.45
/home/ccollins/allmols/H/opt/cam/m06hf/848-_TD.log,848-,---,[],"td M06HF/6-31g(d,p)",-10.0771917843,-0.724094924474,61,0.0001,-822.3167494,2.0956,0.4
/home/ccollins/allmols/H/opt/cam/m06hf/813-513_TD.log,813-513,---,[],"td M06HF/6-31g(d,p)",-7.66925642668,-0.127893504135,76,1.6636,-1265.8889777,3.8259,0.683333333333
/home/ccollins/allmols/H/opt/cam/m06hf/844-_TD.log,844-,---,[],"td M06HF/6-31g(d,p)",-9.21350246065,-0.130070414844,61,1.6724,-758.2642087,2.0916,0.55
/home/ccollins/allmols/H/opt/cam/m06hf/134-_TD.log,134-,---,[],"td M06HF/6-31g(d,p)",-8.04232449938,1.68003083942,38,1.5623,-441.130576,5.1881,0.233333333333
/home/ccollins/allmols/H/opt/cam/m06hf/128-13_TD.log,128-13,---,[],"td M06HF/6-31g(d,p)",-8.56832054936,-0.00625861828745,55,0.9890,-733.9740062,2.1384,0.4
/home/ccollins/allmols/H/opt/cam/m06hf/55-8-4-_TD.log,55-8-4-,---,[],"td M06HF/6-31g(d,p)",-8.46654997373,-0.533343123626,83,0.5636,-1630.7698343,2.0900,0.85
/home/ccollins/allmols/H/opt/cam/m06hf/412-12-13_TD.log,412-12-13,---,[],"td M06HF/6-31g(d,p)",-7.35823030917,0.944507133728,72,2.3118,-898.7016,4.1519,0.65
/home/ccollins/allmols/H/opt/cam/m06hf/124-_TD.log,124-,---,[],"td M06HF/6-31g(d,p)",-8.45729810322,1.4337678155,38,0.5896,-460.9741178,5.2604,0.2
/home/ccollins/allmols/H/opt/cam/m06hf/13138-12-_TD.log,13138-12-,---,[],"td M06HF/6-31g(d,p)",-7.8831379038,-0.094423501989,72,3.2006,-942.917595,2.1324,0.85
/home/ccollins/allmols/H/opt/cam/m06hf/1313-_TD.log,1313-,---,[],"td M06HF/6-31g(d,p)",-7.57020698943,2.67297423642,35,0.0022,-419.0643939,5.4379,0.25
/home/ccollins/allmols/H/opt/cam/m06hf/58-55_TD.log,58-55,---,[],"td M06HF/6-31g(d,p)",-8.40151476631,-0.592391826599,84,1.6017,-1951.5116846,2.1302,0.666666666667
/home/ccollins/allmols/H/opt/cam/m06hf/845-_TD.log,845-,---,[],"td M06HF/6-31g(d,p)",-8.80805284116,-0.235378470376,62,1.8794,-1079.0085737,2.0946,0.633333333333
/home/ccollins/allmols/H/opt/cam/m06hf/1212-_TD.log,1212-,---,[],"td M06HF/6-31g(d,p)",-8.22464077123,1.82833288145,35,0.0000,-458.7459026,5.2400,0.15
/home/ccollins/allmols/H/opt/cam/m06hf/1313-813_TD.log,1313-813,---,[],"td M06HF/6-31g(d,p)",-7.65510650707,0.0536064262012,72,1.8078,-923.0870274,2.1608,0.866666666667
/home/ccollins/allmols/H/opt/cam/m06hf/4812_TD.log,4812,---,[],"td M06HF/6-31g(d,p)",-9.13023562604,-0.185853751753,58,0.8343,-756.0375782,2.0838,0.5
/home/ccollins/allmols/H/opt/cam/m06hf/813-5-_TD.log,813-5-,---,[],"td M06HF/6-31g(d,p)",-8.23579743861,-0.0857158591542,59,2.3338,-1056.9455003,2.1481,0.35
/home/ccollins/allmols/H/opt/cam/m06hf/551212-_TD.log,551212-,---,[],"td M06HF/6-31g(d,p)",-7.56666950953,0.327897175495,77,0.8943,-1562.2577643,3.8574,0.75
/home/ccollins/allmols/H/opt/cam/m06hf/88-13-12_TD.log,88-13-12,---,[],"td M06HF/6-31g(d,p)",-8.32532289151,-0.911309245421,75,3.2015,-1029.0234501,2.0308,0.883333333333
/home/ccollins/allmols/H/opt/cam/m06hf/4412-_TD.log,4412-,---,[],"td M06HF/6-31g(d,p)",-8.26300882247,0.931173555638,58,0.5786,-691.9853596,4.8920,0.5
/home/ccollins/allmols/H/opt/cam/m06hf/1384-5-_TD.log,1384-5-,---,[],"td M06HF/6-31g(d,p)",-8.43008671936,-0.284903188998,79,2.2337,-1287.961882,4.1530,0.783333333333
/home/ccollins/allmols/H/opt/cam/m06hf/813-1313_TD.log,813-1313,---,[],"td M06HF/6-31g(d,p)",-7.59850682865,-0.0557833369099,72,2.1197,-923.0793219,2.1471,1.16666666667
/home/ccollins/allmols/H/opt/cam/m06hf/125-13-8_TD.log,125-13-8,---,[],"td M06HF/6-31g(d,p)",-7.86762741501,-0.138778057678,76,2.4368,-1285.7302806,3.8485,0.633333333333
/home/ccollins/allmols/H/opt/cam/m06hf/138-5-5-_TD.log,138-5-5-,---,[],"td M06HF/6-31g(d,p)",-8.230083048,-0.401367911913,80,2.5595,-1608.7040962,3.8271,0.65
/home/ccollins/allmols/H/opt/cam/m06hf/854_TD.log,854,---,[],"td M06HF/6-31g(d,p)",-8.90764650608,-0.231840990474,62,2.1729,-1079.0082528,2.1328,0.566666666667
/home/ccollins/allmols/H/opt/cam/m06hf/84-128_TD.log,84-128,---,[],"td M06HF/6-31g(d,p)",-8.88887065121,-0.597289875694,78,1.5718,-1051.099578,2.0951,1.35
/home/ccollins/allmols/H/opt/cam/m06hf/13812-13-_TD.log,13812-13-,---,[],"td M06HF/6-31g(d,p)",-7.86517839046,-0.112383015336,72,1.2625,-942.9225978,2.1408,0.783333333333
/home/ccollins/allmols/H/opt/cam/m06hf/81313-_TD.log,81313-,---,[],"td M06HF/6-31g(d,p)",-7.90300221402,-0.0163268303151,55,2.4893,-714.1341461,2.1478,0.316666666667
/home/ccollins/allmols/H/opt/cam/m06hf/5412-12_TD.log,5412-12,---,[],"td M06HF/6-31g(d,p)",-7.72449553591,0.436742710929,76,0.8324,-1241.5154271,4.1526,0.733333333333
/home/ccollins/allmols/H/opt/cam/m06hf/1312-8_TD.log,1312-8,---,[],"td M06HF/6-31g(d,p)",-8.13021726924,-0.00653073212604,55,3.5682,-733.9656805,2.1288,0.333333333333
/home/ccollins/allmols/H/opt/cam/m06hf/548-12_TD.log,548-12,---,[],"td M06HF/6-31g(d,p)",-8.60124632383,-0.408442871716,79,1.3291,-1307.7930488,2.0861,0.866666666667
/home/ccollins/allmols/H/opt/cam/m06hf/125-413_TD.log,125-413,---,[],"td M06HF/6-31g(d,p)",-7.61075195138,0.402184253428,76,1.5254,-1221.6711145,4.0235,0.766666666667
/home/ccollins/allmols/H/opt/cam/m06hf/813138_TD.log,813138,---,[],"td M06HF/6-31g(d,p)",-8.14599987188,-0.320822215692,75,0.4861,-1009.2002116,3.9045,0.516666666667
/home/ccollins/allmols/H/opt/cam/m06hf/1212_TD.log,1212,---,[],"td M06HF/6-31g(d,p)",-8.21239564849,1.82642808458,35,1.1381,-458.7426832,5.2243,0.15
/home/ccollins/allmols/H/opt/cam/m06hf/124-5-12-_TD.log,124-5-12-,---,[],"td M06HF/6-31g(d,p)",-7.74245504926,0.339870184393,76,0.4308,-1241.5141716,4.0552,0.733333333333
/home/ccollins/allmols/H/opt/cam/m06hf/8512_TD.log,8512,---,[],"td M06HF/6-31g(d,p)",-8.51280932629,-0.271025383231,59,2.6865,-1076.7813938,2.1345,0.316666666667
/home/ccollins/allmols/H/opt/cam/m06hf/41312-5-_TD.log,41312-5-,---,[],"td M06HF/6-31g(d,p)",-7.39986372648,0.895526642783,76,2.2276,-1221.6755925,4.1527,0.866666666667
/home/ccollins/allmols/H/opt/cam/m06hf/125128_TD.log,125128,---,[],"td M06HF/6-31g(d,p)",-7.98899018701,-0.209255541872,76,3.1200,-1305.562065,2.1294,0.833333333333
/home/ccollins/allmols/H/opt/cam/m06hf/48-1213_TD.log,48-1213,---,[],"td M06HF/6-31g(d,p)",-7.99660937449,-0.280549367581,75,0.6870,-964.9863744,2.0888,0.683333333333
/home/ccollins/allmols/H/opt/cam/m06hf/138-_TD.log,138-,---,[],"td M06HF/6-31g(d,p)",-8.99499504826,-0.0571439061028,38,1.9548,-505.1896662,2.1461,0.183333333333
/home/ccollins/allmols/H/opt/cam/m06hf/54-8-4-_TD.log,54-8-4-,---,[],"td M06HF/6-31g(d,p)",-8.66682575893,-0.417694742228,82,0.7671,-1310.0256666,2.0518,1.1
/home/ccollins/allmols/H/opt/cam/m06hf/412-4_TD.log,412-4,---,[],"td M06HF/6-31g(d,p)",-7.99660937449,0.900424691877,58,0.4520,-691.9879669,4.5604,0.466666666667
/home/ccollins/allmols/H/opt/cam/m06hf/812-5-_TD.log,812-5-,---,[],"td M06HF/6-31g(d,p)",-8.5255986767,-0.0990494372449,59,2.5633,-1076.7779208,2.1284,0.316666666667
/home/ccollins/allmols/H/opt/cam/m06hf/588-4_TD.log,588-4,---,[],"td M06HF/6-31g(d,p)",-9.55935914949,-1.05906705977,82,0.6297,-1374.063423,2.0010,1.18333333333
/home/ccollins/allmols/H/opt/cam/m06hf/85124_TD.log,85124,---,[],"td M06HF/6-31g(d,p)",-8.09239344568,-0.368170023605,79,2.5492,-1307.7954149,2.1336,0.75
/home/ccollins/allmols/H/opt/cam/m06hf/1312-134-_TD.log,1312-134-,---,[],"td M06HF/6-31g(d,p)",-7.19659468906,1.14940885418,72,3.2621,-878.8603257,4.2250,0.666666666667
/home/ccollins/allmols/H/opt/cam/m06hf/85-4-_TD.log,85-4-,---,[],"td M06HF/6-31g(d,p)",-8.79662405993,-0.309937662148,62,2.1594,-1079.0064889,2.1346,0.683333333333
/home/ccollins/allmols/H/opt/cam/m06hf/88-13-_TD.log,88-13-,---,[],"td M06HF/6-31g(d,p)",-9.14057595191,-0.824232817074,58,2.5363,-800.2387097,2.0310,0.45
/home/ccollins/allmols/H/opt/cam/m06hf/135-4-8_TD.log,135-4-8,---,[],"td M06HF/6-31g(d,p)",-7.87796774087,-0.291433921124,79,3.3326,-1287.9517032,2.0917,0.95
/home/ccollins/allmols/H/opt/cam/m06hf/413512-_TD.log,413512-,---,[],"td M06HF/6-31g(d,p)",-7.54462828861,0.747496714593,76,1.4190,-1221.6751525,4.1306,1.28333333333
/home/ccollins/allmols/H/opt/cam/m06hf/1213-_TD.log,1213-,---,[],"td M06HF/6-31g(d,p)",-7.86490627662,2.22153737821,35,2.1981,-438.9048506,5.2887,0.15
/home/ccollins/allmols/H/opt/cam/m06hf/8413-8_TD.log,8413-8,---,[],"td M06HF/6-31g(d,p)",-8.5566196543,-0.499601007642,78,0.4683,-1031.2654102,2.0959,0.983333333333
/home/ccollins/allmols/H/opt/cam/m06hf/12138_TD.log,12138,---,[],"td M06HF/6-31g(d,p)",-8.17511605261,-0.0408170757877,55,2.5463,-733.9760483,2.1464,0.35
/home/ccollins/allmols/H/opt/cam/m06hf/412-_TD.log,412-,---,[],"td M06HF/6-31g(d,p)",-8.45729810322,1.4337678155,38,0.5896,-460.9741181,5.2604,0.2
/home/ccollins/allmols/H/opt/cam/m06hf/544-13_TD.log,544-13,---,[],"td M06HF/6-31g(d,p)",-7.97157490134,0.668039473726,79,1.1393,-1223.900674,4.6481,1.3
/home/ccollins/allmols/H/opt/cam/m06hf/41313-_TD.log,41313-,---,[],"td M06HF/6-31g(d,p)",-7.51333519717,1.59894091552,55,0.8277,-650.0786005,4.8730,0.466666666667
/home/ccollins/allmols/H/opt/cam/m06hf/812-124-_TD.log,812-124-,---,[],"td M06HF/6-31g(d,p)",-8.09511458406,-0.127621390296,75,2.1859,-984.8203282,2.1303,0.616666666667
/home/ccollins/allmols/H/opt/cam/m06hf/12138-13-_TD.log,12138-13-,---,[],"td M06HF/6-31g(d,p)",-7.86245725207,0.0187758548624,72,0.7663,-942.9289876,2.1591,0.516666666667
/home/ccollins/allmols/H/opt/cam/m06hf/125-8_TD.log,125-8,---,[],"td M06HF/6-31g(d,p)",-8.53212940883,-0.303679043861,59,2.0580,-1076.7817944,2.1352,0.466666666667
/home/ccollins/allmols/H/opt/cam/m06hf/813-4-4-_TD.log,813-4-4-,---,[],"td M06HF/6-31g(d,p)",-8.22110329133,-0.0933350466346,78,2.4004,-967.2115379,2.1477,1.63333333333
/home/ccollins/allmols/H/opt/cam/m06hf/54-5-13_TD.log,54-5-13,---,[],"td M06HF/6-31g(d,p)",-7.61265674825,0.307216523762,80,1.5395,-1544.6418364,3.9816,0.766666666667
/home/ccollins/allmols/H/opt/cam/m06hf/125-412-_TD.log,125-412-,---,[],"td M06HF/6-31g(d,p)",-7.76939431928,0.314291483566,76,0.5883,-1241.5146548,4.0484,0.666666666667
/home/ccollins/allmols/H/opt/cam/m06hf/124-13_TD.log,124-13,---,[],"td M06HF/6-31g(d,p)",-7.73918968319,1.0035558367,55,1.1492,-669.9174195,4.5588,0.483333333333
/home/ccollins/allmols/H/opt/cam/m06hf/131355-_TD.log,131355-,---,[],"td M06HF/6-31g(d,p)",-7.45945665713,0.616609958233,77,2.2982,-1522.5787848,4.0846,1.03333333333
/home/ccollins/allmols/H/opt/cam/m06hf/84-5-_TD.log,84-5-,---,[],"td M06HF/6-31g(d,p)",-8.80805284116,-0.235378470376,62,1.8794,-1079.0085737,2.0946,0.666666666667
/home/ccollins/allmols/H/opt/cam/m06hf/8513_TD.log,8513,---,[],"td M06HF/6-31g(d,p)",-8.16042190532,-0.22122855077,59,1.6128,-1056.9406082,2.1369,0.333333333333
/home/ccollins/allmols/H/opt/cam/m06hf/5138-12-_TD.log,5138-12-,---,[],"td M06HF/6-31g(d,p)",-8.03007937664,-0.185309524076,76,1.9466,-1285.7297785,2.1361,0.683333333333
/home/ccollins/allmols/H/opt/cam/m06hf/455_TD.log,455,---,[],"td M06HF/6-31g(d,p)",-8.22600134042,0.660692400084,63,1.0801,-1335.7005777,4.5172,0.633333333333
/home/ccollins/allmols/H/opt/cam/m06hf/44-5-12-_TD.log,44-5-12-,---,[],"td M06HF/6-31g(d,p)",-7.93620010233,0.527900846855,79,0.9612,-1243.7401198,4.3069,0.966666666667
/home/ccollins/allmols/H/opt/cam/m06hf/13125-_TD.log,13125-,---,[],"td M06HF/6-31g(d,p)",-7.5614993466,1.00600486125,56,1.5241,-990.6652125,4.3142,0.35
/home/ccollins/allmols/H/opt/cam/m06hf/8138-5_TD.log,8138-5,---,[],"td M06HF/6-31g(d,p)",-8.83499211117,-0.675930775045,79,1.9525,-1352.0159619,4.0452,0.6
/home/ccollins/allmols/H/opt/cam/m06hf/1358_TD.log,1358,---,[],"td M06HF/6-31g(d,p)",-8.16042190532,-0.22122855077,59,1.6128,-1056.9406083,2.1369,0.35
/home/ccollins/allmols/H/opt/cam/m06hf/812-12-8_TD.log,812-12-8,---,[],"td M06HF/6-31g(d,p)",-8.67362860489,-0.479192469748,75,2.9934,-1048.8606784,2.1260,0.783333333333
/home/ccollins/allmols/H/opt/cam/m06hf/125-5_TD.log,125-5,---,[],"td M06HF/6-31g(d,p)",-7.90517912473,0.482185721972,60,0.6584,-1333.4741635,4.1219,0.516666666667
/home/ccollins/allmols/H/opt/cam/m06hf/51313-_TD.log,51313-,---,[],"td M06HF/6-31g(d,p)",-7.4888449517,1.45825806098,56,1.4573,-970.8243317,4.6610,0.5
/home/ccollins/allmols/H/opt/cam/m06hf/5134_TD.log,5134,---,[],"td M06HF/6-31g(d,p)",-7.7639520425,1.18750479158,59,1.0701,-992.890807,4.6134,0.6
/home/ccollins/allmols/H/opt/cam/m06hf/548-_TD.log,548-,---,[],"td M06HF/6-31g(d,p)",-8.80805284116,-0.235378470376,62,1.8794,-1079.0085739,2.0946,0.6
