/home/ccollins/mols/opt/m06hf/m06hf/4fa4fa-4fa-4fa-.log,4fa4fa-4fa-4fa-,---,[],"td m06hf/6-31g(d,p)",-8.77621552204,0.756748585105,97,5.0737,-1226.0111281,5.0576,2.58333333333
/home/ccollins/mols/opt/m06hf/m06hf/12ee12ee-12ee-12ee-.log,12ee12ee-12ee-12ee-,---,[],"td m06hf/6-31g(d,p)",-8.19824572889,0.26721578949,117,0.5995,-1525.3708041,4.2252,5.86666666667
/home/ccollins/mols/opt/m06hf/m06hf/4ei4ei4ei4ei.log,4ei4ei4ei4ei,---,[],"td m06hf/6-31g(d,p)",-8.97431439653,1.045189254,121,2.8577,-1386.9758709,4.4232,5.03333333333
/home/ccollins/mols/opt/m06hf/m06hf/12ii12ii-12ii12ii-.log,12ii12ii-12ii12ii-,---,[],"td m06hf/6-31g(d,p)",-7.28448745892,1.43784952308,101,0.6829,-1230.7638482,4.3735,2.33333333333
/home/ccollins/mols/opt/m06hf/m06hf/4if4if-4if-4if-.log,4if4if-4if-4if-,---,[],"td m06hf/6-31g(d,p)",-8.55988502037,1.41444773296,113,2.5133,-1383.2216362,5.2059,4.93333333333
/home/ccollins/mols/opt/m06hf/m06hf/12ii12ii12ii-12ii.log,12ii12ii12ii-12ii,---,[],"td m06hf/6-31g(d,p)",-7.41102039386,1.55132099377,101,1.5481,-1230.7615648,4.5268,2.6
/home/ccollins/mols/opt/m06hf/m06hf/4ea4ea-4ea4ea.log,4ea4ea-4ea4ea,---,[],"td m06hf/6-31g(d,p)",-8.8069643858,0.593752395792,105,1.4990,-1229.7550788,4.3959,3.51666666667
/home/ccollins/mols/opt/m06hf/m06hf/1111-11-.log,1111-11-,---,[],"td m06hf/6-31g(d,p)",-11.2837445446,-0.734979478018,22,2.2015,-340.9993229,1.4750,0.0333333333333
/home/ccollins/mols/opt/m06hf/m06hf/4if4if4if4if.log,4if4if4if4if,---,[],"td m06hf/6-31g(d,p)",-8.4529442818,1.43186301863,113,6.8631,-1383.2089514,5.1881,5.1
/home/ccollins/mols/opt/m06hf/m06hf/12ef12ef.log,12ef12ef,---,[],"td m06hf/6-31g(d,p)",-8.28232890501,1.12872820245,55,2.3646,-761.3882598,4.3558,0.55
/home/ccollins/mols/opt/m06hf/m06hf/12il.log,12il,---,[],"td m06hf/6-31g(d,p)",-9.13785481352,3.4027835515,30,1.8443,-383.7442127,6.9701,0.183333333333
/home/ccollins/mols/opt/m06hf/m06hf/11111111-.log,11111111-,---,[],"td m06hf/6-31g(d,p)",-11.3095953593,-1.12709551942,29,3.8730,-454.2668197,1.4414,0.0833333333333
/home/ccollins/mols/opt/m06hf/m06hf/1111.log,1111,---,[],"td m06hf/6-31g(d,p)",-11.5030682985,0.176601881242,15,3.8277,-227.7212258,1.9601,0.0166666666667
/home/ccollins/mols/opt/m06hf/m06hf/4ee4ee4ee4ee.log,4ee4ee4ee4ee,---,[],"td m06hf/6-31g(d,p)",-8.86710154413,0.143676106773,129,0.3893,-1534.2871485,4.3551,7.95
/home/ccollins/mols/opt/m06hf/m06hf/12al12al-12al-12al-.log,12al12al-12al-12al-,---,[],"td m06hf/6-31g(d,p)",-7.32911412845,1.20111048351,101,1.9550,-1374.2319616,4.2265,2.06666666667
/home/ccollins/mols/opt/m06hf/m06hf/11111111.log,11111111,---,[],"td m06hf/6-31g(d,p)",-11.3923179662,-1.31267715733,29,3.2640,-454.2542125,1.3296,0.0666666666667
/home/ccollins/mols/opt/m06hf/m06hf/12if12if12if-12if-.log,12if12if12if-12if-,---,[],"td m06hf/6-31g(d,p)",-7.53891389799,1.13280991003,101,3.8635,-1374.2948488,4.3171,1.98333333333
/home/ccollins/mols/opt/m06hf/m06hf/12la12la-12la12la.log,12la12la-12la12la,---,[],"td m06hf/6-31g(d,p)",-7.2765961576,1.0811082807,101,1.0868,-1374.2228025,4.1135,2.1
/home/ccollins/mols/opt/m06hf/m06hf/12ee12ee-12ee.log,12ee12ee-12ee,---,[],"td m06hf/6-31g(d,p)",-8.17538816645,0.322727012562,88,0.1066,-1144.3259215,4.2027,1.98333333333
/home/ccollins/mols/opt/m06hf/m06hf/12ff12ff-12ff12ff-.log,12ff12ff-12ff12ff-,---,[],"td m06hf/6-31g(d,p)",-7.44802787591,0.810627125144,101,0.0001,-1517.8317199,4.0536,1.45
/home/ccollins/mols/opt/m06hf/m06hf/4fe4fe-4fe-4fe-.log,4fe4fe-4fe-4fe-,---,[],"td m06hf/6-31g(d,p)",-8.64750567639,0.482457835811,121,5.6170,-1530.546748,4.4140,6.8
/home/ccollins/mols/opt/m06hf/m06hf/12ff12ff12ff.log,12ff12ff12ff,---,[],"td m06hf/6-31g(d,p)",-7.48694015483,1.338527972,76,7.0851,-1138.6657374,4.4574,0.6
/home/ccollins/mols/opt/m06hf/m06hf/12le12le.log,12le12le,---,[],"td m06hf/6-31g(d,p)",-8.25566174883,1.24736983607,63,2.1675,-839.9570784,4.3329,0.783333333333
/home/ccollins/mols/opt/m06hf/m06hf/12af12af12af-12af.log,12af12af12af-12af,---,[],"td m06hf/6-31g(d,p)",-7.608030813,0.860423957605,85,2.6988,-1217.063757,4.1853,1.48333333333
/home/ccollins/mols/opt/m06hf/m06hf/12if12if-12if-12if-.log,12if12if-12if-12if-,---,[],"td m06hf/6-31g(d,p)",-7.37646193636,1.26560146326,101,4.7835,-1374.2912511,4.2978,1.81666666667
/home/ccollins/mols/opt/m06hf/m06hf/4ef4ef-4ef4ef-.log,4ef4ef-4ef4ef-,---,[],"td m06hf/6-31g(d,p)",-8.59335502251,0.85579802235,121,2.0858,-1530.5360896,4.4308,6.0
/home/ccollins/mols/opt/m06hf/m06hf/12af12af12af12af-.log,12af12af12af12af-,---,[],"td m06hf/6-31g(d,p)",-7.88504270067,0.926003392704,85,2.0604,-1217.0656374,4.4006,1.18333333333
/home/ccollins/mols/opt/m06hf/m06hf/12ia12ia-12ia12ia-.log,12ia12ia-12ia12ia-,---,[],"td m06hf/6-31g(d,p)",-7.3527880324,1.15593958631,85,0.4763,-1073.5389714,4.2228,1.38333333333
/home/ccollins/mols/opt/m06hf/m06hf/12fi12fi-12fi12fi-.log,12fi12fi-12fi12fi-,---,[],"td m06hf/6-31g(d,p)",-7.22924834969,1.03348835895,101,4.6070,-1374.2993673,4.0419,2.28333333333
/home/ccollins/mols/opt/m06hf/m06hf/4ai4ai-4ai4ai-.log,4ai4ai-4ai4ai-,---,[],"td m06hf/6-31g(d,p)",-8.76805210688,1.33063667068,97,1.1565,-1082.43531,5.5014,3.2
/home/ccollins/mols/opt/m06hf/m06hf/22-2-.log,22-2-,---,[],"td m06hf/6-31g(d,p)",-8.72859560029,1.17716446572,22,0.0167,-233.3183779,5.1932,0.0833333333333
/home/ccollins/mols/opt/m06hf/m06hf/12af.log,12af,---,[],"td m06hf/6-31g(d,p)",-9.13186830907,3.37720485068,22,0.8854,-305.145815,6.5396,0.05
/home/ccollins/mols/opt/m06hf/m06hf/12il12il-12il12il.log,12il12il-12il12il,---,[],"td m06hf/6-31g(d,p)",-7.37918307475,1.18396731168,117,3.1917,-1531.4608535,4.2556,3.45
/home/ccollins/mols/opt/m06hf/m06hf/4ff4ff.log,4ff4ff,---,[],"td m06hf/6-31g(d,p)",-8.37076590255,1.4506388735,57,0.5432,-763.970956,4.9830,0.65
/home/ccollins/mols/opt/m06hf/m06hf/4fa4fa4fa.log,4fa4fa4fa,---,[],"td m06hf/6-31g(d,p)",-8.50818339103,1.16981739208,73,4.6767,-919.7925561,5.1498,1.03333333333
/home/ccollins/mols/opt/m06hf/m06hf/12ei12ei12ei-12ei.log,12ei12ei12ei-12ei,---,[],"td m06hf/6-31g(d,p)",-7.67796406951,0.648991505025,109,1.4462,-1378.0775512,4.1003,3.75
/home/ccollins/mols/opt/m06hf/m06hf/4fi4fi.log,4fi4fi,---,[],"td m06hf/6-31g(d,p)",-8.71716681907,1.82180214933,57,3.1754,-692.1936999,5.3782,0.75
/home/ccollins/mols/opt/m06hf/m06hf/4ie4ie-4ie4ie-.log,4ie4ie-4ie4ie-,---,[],"td m06hf/6-31g(d,p)",-8.98982488533,1.12383015336,121,3.1104,-1386.9755414,4.4226,6.06666666667
/home/ccollins/mols/opt/m06hf/m06hf/4ie4ie4ie4ie-.log,4ie4ie4ie4ie-,---,[],"td m06hf/6-31g(d,p)",-8.97322594118,1.03784218036,121,2.8661,-1386.9758695,4.4234,5.43333333333
/home/ccollins/mols/opt/m06hf/m06hf/4fi4fi4fi-4fi-.log,4fi4fi4fi-4fi-,---,[],"td m06hf/6-31g(d,p)",-8.82356332995,1.10151681859,113,2.0476,-1383.2234633,5.2293,5.26666666667
/home/ccollins/mols/opt/m06hf/m06hf/12lf12lf-12lf.log,12lf12lf-12lf,---,[],"td m06hf/6-31g(d,p)",-7.59551357642,1.27947926903,88,2.5964,-1256.5331985,4.4074,1.4
/home/ccollins/mols/opt/m06hf/m06hf/12aa12aa12aa12aa-.log,12aa12aa12aa12aa-,---,[],"td m06hf/6-31g(d,p)",-7.55605706983,1.06614201958,69,0.9083,-916.3121941,4.3155,0.733333333333
/home/ccollins/mols/opt/m06hf/m06hf/12li12li12li.log,12li12li12li,---,[],"td m06hf/6-31g(d,p)",-7.4923824316,1.42070635125,88,0.5208,-1148.8920917,4.4693,1.93333333333
/home/ccollins/mols/opt/m06hf/m06hf/12ae12ae-.log,12ae12ae-,---,[],"td m06hf/6-31g(d,p)",-8.42165119036,1.19240284068,47,0.4656,-611.0122624,4.3847,0.366666666667
/home/ccollins/mols/opt/m06hf/m06hf/12la12la12la12la.log,12la12la12la12la,---,[],"td m06hf/6-31g(d,p)",-7.52013804313,0.916479408354,101,1.6972,-1374.2337379,4.1689,2.06666666667
/home/ccollins/mols/opt/m06hf/m06hf/12ef12ef12ef12ef-.log,12ef12ef12ef12ef-,---,[],"td m06hf/6-31g(d,p)",-7.71796480378,0.239460177955,109,0.0479,-1521.6111545,3.7863,1.58333333333
/home/ccollins/mols/opt/m06hf/m06hf/12aa12aa-12aa-12aa.log,12aa12aa-12aa-12aa,---,[],"td m06hf/6-31g(d,p)",-7.58843861662,1.02995087904,69,0.3264,-916.3156499,4.3023,0.516666666667
/home/ccollins/mols/opt/m06hf/m06hf/12ii12ii-12ii.log,12ii12ii-12ii,---,[],"td m06hf/6-31g(d,p)",-7.50217852979,1.7200315737,76,1.1504,-923.3655303,4.6933,1.18333333333
/home/ccollins/mols/opt/m06hf/m06hf/12ea12ea-.log,12ea12ea-,---,[],"td m06hf/6-31g(d,p)",-8.4219233042,1.19240284068,47,0.4657,-611.0122623,4.3847,0.35
/home/ccollins/mols/opt/m06hf/m06hf/4li4li-.log,4li4li-,---,[],"td m06hf/6-31g(d,p)",-8.61131453586,2.01146549482,65,1.1935,-770.7808237,5.4466,0.9
/home/ccollins/mols/opt/m06hf/m06hf/12la12la12la.log,12la12la12la,---,[],"td m06hf/6-31g(d,p)",-7.84041603115,1.51676253627,76,2.4372,-1030.9674334,4.7338,0.966666666667
/home/ccollins/mols/opt/m06hf/m06hf/4ie4ie4ie.log,4ie4ie4ie,---,[],"td m06hf/6-31g(d,p)",-9.00669594332,1.12328592568,91,1.9720,-1040.5263044,4.4258,3.4
/home/ccollins/mols/opt/m06hf/m06hf/4af4af4af-4af.log,4af4af4af-4af,---,[],"td m06hf/6-31g(d,p)",-8.38355525296,1.03376047278,97,4.0177,-1226.0020867,4.9933,2.48333333333
/home/ccollins/mols/opt/m06hf/m06hf/4ai4ai.log,4ai4ai,---,[],"td m06hf/6-31g(d,p)",-9.15118839161,1.83404727206,49,0.6029,-541.8064652,5.6439,0.466666666667
/home/ccollins/mols/opt/m06hf/m06hf/4ae4ae4ae-4ae-.log,4ae4ae4ae-4ae-,---,[],"td m06hf/6-31g(d,p)",-8.81948162238,0.598650444887,105,1.3314,-1229.7548422,4.3957,4.48333333333
/home/ccollins/mols/opt/m06hf/m06hf/4il.log,4il,---,[],"td m06hf/6-31g(d,p)",-8.81567202864,2.43813999372,33,1.2808,-385.9791378,5.5625,0.2
/home/ccollins/mols/opt/m06hf/m06hf/12li12li12li-12li.log,12li12li12li-12li,---,[],"td m06hf/6-31g(d,p)",-7.25999721345,1.11757153507,117,1.3436,-1531.4652719,4.1332,3.98333333333
/home/ccollins/mols/opt/m06hf/m06hf/12af12af-12af-12af.log,12af12af-12af-12af,---,[],"td m06hf/6-31g(d,p)",-7.32993046996,0.943962906051,85,3.8938,-1217.0642508,4.0666,1.15
/home/ccollins/mols/opt/m06hf/m06hf/4fa.log,4fa,---,[],"td m06hf/6-31g(d,p)",-9.1920054674,2.33827421496,25,1.4276,-307.3825981,5.6697,0.1
/home/ccollins/mols/opt/m06hf/m06hf/22.log,22,---,[],"td m06hf/6-31g(d,p)",-9.41976475029,2.07514013305,15,0.0000,-155.9397857,6.5623,0.0333333333333
/home/ccollins/mols/opt/m06hf/m06hf/12ae12ae-12ae12ae-.log,12ae12ae-12ae12ae-,---,[],"td m06hf/6-31g(d,p)",-7.82789879457,0.399191001204,93,0.8026,-1220.8497901,4.0506,1.31666666667
/home/ccollins/mols/opt/m06hf/m06hf/12fe.log,12fe,---,[],"td m06hf/6-31g(d,p)",-9.28044246494,2.18099241626,28,1.6754,-381.282922,4.4423,0.0833333333333
/home/ccollins/mols/opt/m06hf/m06hf/4ae4ae-4ae-4ae-.log,4ae4ae-4ae-4ae-,---,[],"td m06hf/6-31g(d,p)",-8.81784893934,0.603276380143,105,1.3101,-1229.7548823,4.3967,4.4
/home/ccollins/mols/opt/m06hf/m06hf/4ai.log,4ai,---,[],"td m06hf/6-31g(d,p)",-9.5375900424,2.48684837083,25,0.3186,-271.492101,5.8070,0.116666666667
/home/ccollins/mols/opt/m06hf/m06hf/12lf12lf-.log,12lf12lf-,---,[],"td m06hf/6-31g(d,p)",-7.84340928337,1.96520614226,59,3.8261,-838.0694345,5.0646,0.55
/home/ccollins/mols/opt/m06hf/m06hf/12el12el-12el-12el.log,12el12el-12el-12el,---,[],"td m06hf/6-31g(d,p)",-7.74109448006,0.429123523448,125,1.6725,-1678.7679325,3.9816,5.21666666667
/home/ccollins/mols/opt/m06hf/m06hf/4ff4ff4ff4ff-.log,4ff4ff4ff4ff-,---,[],"td m06hf/6-31g(d,p)",-8.22055906365,0.855525908511,113,1.2107,-1526.7729155,4.6701,3.55
/home/ccollins/mols/opt/m06hf/m06hf/12al12al.log,12al12al,---,[],"td m06hf/6-31g(d,p)",-7.77402025453,2.00493476269,51,4.2224,-687.7030172,5.0710,0.416666666667
/home/ccollins/mols/opt/m06hf/m06hf/4ie4ie-4ie4ie.log,4ie4ie-4ie4ie,---,[],"td m06hf/6-31g(d,p)",-8.97866821795,1.08274096373,121,2.7932,-1386.9760199,4.4262,5.65
/home/ccollins/mols/opt/m06hf/m06hf/222.log,222,---,[],"td m06hf/6-31g(d,p)",-8.72152064049,1.31158870198,22,0.0001,-233.3236413,5.5678,0.0666666666667
/home/ccollins/mols/opt/m06hf/m06hf/12el.log,12el,---,[],"td m06hf/6-31g(d,p)",-9.09975887612,2.34834242699,32,1.5910,-420.5720304,4.4232,0.116666666667
/home/ccollins/mols/opt/m06hf/m06hf/4ef4ef4ef.log,4ef4ef4ef,---,[],"td m06hf/6-31g(d,p)",-8.56587152481,0.877567129436,91,4.0589,-1148.194234,4.4307,3.03333333333
/home/ccollins/mols/opt/m06hf/m06hf/4aa4aa4aa4aa-.log,4aa4aa4aa4aa-,---,[],"td m06hf/6-31g(d,p)",-8.63689323669,0.956480142626,81,0.0000,-925.222024,5.2719,1.63333333333
/home/ccollins/mols/opt/m06hf/m06hf/12ie12ie-.log,12ie12ie-,---,[],"td m06hf/6-31g(d,p)",-8.19117076908,1.2990714654,55,0.7827,-689.6261833,4.3826,0.616666666667
/home/ccollins/mols/opt/m06hf/m06hf/222-2.log,222-2,---,[],"td m06hf/6-31g(d,p)",-8.59743673009,1.1453271466,29,0.0375,-310.699671,5.0372,0.133333333333
/home/ccollins/mols/opt/m06hf/m06hf/12fa.log,12fa,---,[],"td m06hf/6-31g(d,p)",-9.04234285618,3.33665988873,22,2.1249,-305.1453897,6.7714,0.05
/home/ccollins/mols/opt/m06hf/m06hf/12ai12ai-12ai.log,12ai12ai-12ai,---,[],"td m06hf/6-31g(d,p)",-7.6257182125,1.4993472506,64,1.0383,-805.4474029,4.6268,0.683333333333
/home/ccollins/mols/opt/m06hf/m06hf/12ia12ia12ia-12ia.log,12ia12ia12ia-12ia,---,[],"td m06hf/6-31g(d,p)",-7.39904738496,1.23947853475,85,1.6733,-1073.5367742,4.3206,1.45
/home/ccollins/mols/opt/m06hf/m06hf/12fa12fa12fa12fa-.log,12fa12fa12fa12fa-,---,[],"td m06hf/6-31g(d,p)",-7.31333152581,0.952398435047,85,5.5527,-1217.0655032,4.0669,1.23333333333
/home/ccollins/mols/opt/m06hf/m06hf/12fe12fe.log,12fe12fe,---,[],"td m06hf/6-31g(d,p)",-8.1870890615,1.20764121564,55,3.7066,-761.387385,4.7907,0.416666666667
/home/ccollins/mols/opt/m06hf/m06hf/12fe12fe-.log,12fe12fe-,---,[],"td m06hf/6-31g(d,p)",-8.34464297404,0.994848193866,55,1.8129,-761.3918087,4.7367,0.483333333333
/home/ccollins/mols/opt/m06hf/m06hf/12il12il-12il12il-.log,12il12il-12il12il-,---,[],"td m06hf/6-31g(d,p)",-7.32693721774,1.19349129603,117,2.1897,-1531.4648713,4.2263,3.8
/home/ccollins/mols/opt/m06hf/m06hf/4ia.log,4ia,---,[],"td m06hf/6-31g(d,p)",-9.5375900424,2.48684837083,25,0.3186,-271.492101,5.8070,0.133333333333
/home/ccollins/mols/opt/m06hf/m06hf/12ee12ee.log,12ee12ee,---,[],"td m06hf/6-31g(d,p)",-8.74900413818,0.949677296661,59,0.4579,-763.2748071,4.2787,0.783333333333
/home/ccollins/mols/opt/m06hf/m06hf/12ff12ff12ff-12ff.log,12ff12ff12ff-12ff,---,[],"td m06hf/6-31g(d,p)",-7.33455640522,0.945323475244,101,6.0330,-1517.8281709,4.0731,1.36666666667
/home/ccollins/mols/opt/m06hf/m06hf/12lf12lf-12lf-12lf.log,12lf12lf-12lf-12lf,---,[],"td m06hf/6-31g(d,p)",-7.38244844081,0.927363961897,117,5.5227,-1674.9916458,4.0492,2.61666666667
/home/ccollins/mols/opt/m06hf/m06hf/4fe4fe-4fe-4fe.log,4fe4fe-4fe-4fe,---,[],"td m06hf/6-31g(d,p)",-8.56968111855,0.635113699257,121,2.5650,-1530.5411089,4.4128,6.45
/home/ccollins/mols/opt/m06hf/m06hf/4if4if4if-4if-.log,4if4if4if-4if-,---,[],"td m06hf/6-31g(d,p)",-8.48532582859,1.57662758076,113,2.6294,-1383.2159758,5.2368,5.38333333333
/home/ccollins/mols/opt/m06hf/m06hf/4ea4ea4ea4ea.log,4ea4ea4ea4ea,---,[],"td m06hf/6-31g(d,p)",-8.83199885895,0.601371583273,105,1.3503,-1229.7548115,4.3917,4.73333333333
/home/ccollins/mols/opt/m06hf/m06hf/4fe4fe-4fe4fe-.log,4fe4fe-4fe4fe-,---,[],"td m06hf/6-31g(d,p)",-8.70573803785,0.727360290537,121,2.3311,-1530.5421182,4.4270,4.98333333333
/home/ccollins/mols/opt/m06hf/m06hf/4ei.log,4ei,---,[],"td m06hf/6-31g(d,p)",-9.16316140051,1.54506237549,31,1.0671,-347.6270878,4.4702,0.15
/home/ccollins/mols/opt/m06hf/m06hf/12le.log,12le,---,[],"td m06hf/6-31g(d,p)",-9.20860441155,2.45120145797,32,1.4936,-420.5743692,4.4345,0.116666666667
/home/ccollins/mols/opt/m06hf/m06hf/12fe12fe12fe.log,12fe12fe12fe,---,[],"td m06hf/6-31g(d,p)",-7.69810049357,0.7306256566,82,5.1661,-1141.4922565,4.2032,1.01666666667
/home/ccollins/mols/opt/m06hf/m06hf/4ei4ei4ei-4ei-.log,4ei4ei4ei-4ei-,---,[],"td m06hf/6-31g(d,p)",-8.97866821795,1.07729868696,121,2.8151,-1386.9760312,4.4264,6.41666666667
/home/ccollins/mols/opt/m06hf/m06hf/4ae4ae4ae-4ae.log,4ae4ae4ae-4ae,---,[],"td m06hf/6-31g(d,p)",-8.81376723177,0.606269632367,105,1.5400,-1229.7550289,4.3956,4.65
/home/ccollins/mols/opt/m06hf/m06hf/12lf12lf12lf12lf-.log,12lf12lf12lf12lf-,---,[],"td m06hf/6-31g(d,p)",-7.44149714378,0.902329488748,117,3.1457,-1675.0024472,4.0961,2.7
/home/ccollins/mols/opt/m06hf/m06hf/12ea12ea-12ea-12ea.log,12ea12ea-12ea-12ea,---,[],"td m06hf/6-31g(d,p)",-7.82327285932,0.399463115043,93,0.6669,-1220.8482877,4.0391,1.15
/home/ccollins/mols/opt/m06hf/m06hf/12ia12ia-.log,12ia12ia-,---,[],"td m06hf/6-31g(d,p)",-8.07552238768,2.06779305941,43,0.1987,-537.3560398,5.3180,0.333333333333
/home/ccollins/mols/opt/m06hf/m06hf/4fa4fa-4fa4fa-.log,4fa4fa-4fa4fa-,---,[],"td m06hf/6-31g(d,p)",-8.64505665184,0.860696071444,97,3.1555,-1226.0066062,5.0346,2.5
/home/ccollins/mols/opt/m06hf/m06hf/12ef12ef-12ef-12ef.log,12ef12ef-12ef-12ef,---,[],"td m06hf/6-31g(d,p)",-7.54653308548,0.315652052758,109,3.5128,-1521.6041158,3.7582,3.1
/home/ccollins/mols/opt/m06hf/m06hf/12if12if12if.log,12if12if12if,---,[],"td m06hf/6-31g(d,p)",-8.05756287434,1.69554132822,76,1.8225,-1031.0115308,5.0118,1.15
/home/ccollins/mols/opt/m06hf/m06hf/12ae.log,12ae,---,[],"td m06hf/6-31g(d,p)",-9.29595295374,2.45882064545,24,0.3963,-306.094575,4.4633,0.0666666666667
/home/ccollins/mols/opt/m06hf/m06hf/4ii4ii.log,4ii4ii,---,[],"td m06hf/6-31g(d,p)",-9.21622359903,2.26888518612,57,0.1521,-620.415935,5.6659,0.966666666667
/home/ccollins/mols/opt/m06hf/m06hf/12fi12fi-12fi.log,12fi12fi-12fi,---,[],"td m06hf/6-31g(d,p)",-7.36149567524,1.5183952193,76,5.2267,-1031.0135648,4.4547,1.55
/home/ccollins/mols/opt/m06hf/m06hf/4ea4ea.log,4ea4ea,---,[],"td m06hf/6-31g(d,p)",-9.15472587151,1.03022299288,53,0.8960,-615.4665647,4.4007,0.65
/home/ccollins/mols/opt/m06hf/m06hf/12ll12ll12ll-12ll.log,12ll12ll12ll-12ll,---,[],"td m06hf/6-31g(d,p)",-6.92039914289,1.4386658646,133,5.1491,-1832.1137442,4.1192,3.31666666667
/home/ccollins/mols/opt/m06hf/m06hf/4fa4fa.log,4fa4fa,---,[],"td m06hf/6-31g(d,p)",-8.79199812468,1.54342969245,49,3.0164,-613.5874599,5.3915,0.383333333333
/home/ccollins/mols/opt/m06hf/m06hf/4fi4fi-4fi4fi-.log,4fi4fi-4fi4fi-,---,[],"td m06hf/6-31g(d,p)",-8.7498204797,1.29063593641,113,3.0200,-1383.2255333,5.2689,5.06666666667
/home/ccollins/mols/opt/m06hf/m06hf/4ff4ff-.log,4ff4ff-,---,[],"td m06hf/6-31g(d,p)",-8.56587152481,1.37281431566,57,1.3016,-763.9790341,5.0865,0.583333333333
/home/ccollins/mols/opt/m06hf/m06hf/12ie12ie12ie12ie-.log,12ie12ie12ie12ie-,---,[],"td m06hf/6-31g(d,p)",-7.85238904004,0.828042410814,109,1.8243,-1378.0762296,4.3611,4.5
/home/ccollins/mols/opt/m06hf/m06hf/12ai12ai-12ai12ai.log,12ai12ai-12ai12ai,---,[],"td m06hf/6-31g(d,p)",-7.3993194988,1.23947853475,85,1.6733,-1073.5367742,4.3207,1.46666666667
/home/ccollins/mols/opt/m06hf/m06hf/12ii12ii-12ii12ii.log,12ii12ii-12ii12ii,---,[],"td m06hf/6-31g(d,p)",-7.41102039386,1.55132099377,101,1.5481,-1230.7615648,4.5268,2.73333333333
/home/ccollins/mols/opt/m06hf/m06hf/12al12al-12al12al.log,12al12al-12al12al,---,[],"td m06hf/6-31g(d,p)",-7.11006248839,1.16900105056,101,6.2590,-1374.2309439,4.0683,2.0
/home/ccollins/mols/opt/m06hf/m06hf/4ea4ea-4ea-4ea.log,4ea4ea-4ea-4ea,---,[],"td m06hf/6-31g(d,p)",-8.80805284116,0.594840851147,105,1.3698,-1229.7550502,4.3991,4.5
/home/ccollins/mols/opt/m06hf/m06hf/12fa12fa12fa-12fa.log,12fa12fa12fa-12fa,---,[],"td m06hf/6-31g(d,p)",-7.28911339417,1.01716152863,85,6.5954,-1217.0647511,4.0788,1.28333333333
/home/ccollins/mols/opt/m06hf/m06hf/12ii12ii12ii12ii.log,12ii12ii12ii12ii,---,[],"td m06hf/6-31g(d,p)",-7.84422562489,1.88574890139,101,2.0175,-1230.7561757,5.0770,2.48333333333
/home/ccollins/mols/opt/m06hf/m06hf/4ff4ff4ff4ff.log,4ff4ff4ff4ff,---,[],"td m06hf/6-31g(d,p)",-8.02572555522,0.9499494105,113,1.6278,-1526.7649529,4.6101,3.23333333333
/home/ccollins/mols/opt/m06hf/m06hf/4ef4ef.log,4ef4ef,---,[],"td m06hf/6-31g(d,p)",-8.71662259139,1.19512397906,61,2.8731,-765.85587,4.4298,0.816666666667
/home/ccollins/mols/opt/m06hf/m06hf/12ef12ef-12ef12ef-.log,12ef12ef-12ef12ef-,---,[],"td m06hf/6-31g(d,p)",-7.6496642303,0.25769180514,109,3.9261,-1521.6128688,3.7564,2.03333333333
/home/ccollins/mols/opt/m06hf/m06hf/12ee12ee12ee-12ee.log,12ee12ee12ee-12ee,---,[],"td m06hf/6-31g(d,p)",-8.06327726495,0.139594399194,117,0.4851,-1525.3732223,4.0359,4.91666666667
/home/ccollins/mols/opt/m06hf/m06hf/4if4if-4if-4if.log,4if4if-4if-4if,---,[],"td m06hf/6-31g(d,p)",-8.61893372334,1.40138626871,113,2.2197,-1383.2235271,5.2296,5.53333333333
/home/ccollins/mols/opt/m06hf/m06hf/12ae12ae-12ae.log,12ae12ae-12ae,---,[],"td m06hf/6-31g(d,p)",-8.0333447427,0.681100937978,70,0.6934,-915.9309429,4.3614,0.7
/home/ccollins/mols/opt/m06hf/m06hf/4ii4ii4ii.log,4ii4ii4ii,---,[],"td m06hf/6-31g(d,p)",-9.17731132011,2.176366481,85,0.1426,-930.0358723,5.6253,2.26666666667
/home/ccollins/mols/opt/m06hf/m06hf/12ae12ae12ae.log,12ae12ae12ae,---,[],"td m06hf/6-31g(d,p)",-8.02246018916,0.69225760536,70,0.7651,-915.9307508,4.4002,0.8
/home/ccollins/mols/opt/m06hf/m06hf/12lf.log,12lf,---,[],"td m06hf/6-31g(d,p)",-9.05458797891,3.5197925021,30,0.8613,-419.6227116,6.4417,0.116666666667
/home/ccollins/mols/opt/m06hf/m06hf/12af12af12af-12af-.log,12af12af12af-12af-,---,[],"td m06hf/6-31g(d,p)",-7.58653381975,0.865049892861,85,4.2724,-1217.0664555,4.1785,1.36666666667
/home/ccollins/mols/opt/m06hf/m06hf/12ll12ll-12ll12ll.log,12ll12ll-12ll12ll,---,[],"td m06hf/6-31g(d,p)",-8.09212133184,1.55894018125,133,2.9297,-1832.1499916,4.9605,2.91666666667
/home/ccollins/mols/opt/m06hf/m06hf/12le12le-12le12le.log,12le12le-12le12le,---,[],"td m06hf/6-31g(d,p)",-7.78517692191,0.497424096933,125,2.0705,-1678.7646887,4.0582,4.6
/home/ccollins/mols/opt/m06hf/m06hf/12li12li.log,12li12li,---,[],"td m06hf/6-31g(d,p)",-8.33321419282,2.53065869884,59,1.7645,-766.318113,5.7108,0.716666666667
/home/ccollins/mols/opt/m06hf/m06hf/12ff12ff.log,12ff12ff,---,[],"td m06hf/6-31g(d,p)",-7.97946620266,1.9499677673,51,5.3411,-759.4986208,5.1491,0.366666666667
/home/ccollins/mols/opt/m06hf/m06hf/12ef12ef12ef.log,12ef12ef12ef,---,[],"td m06hf/6-31g(d,p)",-7.86653895965,0.631576219356,82,2.7597,-1141.4982134,4.1445,0.916666666667
/home/ccollins/mols/opt/m06hf/m06hf/12ea12ea-12ea-12ea-.log,12ea12ea-12ea-12ea-,---,[],"td m06hf/6-31g(d,p)",-7.81075562274,0.406265961007,93,0.9294,-1220.8486971,4.0756,1.38333333333
/home/ccollins/mols/opt/m06hf/m06hf/12ii12ii12ii12ii-.log,12ii12ii12ii12ii-,---,[],"td m06hf/6-31g(d,p)",-7.60966349603,1.73663051785,101,1.5736,-1230.7589149,4.7997,2.36666666667
/home/ccollins/mols/opt/m06hf/m06hf/12al12al12al12al-.log,12al12al12al12al-,---,[],"td m06hf/6-31g(d,p)",-6.94978743746,1.2144440616,101,5.2743,-1374.2333426,4.0330,1.86666666667
/home/ccollins/mols/opt/m06hf/m06hf/12il12il12il-12il-.log,12il12il12il-12il-,---,[],"td m06hf/6-31g(d,p)",-7.35006689402,1.18423942552,117,1.4585,-1531.4639825,4.2404,3.13333333333
/home/ccollins/mols/opt/m06hf/m06hf/12fl12fl-12fl-12fl-.log,12fl12fl-12fl-12fl-,---,[],"td m06hf/6-31g(d,p)",-7.44394616833,0.886274772271,117,2.9455,-1675.0024091,4.0882,2.48333333333
/home/ccollins/mols/opt/m06hf/m06hf/12fa12fa-12fa-12fa.log,12fa12fa-12fa-12fa,---,[],"td m06hf/6-31g(d,p)",-7.38761860374,0.982875184969,85,4.6415,-1217.060031,4.1154,1.66666666667
/home/ccollins/mols/opt/m06hf/m06hf/4fe4fe4fe.log,4fe4fe4fe,---,[],"td m06hf/6-31g(d,p)",-8.56587152481,0.877295015598,91,4.0589,-1148.1942339,4.4306,3.25
/home/ccollins/mols/opt/m06hf/m06hf/4ia4ia4ia.log,4ia4ia4ia,---,[],"td m06hf/6-31g(d,p)",-8.90193211547,1.51186448718,73,0.8927,-812.1208216,5.5474,1.78333333333
/home/ccollins/mols/opt/m06hf/m06hf/12el12el-12el12el.log,12el12el-12el12el,---,[],"td m06hf/6-31g(d,p)",-7.80313643526,0.530077757563,125,3.5150,-1678.7662611,4.0846,5.26666666667
/home/ccollins/mols/opt/m06hf/m06hf/12fi12fi-12fi12fi.log,12fi12fi-12fi12fi,---,[],"td m06hf/6-31g(d,p)",-7.13373639234,1.29961569308,101,6.9142,-1374.2914859,4.1967,2.18333333333
/home/ccollins/mols/opt/m06hf/m06hf/12ll12ll-.log,12ll12ll-,---,[],"td m06hf/6-31g(d,p)",-7.51333519717,2.29310331776,67,0.0004,-916.6562369,5.0683,0.7
/home/ccollins/mols/opt/m06hf/m06hf/12ef.log,12ef,---,[],"td m06hf/6-31g(d,p)",-9.2540474226,2.41310552057,28,1.4105,-381.2787312,4.4303,0.0833333333333
/home/ccollins/mols/opt/m06hf/m06hf/4aa4aa4aa4aa.log,4aa4aa4aa4aa,---,[],"td m06hf/6-31g(d,p)",-8.63580478133,0.954847459594,81,0.0001,-925.2220243,5.2697,1.51666666667
/home/ccollins/mols/opt/m06hf/m06hf/12af12af-12af12af-.log,12af12af-12af12af-,---,[],"td m06hf/6-31g(d,p)",-7.44557885136,0.850355745578,85,4.6197,-1217.069716,4.0780,1.21666666667
/home/ccollins/mols/opt/m06hf/m06hf/4ef4ef4ef4ef-.log,4ef4ef4ef4ef-,---,[],"td m06hf/6-31g(d,p)",-8.45702598938,0.808994442113,121,3.4979,-1530.5313346,4.4279,6.63333333333
/home/ccollins/mols/opt/m06hf/m06hf/4ae4ae4ae4ae.log,4ae4ae4ae4ae,---,[],"td m06hf/6-31g(d,p)",-8.83227097279,0.601643697111,105,1.3500,-1229.7548117,4.3917,4.81666666667
/home/ccollins/mols/opt/m06hf/m06hf/4ia4ia4ia4ia.log,4ia4ia4ia4ia,---,[],"td m06hf/6-31g(d,p)",-8.83390365582,1.41227082226,97,1.1272,-1082.4353102,5.5336,3.4
/home/ccollins/mols/opt/m06hf/m06hf/2.log,2,---,[],"td m06hf/6-31g(d,p)",-10.745231258,3.44087948891,8,0.0001,-78.5569608,8.3496,0.0
/home/ccollins/mols/opt/m06hf/m06hf/4if4if.log,4if4if,---,[],"td m06hf/6-31g(d,p)",-8.71716681907,1.82180214933,57,3.1753,-692.1936999,5.3782,0.75
/home/ccollins/mols/opt/m06hf/m06hf/4al.log,4al,---,[],"td m06hf/6-31g(d,p)",-9.05594854811,2.40984015451,29,1.3836,-346.6752856,5.6703,0.133333333333
/home/ccollins/mols/opt/m06hf/m06hf/4ia4ia.log,4ia4ia,---,[],"td m06hf/6-31g(d,p)",-9.15118839161,1.83404727206,49,0.6028,-541.8064652,5.6438,0.666666666667
/home/ccollins/mols/opt/m06hf/m06hf/22-2-2.log,22-2-2,---,[],"td m06hf/6-31g(d,p)",-8.53648323025,1.04355657097,29,0.0001,-310.7002375,4.9811,0.116666666667
/home/ccollins/mols/opt/m06hf/m06hf/4ea4ea-4ea.log,4ea4ea-4ea,---,[],"td m06hf/6-31g(d,p)",-8.90601382305,0.758381268136,79,1.1662,-922.6107762,4.4005,1.91666666667
/home/ccollins/mols/opt/m06hf/m06hf/2222.log,2222,---,[],"td m06hf/6-31g(d,p)",-8.29811150765,0.840015419712,29,0.0001,-310.707771,4.9566,0.1
/home/ccollins/mols/opt/m06hf/m06hf/4fi4fi-.log,4fi4fi-,---,[],"td m06hf/6-31g(d,p)",-8.87825821151,1.67404433497,57,1.2987,-692.2000321,5.3733,0.716666666667
/home/ccollins/mols/opt/m06hf/m06hf/4fe4fe-.log,4fe4fe-,---,[],"td m06hf/6-31g(d,p)",-8.79390292155,1.07212852402,61,1.1454,-765.8611558,4.4276,0.9
/home/ccollins/mols/opt/m06hf/m06hf/12ef12ef12ef-12ef-.log,12ef12ef12ef-12ef-,---,[],"td m06hf/6-31g(d,p)",-7.69184187528,0.219867981577,109,3.1581,-1521.6079815,3.8040,1.75
/home/ccollins/mols/opt/m06hf/m06hf/12ea12ea12ea.log,12ea12ea12ea,---,[],"td m06hf/6-31g(d,p)",-8.02246018916,0.69225760536,70,0.7651,-915.9307507,4.4002,0.8
/home/ccollins/mols/opt/m06hf/m06hf/4if4if-4if4if-.log,4if4if-4if4if-,---,[],"td m06hf/6-31g(d,p)",-8.65240372548,1.4422033445,113,2.8436,-1383.2193461,5.2823,5.28333333333
/home/ccollins/mols/opt/m06hf/m06hf/4fi.log,4fi,---,[],"td m06hf/6-31g(d,p)",-8.93404154842,2.35324047608,29,1.4623,-346.6863988,5.5535,0.166666666667
/home/ccollins/mols/opt/m06hf/m06hf/12li12li12li-12li-.log,12li12li12li-12li-,---,[],"td m06hf/6-31g(d,p)",-7.35006689402,1.18423942552,117,1.4585,-1531.4639825,4.2404,3.26666666667
/home/ccollins/mols/opt/m06hf/m06hf/12fl12fl12fl-12fl.log,12fl12fl12fl-12fl,---,[],"td m06hf/6-31g(d,p)",-7.52041015697,0.851988428609,117,5.0962,-1674.9957323,4.1316,2.55
/home/ccollins/mols/opt/m06hf/m06hf/12li12li-12li-12li.log,12li12li-12li-12li,---,[],"td m06hf/6-31g(d,p)",-7.2956441263,1.17825292107,117,1.6090,-1531.4625604,4.1889,3.51666666667
/home/ccollins/mols/opt/m06hf/m06hf/12af12af-12af12af.log,12af12af-12af12af,---,[],"td m06hf/6-31g(d,p)",-7.42244917508,0.931989897153,85,3.5349,-1217.0596293,4.1191,1.05
/home/ccollins/mols/opt/m06hf/m06hf/4af4af4af.log,4af4af4af,---,[],"td m06hf/6-31g(d,p)",-8.50845550487,1.16981739208,73,4.6767,-919.7925561,5.1498,1.0
/home/ccollins/mols/opt/m06hf/m06hf/12fa12fa12fa.log,12fa12fa12fa,---,[],"td m06hf/6-31g(d,p)",-7.41319730457,1.44247545834,64,5.6784,-913.0864708,4.4968,0.45
/home/ccollins/mols/opt/m06hf/m06hf/12fl12fl-.log,12fl12fl-,---,[],"td m06hf/6-31g(d,p)",-7.84340928337,1.96520614226,59,3.8261,-838.0694345,5.0646,0.5
/home/ccollins/mols/opt/m06hf/m06hf/12li12li-12li12li.log,12li12li-12li12li,---,[],"td m06hf/6-31g(d,p)",-7.25999721345,1.11757153507,117,1.3442,-1531.4652719,4.1331,4.0
/home/ccollins/mols/opt/m06hf/m06hf/4ii.log,4ii,---,[],"td m06hf/6-31g(d,p)",-9.24370709673,2.5029030873,29,0.0858,-310.7962548,5.7149,0.15
/home/ccollins/mols/opt/m06hf/m06hf/4ae4ae-4ae-4ae.log,4ae4ae-4ae-4ae,---,[],"td m06hf/6-31g(d,p)",-8.80859706883,0.595929306501,105,1.4472,-1229.7550169,4.3988,3.38333333333
/home/ccollins/mols/opt/m06hf/m06hf/4le4le-4le-4le-.log,4le4le-4le-4le-,---,[],"td m06hf/6-31g(d,p)",-8.30219321523,0.897703553492,137,3.7764,-1687.7033506,4.4275,6.41666666667
/home/ccollins/mols/opt/m06hf/m06hf/12ff12ff-12ff12ff.log,12ff12ff-12ff12ff,---,[],"td m06hf/6-31g(d,p)",-7.22217338988,1.07512177625,101,6.2276,-1517.8271424,4.0899,1.56666666667
/home/ccollins/mols/opt/m06hf/m06hf/4fa4fa-4fa-4fa.log,4fa4fa-4fa-4fa,---,[],"td m06hf/6-31g(d,p)",-8.52614290438,0.987229006386,97,2.7078,-1226.0060363,5.0449,2.65
/home/ccollins/mols/opt/m06hf/m06hf/4if4if-.log,4if4if-,---,[],"td m06hf/6-31g(d,p)",-8.72396966503,1.90017093484,57,1.3869,-692.1951542,5.4361,0.7
/home/ccollins/mols/opt/m06hf/m06hf/12ii12ii.log,12ii12ii,---,[],"td m06hf/6-31g(d,p)",-8.30382589826,2.5029030873,51,1.8341,-615.9661212,5.7648,0.516666666667
/home/ccollins/mols/opt/m06hf/m06hf/12il12il12il12il-.log,12il12il12il12il-,---,[],"td m06hf/6-31g(d,p)",-7.47251812138,1.28900325338,117,4.1661,-1531.4614217,4.4077,3.31666666667
/home/ccollins/mols/opt/m06hf/m06hf/12le12le12le12le-.log,12le12le12le12le-,---,[],"td m06hf/6-31g(d,p)",-7.63497008302,0.772531187743,125,4.4618,-1678.7603842,4.1356,4.0
/home/ccollins/mols/opt/m06hf/m06hf/12ff12ff-12ff-12ff-.log,12ff12ff-12ff-12ff-,---,[],"td m06hf/6-31g(d,p)",-7.44748364823,0.753483219042,101,5.1325,-1517.8352209,4.0377,1.13333333333
/home/ccollins/mols/opt/m06hf/m06hf/111111-11.log,111111-11,---,[],"td m06hf/6-31g(d,p)",-11.1006119312,-1.0571622629,29,3.4363,-454.268942,1.3117,0.0666666666667
/home/ccollins/mols/opt/m06hf/m06hf/4ai4ai-.log,4ai4ai-,---,[],"td m06hf/6-31g(d,p)",-9.19581506114,1.88493255988,49,0.5182,-541.8065295,5.6604,0.483333333333
/home/ccollins/mols/opt/m06hf/m06hf/4ie4ie-.log,4ie4ie-,---,[],"td m06hf/6-31g(d,p)",-9.06166293872,1.27893504135,61,1.4303,-694.0766619,4.4282,1.03333333333
/home/ccollins/mols/opt/m06hf/m06hf/4ae4ae-4ae4ae.log,4ae4ae-4ae4ae,---,[],"td m06hf/6-31g(d,p)",-8.80642015812,0.603004266304,105,1.4514,-1229.7552004,4.3984,3.13333333333
/home/ccollins/mols/opt/m06hf/m06hf/4li4li-4li-4li-.log,4li4li-4li-4li-,---,[],"td m06hf/6-31g(d,p)",-8.34654777092,1.61036969675,129,3.9494,-1540.3806294,5.2305,5.51666666667
/home/ccollins/mols/opt/m06hf/m06hf/12lf12lf12lf-12lf-.log,12lf12lf12lf-12lf-,---,[],"td 6-31g(d,p) m06hf",-7.58898284429,0.793211839475,117,3.0421,-1674.9890788,4.1125,2.4
/home/ccollins/mols/opt/m06hf/m06hf/12fi12fi12fi.log,12fi12fi12fi,---,[],"td m06hf/6-31g(d,p)",-7.65429016555,1.73146035492,76,4.9607,-1031.004823,4.8382,1.08333333333
/home/ccollins/mols/opt/m06hf/m06hf/12la12la12la-12la.log,12la12la12la-12la,---,[],"td m06hf/6-31g(d,p)",-7.23550696797,1.12573495023,101,2.4509,-1374.2215813,4.1106,1.98333333333
/home/ccollins/mols/opt/m06hf/m06hf/12ff12ff-12ff-12ff.log,12ff12ff-12ff-12ff,---,[],"td m06hf/6-31g(d,p)",-7.26652794557,0.98831746174,101,0.3485,-1517.8242708,4.0484,1.3
/home/ccollins/mols/opt/m06hf/m06hf/12ff12ff-12ff.log,12ff12ff-12ff,---,[],"td m06hf/6-31g(d,p)",-7.5340158489,1.34451447645,76,3.3074,-1138.6602196,4.4342,0.616666666667
/home/ccollins/mols/opt/m06hf/m06hf/12ai.log,12ai,---,[],"td m06hf/6-31g(d,p)",-9.17078058799,3.52441843735,22,0.9538,-269.2651778,7.0462,0.133333333333
/home/ccollins/mols/opt/m06hf/m06hf/12ea.log,12ea,---,[],"td m06hf/6-31g(d,p)",-9.29595295374,2.45882064545,24,0.3963,-306.094575,4.4633,0.0666666666667
/home/ccollins/mols/opt/m06hf/m06hf/12le12le-12le-12le-.log,12le12le-12le-12le-,---,[],"td m06hf/6-31g(d,p)",-7.66190935304,0.563275645871,125,2.4020,-1678.7639687,4.0360,4.88333333333
/home/ccollins/mols/opt/m06hf/m06hf/4aa4aa-4aa-4aa.log,4aa4aa-4aa-4aa,---,[],"td m06hf/6-31g(d,p)",-8.5960761609,0.926003392704,81,0.0002,-925.2219217,5.2284,1.3
/home/ccollins/mols/opt/m06hf/m06hf/4fe4fe4fe-4fe.log,4fe4fe4fe-4fe,---,[],"td m06hf/6-31g(d,p)",-8.65811811609,0.693346060714,121,2.0551,-1530.5367726,4.4328,7.11666666667
/home/ccollins/mols/opt/m06hf/m06hf/12lf12lf12lf12lf.log,12lf12lf12lf12lf,---,[],"td m06hf/6-31g(d,p)",-7.33428429138,1.08709478515,117,7.6250,-1675.0028789,4.1618,2.66666666667
/home/ccollins/mols/opt/m06hf/m06hf/12lf12lf.log,12lf12lf,---,[],"td m06hf/6-31g(d,p)",-8.04695043463,1.99051272925,59,3.1080,-838.0823999,5.1745,0.466666666667
/home/ccollins/mols/opt/m06hf/m06hf/12fa12fa.log,12fa12fa,---,[],"td m06hf/6-31g(d,p)",-7.94626831436,1.98534256632,43,4.2224,-609.1156782,5.1751,0.316666666667
/home/ccollins/mols/opt/m06hf/m06hf/12ei12ei12ei-12ei-.log,12ei12ei12ei-12ei-,---,[],"td m06hf/6-31g(d,p)",-7.81157196426,0.773347529258,109,1.2721,-1378.0762896,4.3055,3.31666666667
/home/ccollins/mols/opt/m06hf/m06hf/12ei.log,12ei,---,[],"td m06hf/6-31g(d,p)",-9.18465839376,2.48766471234,28,0.7286,-345.4010936,4.4569,0.1
/home/ccollins/mols/opt/m06hf/m06hf/4af4af-4af4af-.log,4af4af-4af4af-,---,[],"td m06hf/6-31g(d,p)",-8.4924007884,0.964643557784,97,2.9860,-1226.0011732,5.0123,2.61666666667
/home/ccollins/mols/opt/m06hf/m06hf/12ei12ei12ei12ei-.log,12ei12ei12ei12ei-,---,[],"td m06hf/6-31g(d,p)",-7.8809609931,0.835933712133,109,0.9832,-1378.0753905,4.3659,4.51666666667
/home/ccollins/mols/opt/m06hf/m06hf/12li12li12li12li-.log,12li12li12li12li-,---,[],"td m06hf/6-31g(d,p)",-7.31605266419,1.18097405946,117,1.5972,-1531.4626865,4.2060,4.03333333333
/home/ccollins/mols/opt/m06hf/m06hf/12if12if-.log,12if12if-,---,[],"td m06hf/6-31g(d,p)",-7.95987400629,1.94044378295,51,2.0560,-687.7360571,5.1151,0.5
/home/ccollins/mols/opt/m06hf/m06hf/12ea12ea12ea12ea.log,12ea12ea12ea12ea,---,[],"td m06hf/6-31g(d,p)",-7.79823838617,0.430484092641,93,0.6426,-1220.84872,4.0898,1.21666666667
/home/ccollins/mols/opt/m06hf/m06hf/12aa12aa12aa12aa.log,12aa12aa12aa12aa,---,[],"td m06hf/6-31g(d,p)",-7.5255803199,1.09933990788,69,0.8562,-916.3083173,4.3273,0.566666666667
/home/ccollins/mols/opt/m06hf/m06hf/4ei4ei.log,4ei4ei,---,[],"td m06hf/6-31g(d,p)",-9.06166293872,1.27893504135,61,1.4303,-694.0766619,4.4282,0.966666666667
/home/ccollins/mols/opt/m06hf/m06hf/12ai12ai-12ai-12ai.log,12ai12ai-12ai-12ai,---,[],"td m06hf/6-31g(d,p)",-7.43632698085,1.23866219324,85,0.4711,-1073.5365388,4.3407,1.6
/home/ccollins/mols/opt/m06hf/m06hf/12ie.log,12ie,---,[],"td m06hf/6-31g(d,p)",-9.18465839376,2.48657625699,28,0.7296,-345.4010941,4.4582,0.1
/home/ccollins/mols/opt/m06hf/m06hf/4ff4ff4ff-4ff.log,4ff4ff4ff-4ff,---,[],"td m06hf/6-31g(d,p)",-8.27743085591,0.89035647985,113,0.7244,-1526.7805483,4.7498,3.26666666667
/home/ccollins/mols/opt/m06hf/m06hf/4fa4fa-.log,4fa4fa-,---,[],"td m06hf/6-31g(d,p)",-9.00778439868,1.47458489129,49,1.5126,-613.5923228,5.4210,0.433333333333
/home/ccollins/mols/opt/m06hf/m06hf/4ea4ea-4ea4ea-.log,4ea4ea-4ea4ea-,---,[],"td m06hf/6-31g(d,p)",-8.80043365367,0.604364835497,105,1.4541,-1229.7553193,4.3979,3.3
/home/ccollins/mols/opt/m06hf/m06hf/4af4af.log,4af4af,---,[],"td m06hf/6-31g(d,p)",-8.79199812468,1.54315757862,49,3.0161,-613.58746,5.3915,0.35
/home/ccollins/mols/opt/m06hf/m06hf/4lf4lf-4lf-4lf-.log,4lf4lf-4lf-4lf-,---,[],"td m06hf/6-31g(d,p)",-7.93184628091,1.08736689899,129,7.6221,-1683.9400134,4.7094,4.16666666667
/home/ccollins/mols/opt/m06hf/m06hf/1111-11-11-.log,1111-11-11-,---,[],"td m06hf/6-31g(d,p)",-11.3996650398,-1.22668918434,29,3.6977,-454.2665969,1.4353,0.0833333333333
/home/ccollins/mols/opt/m06hf/m06hf/4ie4ie-4ie.log,4ie4ie-4ie,---,[],"td m06hf/6-31g(d,p)",-9.00832862635,1.14015698367,91,2.3556,-1040.5260678,4.4219,3.36666666667
/home/ccollins/mols/opt/m06hf/m06hf/12fi12fi-12fi-12fi.log,12fi12fi-12fi-12fi,---,[],"td m06hf/6-31g(d,p)",-7.40258486486,1.29934357924,101,4.5955,-1374.2919897,4.3449,1.83333333333
/home/ccollins/mols/opt/m06hf/m06hf/4ia4ia4ia-4ia-.log,4ia4ia4ia-4ia-,---,[],"td m06hf/6-31g(d,p)",-8.83172674511,1.41036602539,97,1.1342,-1082.4353616,5.5271,4.2
/home/ccollins/mols/opt/m06hf/m06hf/12ei12ei.log,12ei12ei,---,[],"td m06hf/6-31g(d,p)",-8.50029208972,1.52519806527,55,1.2954,-689.6259708,4.4069,0.566666666667
/home/ccollins/mols/opt/m06hf/m06hf/4ii4ii4ii4ii.log,4ii4ii4ii4ii,---,[],"td m06hf/6-31g(d,p)",-9.20044099639,2.07214688082,113,0.0686,-1239.6556039,5.6179,5.15
/home/ccollins/mols/opt/m06hf/m06hf/12la12la.log,12la12la,---,[],"td m06hf/6-31g(d,p)",-8.04667832079,1.99541077834,51,1.3373,-687.696095,5.1722,0.433333333333
/home/ccollins/mols/opt/m06hf/m06hf/1111-1111.log,1111-1111,---,[],"td m06hf/6-31g(d,p)",-11.1008840451,-1.05689014906,29,3.4356,-454.2689421,1.3122,0.0666666666667
/home/ccollins/mols/opt/m06hf/m06hf/12fa12fa-12fa.log,12fa12fa-12fa,---,[],"td m06hf/6-31g(d,p)",-7.55823398053,1.33254146755,64,4.7182,-913.092504,4.4610,0.516666666667
/home/ccollins/mols/opt/m06hf/m06hf/12ia12ia12ia12ia-.log,12ia12ia12ia12ia-,---,[],"td m06hf/6-31g(d,p)",-7.47877673967,1.31920788946,85,1.6244,-1073.533698,4.4306,1.63333333333
/home/ccollins/mols/opt/m06hf/m06hf/12fl12fl-12fl12fl-.log,12fl12fl-12fl12fl-,---,[],"td m06hf/6-31g(d,p)",-7.35061112169,0.95375900424,117,5.6110,-1674.9916482,4.0465,2.45
/home/ccollins/mols/opt/m06hf/m06hf/12af12af.log,12af12af,---,[],"td m06hf/6-31g(d,p)",-8.17348336957,1.86098654208,43,1.4669,-609.1133868,5.2145,0.183333333333
/home/ccollins/mols/opt/m06hf/m06hf/12ae12ae-12ae12ae.log,12ae12ae-12ae12ae,---,[],"td m06hf/6-31g(d,p)",-7.806946029,0.429667751126,93,0.7673,-1220.8490354,4.0652,1.36666666667
/home/ccollins/mols/opt/m06hf/m06hf/4fi4fi4fi.log,4fi4fi4fi,---,[],"td m06hf/6-31g(d,p)",-8.51689103387,1.46560513462,85,5.0332,-1037.7011865,5.2101,1.8
/home/ccollins/mols/opt/m06hf/m06hf/12ll12ll-12ll.log,12ll12ll-12ll,---,[],"td m06hf/6-31g(d,p)",-8.15334694552,1.73336515179,100,3.1939,-1374.4070529,5.1270,2.05
/home/ccollins/mols/opt/m06hf/m06hf/4lf4lf-.log,4lf4lf-,---,[],"td m06hf/6-31g(d,p)",-8.29947207684,1.87949028311,65,2.7695,-842.5544774,5.1536,0.916666666667
/home/ccollins/mols/opt/m06hf/m06hf/4if4if-4if.log,4if4if-4if,---,[],"td m06hf/6-31g(d,p)",-8.67308437722,1.57553912541,85,2.7412,-1037.7105551,5.2977,1.73333333333
/home/ccollins/mols/opt/m06hf/m06hf/12el12el-.log,12el12el-,---,[],"td m06hf/6-31g(d,p)",-7.99552091914,1.40383529326,63,2.0971,-839.969067,4.7970,0.616666666667
/home/ccollins/mols/opt/m06hf/m06hf/12fl12fl-12fl-12fl.log,12fl12fl-12fl-12fl,---,[],"td m06hf/6-31g(d,p)",-7.29373932943,1.04682193704,117,4.4616,-1674.9953374,4.0843,2.65
/home/ccollins/mols/opt/m06hf/m06hf/4fa4fa-4fa.log,4fa4fa-4fa,---,[],"td m06hf/6-31g(d,p)",-8.6115866497,1.22233536292,73,2.4847,-919.7967683,5.1603,0.95
/home/ccollins/mols/opt/m06hf/m06hf/12el12el.log,12el12el,---,[],"td m06hf/6-31g(d,p)",-8.45811444473,1.31648675107,63,2.1496,-839.9706929,4.3663,0.65
/home/ccollins/mols/opt/m06hf/m06hf/4aa4aa-4aa-4aa-.log,4aa4aa-4aa-4aa-,---,[],"td m06hf/6-31g(d,p)",-8.5960761609,0.925731278866,81,0.0002,-925.2219217,5.2281,1.25
/home/ccollins/mols/opt/m06hf/m06hf/12al12al-12al-12al.log,12al12al-12al-12al,---,[],"td m06hf/6-31g(d,p)",-7.26625583173,1.18777690542,101,3.0084,-1374.2203472,4.1483,1.86666666667
/home/ccollins/mols/opt/m06hf/m06hf/12af12af-12af.log,12af12af-12af,---,[],"td m06hf/6-31g(d,p)",-7.66190935304,1.22043056605,64,2.3818,-913.091805,4.4380,0.566666666667
/home/ccollins/mols/opt/m06hf/m06hf/12ea12ea.log,12ea12ea,---,[],"td m06hf/6-31g(d,p)",-8.43634533765,1.18070194562,47,0.6782,-611.0126584,4.3934,0.35
/home/ccollins/mols/opt/m06hf/m06hf/12il12il-12il.log,12il12il-12il,---,[],"td m06hf/6-31g(d,p)",-7.55714552518,1.39186228436,88,4.3001,-1148.8887753,4.4906,1.58333333333
/home/ccollins/mols/opt/m06hf/m06hf/12le12le-12le12le-.log,12le12le-12le12le-,---,[],"td m06hf/6-31g(d,p)",-7.65646707626,0.47102905459,125,1.9853,-1678.7682168,3.9546,4.98333333333
/home/ccollins/mols/opt/m06hf/m06hf/4ef4ef-4ef-4ef.log,4ef4ef-4ef-4ef,---,[],"td m06hf/6-31g(d,p)",-8.57349071229,0.674842319691,121,3.2765,-1530.5409357,4.4203,6.58333333333
/home/ccollins/mols/opt/m06hf/m06hf/12fl12fl12fl12fl.log,12fl12fl12fl12fl,---,[],"td m06hf/6-31g(d,p)",-7.44394616833,0.955119573433,117,7.9507,-1675.005257,4.1471,2.61666666667
/home/ccollins/mols/opt/m06hf/m06hf/4aa4aa4aa.log,4aa4aa4aa,---,[],"td m06hf/6-31g(d,p)",-8.74655511363,1.14151755286,61,0.0001,-694.2104768,5.4654,0.616666666667
/home/ccollins/mols/opt/m06hf/m06hf/12ae12ae.log,12ae12ae,---,[],"td m06hf/6-31g(d,p)",-8.43661745149,1.18042983178,47,0.6779,-611.0126584,4.3933,0.35
/home/ccollins/mols/opt/m06hf/m06hf/4ia4ia-.log,4ia4ia-,---,[],"td m06hf/6-31g(d,p)",-9.19608717498,1.88493255988,49,0.5182,-541.8065295,5.6604,0.55
/home/ccollins/mols/opt/m06hf/m06hf/12ll12ll-12ll-12ll-.log,12ll12ll-12ll-12ll-,---,[],"td m06hf/6-31g(d,p)",-7.72422342207,1.59839668785,133,3.8278,-1832.146835,4.7393,2.83333333333
/home/ccollins/mols/opt/m06hf/m06hf/4ea4ea-.log,4ea4ea-,---,[],"td m06hf/6-31g(d,p)",-9.12016741401,1.0585228321,53,0.7347,-615.4666646,4.4038,0.65
/home/ccollins/mols/opt/m06hf/m06hf/111111-.log,111111-,---,[],"td m06hf/6-31g(d,p)",-11.2842887723,-0.735251591856,22,2.1985,-340.9993225,1.4748,0.0333333333333
/home/ccollins/mols/opt/m06hf/m06hf/12ae12ae-12ae-12ae-.log,12ae12ae-12ae-12ae-,---,[],"td m06hf/6-31g(d,p)",-7.81102773658,0.43456580022,93,0.4021,-1220.8487376,4.0586,1.26666666667
/home/ccollins/mols/opt/m06hf/m06hf/4le4le-.log,4le4le-,---,[],"td m06hf/6-31g(d,p)",-8.62192697556,1.41852944054,69,2.0792,-844.4419362,4.4459,1.33333333333
/home/ccollins/mols/opt/m06hf/m06hf/4fe4fe4fe4fe-.log,4fe4fe4fe4fe-,---,[],"td m06hf/6-31g(d,p)",-8.65213161165,0.551574750812,121,2.7027,-1530.5379809,4.4323,6.13333333333
/home/ccollins/mols/opt/m06hf/m06hf/12al12al12al.log,12al12al12al,---,[],"td m06hf/6-31g(d,p)",-7.22598298362,1.48084350958,76,5.6504,-1030.9675612,4.3918,0.883333333333
/home/ccollins/mols/opt/m06hf/m06hf/12el12el-12el.log,12el12el-12el,---,[],"td m06hf/6-31g(d,p)",-7.93620010233,0.675114433529,94,1.6065,-1259.3688923,4.2557,2.56666666667
/home/ccollins/mols/opt/m06hf/m06hf/12fl12fl-12fl12fl.log,12fl12fl-12fl12fl,---,[],"td m06hf/6-31g(d,p)",-7.82626611154,1.39022960133,117,7.5381,-1674.980918,4.7327,2.45
/home/ccollins/mols/opt/m06hf/m06hf/12ff12ff12ff12ff.log,12ff12ff12ff12ff,---,[],"td m06hf/6-31g(d,p)",-7.21591477159,1.0155288456,101,7.7246,-1517.8327896,4.0836,1.61666666667
/home/ccollins/mols/opt/m06hf/m06hf/12fi.log,12fi,---,[],"td m06hf/6-31g(d,p)",-8.93893959751,3.48332924773,26,2.4533,-344.4509503,6.7547,0.1
/home/ccollins/mols/opt/m06hf/m06hf/12ef12ef-12ef12ef.log,12ef12ef-12ef12ef,---,[],"td m06hf/6-31g(d,p)",-7.58925495813,0.363271974511,109,3.5942,-1521.6094696,3.7933,1.96666666667
/home/ccollins/mols/opt/m06hf/m06hf/4if4if4if.log,4if4if4if,---,[],"td m06hf/6-31g(d,p)",-8.51825160306,1.46805415917,85,5.0354,-1037.7011887,5.2115,1.75
/home/ccollins/mols/opt/m06hf/m06hf/4ff4ff-4ff-4ff.log,4ff4ff-4ff-4ff,---,[],"td m06hf/6-31g(d,p)",-8.47117590899,0.876750787921,113,1.2448,-1526.7899812,4.7548,3.51666666667
/home/ccollins/mols/opt/m06hf/m06hf/4ai4ai4ai-4ai.log,4ai4ai4ai-4ai,---,[],"td m06hf/6-31g(d,p)",-8.77104535911,1.338527972,97,1.2240,-1082.4354089,5.5046,3.36666666667
/home/ccollins/mols/opt/m06hf/m06hf/12ae12ae12ae-12ae.log,12ae12ae12ae-12ae,---,[],"td m06hf/6-31g(d,p)",-7.82653822538,0.400551570397,93,0.9836,-1220.849277,4.0737,1.4
/home/ccollins/mols/opt/m06hf/m06hf/12ll12ll.log,12ll12ll,---,[],"td m06hf/6-31g(d,p)",-8.4804277795,2.41256129289,67,4.0990,-916.6616222,5.7099,0.966666666667
/home/ccollins/mols/opt/m06hf/m06hf/1111-.log,1111-,---,[],"td m06hf/6-31g(d,p)",-11.6127301754,0.208439200356,15,0.0012,-227.7290458,2.0630,0.0166666666667
/home/ccollins/mols/opt/m06hf/m06hf/4ia4ia4ia-4ia.log,4ia4ia4ia-4ia,---,[],"td m06hf/6-31g(d,p)",-8.74682722747,1.31349349885,97,1.1230,-1082.4352545,5.4922,3.73333333333
/home/ccollins/mols/opt/m06hf/m06hf/12if12if-12if.log,12if12if-12if,---,[],"td m06hf/6-31g(d,p)",-7.45727974642,1.43540049854,76,1.8094,-1031.0130153,4.4315,1.15
/home/ccollins/mols/opt/m06hf/m06hf/12lf12lf12lf-12lf.log,12lf12lf12lf-12lf,---,[],"td m06hf/6-31g(d,p)",-7.33591697441,1.01933843934,117,4.2571,-1674.9956521,4.0906,2.8
/home/ccollins/mols/opt/m06hf/m06hf/4ee.log,4ee,---,[],"td m06hf/6-31g(d,p)",-9.17350172637,0.75185053601,33,0.0003,-384.4566753,4.4137,0.133333333333
/home/ccollins/mols/opt/m06hf/m06hf/12fi12fi12fi12fi-.log,12fi12fi12fi12fi-,---,[],"td m06hf/6-31g(d,p)",-7.37020331807,1.26424089407,101,4.8569,-1374.2912772,4.2937,1.9
/home/ccollins/mols/opt/m06hf/m06hf/12if12if-12if-12if.log,12if12if-12if-12if,---,[],"td m06hf/6-31g(d,p)",-7.17128810207,1.17335487198,101,3.5338,-1374.291339,4.0927,2.4
/home/ccollins/mols/opt/m06hf/m06hf/4aa4aa-4aa4aa.log,4aa4aa-4aa4aa,---,[],"td m06hf/6-31g(d,p)",-8.63580478133,0.954575345756,81,0.0003,-925.2220243,5.2696,1.43333333333
/home/ccollins/mols/opt/m06hf/m06hf/12fl12fl12fl.log,12fl12fl12fl,---,[],"td m06hf/6-31g(d,p)",-7.69048130609,1.22151902141,88,6.0060,-1256.5452271,4.4683,1.28333333333
/home/ccollins/mols/opt/m06hf/m06hf/12aa12aa12aa-12aa.log,12aa12aa12aa-12aa,---,[],"td m06hf/6-31g(d,p)",-7.58435690904,1.03974697723,69,0.9937,-916.3156521,4.3211,0.816666666667
/home/ccollins/mols/opt/m06hf/m06hf/12ia12ia12ia.log,12ia12ia12ia,---,[],"td m06hf/6-31g(d,p)",-7.85810343066,1.70288840186,64,1.5799,-805.4419294,4.9464,0.7
/home/ccollins/mols/opt/m06hf/m06hf/12lf12lf-12lf12lf-.log,12lf12lf-12lf12lf-,---,[],"td m06hf/6-31g(d,p)",-7.34353616189,0.925459165027,117,4.9760,-1674.989438,4.0363,2.78333333333
/home/ccollins/mols/opt/m06hf/m06hf/4ie4ie-4ie-4ie-.log,4ie4ie-4ie-4ie-,---,[],"td m06hf/6-31g(d,p)",-8.97866821795,1.08655055747,121,2.7949,-1386.9760202,4.4262,7.15
/home/ccollins/mols/opt/m06hf/m06hf/12ea12ea12ea-12ea-.log,12ea12ea12ea-12ea-,---,[],"td m06hf/6-31g(d,p)",-7.80232009375,0.433205231027,93,0.6871,-1220.8484743,4.0878,1.2
/home/ccollins/mols/opt/m06hf/m06hf/4ff4ff-4ff-4ff-.log,4ff4ff-4ff-4ff-,---,[],"td m06hf/6-31g(d,p)",-8.62247120324,0.709400777191,113,1.5034,-1526.7904134,4.7029,3.15
/home/ccollins/mols/opt/m06hf/m06hf/12fe12fe-12fe12fe.log,12fe12fe-12fe12fe,---,[],"td m06hf/6-31g(d,p)",-7.46190568168,0.469668485398,109,6.1681,-1521.6026536,3.8381,2.21666666667
/home/ccollins/mols/opt/m06hf/m06hf/4if.log,4if,---,[],"td m06hf/6-31g(d,p)",-8.93431366226,2.35324047608,29,1.4621,-346.6863988,5.5535,0.166666666667
/home/ccollins/mols/opt/m06hf/m06hf/12la12la-12la.log,12la12la-12la,---,[],"td m06hf/6-31g(d,p)",-7.46680373077,1.35131732241,76,1.6703,-1030.9666511,4.3898,1.0
/home/ccollins/mols/opt/m06hf/m06hf/12ee12ee12ee-12ee-.log,12ee12ee12ee-12ee-,---,[],"td m06hf/6-31g(d,p)",-8.13212206611,0.165173100021,117,0.0733,-1525.3705753,4.1230,5.73333333333
/home/ccollins/mols/opt/m06hf/m06hf/12ea12ea12ea12ea-.log,12ea12ea12ea12ea-,---,[],"td m06hf/6-31g(d,p)",-7.81483733032,0.435926369413,93,0.4366,-1220.8487449,4.0607,1.21666666667
/home/ccollins/mols/opt/m06hf/m06hf/12ia12ia-12ia-12ia-.log,12ia12ia-12ia-12ia-,---,[],"td m06hf/6-31g(d,p)",-7.50163430211,1.32873187381,85,1.0760,-1073.5332404,4.4659,1.56666666667
/home/ccollins/mols/opt/m06hf/m06hf/12fl12fl.log,12fl12fl,---,[],"td m06hf/6-31g(d,p)",-7.66925642668,2.13636574673,59,4.5193,-838.0541834,5.0745,0.4
/home/ccollins/mols/opt/m06hf/m06hf/12ef12ef-12ef-12ef-.log,12ef12ef-12ef-12ef-,---,[],"td 6-31g(d,p) m06hf",-7.68993707841,0.334700021459,109,5.2043,-1521.6039719,3.8989,2.35
/home/ccollins/mols/opt/m06hf/m06hf/4la4la-4la-4la-.log,4la4la-4la-4la-,---,[],"td m06hf/6-31g(d,p)",-8.16259881603,1.13525893458,113,3.9091,-1383.1667558,4.9730,4.45
/home/ccollins/mols/opt/m06hf/m06hf/12if12if-12if12if.log,12if12if-12if12if,---,[],"td m06hf/6-31g(d,p)",-7.33809388512,1.20192682503,101,2.5473,-1374.2928841,4.2002,2.13333333333
/home/ccollins/mols/opt/m06hf/m06hf/4if4if4if-4if.log,4if4if4if-4if,---,[],"td m06hf/6-31g(d,p)",-8.52396599367,1.43893797844,113,4.5571,-1383.2180936,5.2226,4.68333333333
/home/ccollins/mols/opt/m06hf/m06hf/12ei12ei-.log,12ei12ei-,---,[],"td m06hf/6-31g(d,p)",-8.19117076908,1.29934357924,55,0.7822,-689.6261833,4.3827,0.616666666667
/home/ccollins/mols/opt/m06hf/m06hf/4ea4ea4ea.log,4ea4ea4ea,---,[],"td m06hf/6-31g(d,p)",-8.94138862206,0.749129397624,79,1.1395,-922.6107292,4.3960,1.85
/home/ccollins/mols/opt/m06hf/m06hf/12ai12ai-12ai12ai-.log,12ai12ai-12ai12ai-,---,[],"td m06hf/6-31g(d,p)",-7.35088323553,1.15566747247,85,0.4822,-1073.5389896,4.2211,1.58333333333
/home/ccollins/mols/opt/m06hf/m06hf/12aa12aa-12aa.log,12aa12aa-12aa,---,[],"td m06hf/6-31g(d,p)",-7.84177660034,1.3336299229,52,0.7057,-687.5325126,4.6707,0.366666666667
/home/ccollins/mols/opt/m06hf/m06hf/4aa.log,4aa,---,[],"td m06hf/6-31g(d,p)",-9.86331030719,2.46453503606,21,0.0000,-232.187774,5.8891,0.0833333333333
/home/ccollins/mols/opt/m06hf/m06hf/12af12af12af.log,12af12af12af,---,[],"td m06hf/6-31g(d,p)",-7.75061846441,1.24981886062,64,1.7787,-913.0809949,4.5549,0.616666666667
/home/ccollins/mols/opt/m06hf/m06hf/12ie12ie-12ie-12ie.log,12ie12ie-12ie-12ie,---,[],"td m06hf/6-31g(d,p)",-7.72857724349,0.724094924474,109,1.3379,-1378.0773081,4.1873,4.26666666667
/home/ccollins/mols/opt/m06hf/m06hf/4fa4fa-4fa4fa.log,4fa4fa-4fa4fa,---,[],"td m06hf/6-31g(d,p)",-8.38355525296,1.03376047278,97,4.0176,-1226.0020867,4.9933,2.28333333333
/home/ccollins/mols/opt/m06hf/m06hf/12fa12fa12fa-12fa-.log,12fa12fa12fa-12fa-,---,[],"td m06hf/6-31g(d,p)",-7.58653381975,0.865049892861,85,4.2739,-1217.0664555,4.1785,1.53333333333
/home/ccollins/mols/opt/m06hf/m06hf/4ff.log,4ff,---,[],"td m06hf/6-31g(d,p)",-8.68750641066,2.17691070868,29,0.0001,-382.5746887,5.3174,0.116666666667
/home/ccollins/mols/opt/m06hf/m06hf/4af4af4af4af-.log,4af4af4af4af-,---,[],"td m06hf/6-31g(d,p)",-8.30355378442,1.00410006438,97,4.4322,-1225.997235,4.9706,2.33333333333
/home/ccollins/mols/opt/m06hf/m06hf/12ii12ii-12ii-12ii-.log,12ii12ii-12ii-12ii-,---,[],"td m06hf/6-31g(d,p)",-7.60966349603,1.73663051785,101,1.5736,-1230.7589149,4.7997,2.33333333333
/home/ccollins/mols/opt/m06hf/m06hf/12le12le12le.log,12le12le12le,---,[],"td 6-31g(d,p) m06hf",-7.99660937449,0.797565660892,94,3.6136,-1259.3657614,4.3266,1.9
/home/ccollins/mols/opt/m06hf/m06hf/4ei4ei4ei-4ei.log,4ei4ei4ei-4ei,---,[],"td m06hf/6-31g(d,p)",-8.99118545452,1.12791186093,121,3.0659,-1386.9755406,4.4226,5.41666666667
/home/ccollins/mols/opt/m06hf/m06hf/12ie12ie.log,12ie12ie,---,[],"td m06hf/6-31g(d,p)",-8.50029208972,1.52519806527,55,1.2954,-689.6259709,4.4069,0.533333333333
/home/ccollins/mols/opt/m06hf/m06hf/4af4af4af-4af-.log,4af4af4af-4af-,---,[],"td m06hf/6-31g(d,p)",-8.32396232231,1.05797860442,97,2.5579,-1226.0013452,4.9750,2.25
/home/ccollins/mols/opt/m06hf/m06hf/4ll.log,4ll,---,[],"td m06hf/6-31g(d,p)",-8.47172013666,2.30262730211,37,0.0000,-461.1603127,5.3241,0.2
/home/ccollins/mols/opt/m06hf/m06hf/12if12if12if12if.log,12if12if12if12if,---,[],"td m06hf/6-31g(d,p)",-7.98844595934,1.46370033775,101,2.4375,-1374.2908214,4.8138,2.43333333333
/home/ccollins/mols/opt/m06hf/m06hf/4ei4ei-.log,4ei4ei-,---,[],"td m06hf/6-31g(d,p)",-9.06166293872,1.27866292751,61,1.4299,-694.0766619,4.4282,0.916666666667
/home/ccollins/mols/opt/m06hf/m06hf/12ae12ae12ae-12ae-.log,12ae12ae12ae-12ae-,---,[],"td m06hf/6-31g(d,p)",-7.80232009375,0.433205231027,93,0.6873,-1220.8484743,4.0878,1.16666666667
/home/ccollins/mols/opt/m06hf/m06hf/4fl.log,4fl,---,[],"td m06hf/6-31g(d,p)",-8.59145022564,2.25963331561,33,2.7425,-421.867477,5.3423,0.166666666667
/home/ccollins/mols/opt/m06hf/m06hf/12ll12ll-12ll12ll-.log,12ll12ll-12ll12ll-,---,[],"td m06hf/6-31g(d,p)",-7.42598665498,1.04001909107,133,3.3909,-1832.1534434,4.1840,4.68333333333
/home/ccollins/mols/opt/m06hf/m06hf/12el12el12el12el.log,12el12el12el12el,---,[],"td m06hf/6-31g(d,p)",-7.85374960924,0.702325817388,125,3.9567,-1678.7615453,4.2815,4.81666666667
/home/ccollins/mols/opt/m06hf/m06hf/22-.log,22-,---,[],"td m06hf/6-31g(d,p)",-9.421941661,1.82942133681,15,0.0097,-155.9343979,5.9396,0.0333333333333
/home/ccollins/mols/opt/m06hf/m06hf/4fa4fa4fa4fa.log,4fa4fa4fa4fa,---,[],"td m06hf/6-31g(d,p)",-8.33049305444,0.950493638177,97,6.4480,-1225.9980236,4.9704,2.45
/home/ccollins/mols/opt/m06hf/m06hf/12il12il.log,12il12il,---,[],"td m06hf/6-31g(d,p)",-8.25158004125,2.09065062185,59,2.9376,-766.3157602,5.4230,0.766666666667
/home/ccollins/mols/opt/m06hf/m06hf/12fi12fi-.log,12fi12fi-,---,[],"td m06hf/6-31g(d,p)",-7.95987400629,1.94044378295,51,2.0560,-687.7360571,5.1151,0.533333333333
/home/ccollins/mols/opt/m06hf/m06hf/4af4af-4af-4af.log,4af4af-4af-4af,---,[],"td m06hf/6-31g(d,p)",-8.52614290438,0.987501120225,97,2.7078,-1226.0060363,5.0449,2.65
/home/ccollins/mols/opt/m06hf/m06hf/12ie12ie-12ie-12ie-.log,12ie12ie-12ie-12ie-,---,[],"td m06hf/6-31g(d,p)",-7.87796774087,0.834301029101,109,0.9735,-1378.0754004,4.3621,4.93333333333
/home/ccollins/mols/opt/m06hf/m06hf/4le.log,4le,---,[],"td m06hf/6-31g(d,p)",-8.80397113358,1.76928417848,35,1.8594,-422.8104804,4.4849,0.183333333333
/home/ccollins/mols/opt/m06hf/m06hf/12if12if.log,12if12if,---,[],"td m06hf/6-31g(d,p)",-8.31988061473,2.22561908579,51,1.2784,-687.7317585,5.5176,0.416666666667
/home/ccollins/mols/opt/m06hf/m06hf/12ei12ei-12ei-12ei.log,12ei12ei-12ei-12ei,---,[],"td m06hf/6-31g(d,p)",-7.72667244662,0.720829558411,109,1.3428,-1378.0773148,4.1838,3.61666666667
/home/ccollins/mols/opt/m06hf/m06hf/4ea4ea4ea4ea-.log,4ea4ea4ea4ea-,---,[],"td m06hf/6-31g(d,p)",-8.80723649964,0.593480281954,105,1.5379,-1229.7549826,4.3975,4.38333333333
/home/ccollins/mols/opt/m06hf/m06hf/12aa12aa.log,12aa12aa,---,[],"td m06hf/6-31g(d,p)",-8.26899532692,1.92874288789,35,1.0320,-458.7432958,5.3489,0.15
/home/ccollins/mols/opt/m06hf/m06hf/1111-1111-.log,1111-1111-,---,[],"td m06hf/6-31g(d,p)",-11.1547625851,-0.525996049985,29,0.5364,-454.2744177,1.7769,0.0666666666667
/home/ccollins/mols/opt/m06hf/m06hf/12la12la-.log,12la12la-,---,[],"td m06hf/6-31g(d,p)",-7.84803521863,2.05255468445,51,2.0906,-687.7040379,5.1470,0.45
/home/ccollins/mols/opt/m06hf/m06hf/4af4af-4af.log,4af4af-4af,---,[],"td m06hf/6-31g(d,p)",-8.6115866497,1.22233536292,73,2.4847,-919.7967683,5.1603,0.983333333333
/home/ccollins/mols/opt/m06hf/m06hf/12fa12fa-12fa12fa-.log,12fa12fa-12fa12fa-,---,[],"td m06hf/6-31g(d,p)",-7.44557885136,0.850355745578,85,4.6197,-1217.069716,4.0780,1.08333333333
/home/ccollins/mols/opt/m06hf/m06hf/4ei4ei-4ei.log,4ei4ei-4ei,---,[],"td m06hf/6-31g(d,p)",-9.00996130939,1.15485113095,91,2.3253,-1040.5260765,4.4217,3.11666666667
/home/ccollins/mols/opt/m06hf/m06hf/12al12al12al12al.log,12al12al12al12al,---,[],"td m06hf/6-31g(d,p)",-6.90624922329,1.21743731383,101,6.2787,-1374.232167,4.0181,2.08333333333
/home/ccollins/mols/opt/m06hf/m06hf/12le12le-12le.log,12le12le-12le,---,[],"td m06hf/6-31g(d,p)",-7.84912367398,0.93062932796,94,2.6279,-1259.366391,4.3113,2.65
/home/ccollins/mols/opt/m06hf/m06hf/12ie12ie12ie-12ie.log,12ie12ie12ie-12ie,---,[],"td m06hf/6-31g(d,p)",-7.69374667215,0.672121181305,109,1.8594,-1378.0784596,4.1430,3.68333333333
/home/ccollins/mols/opt/m06hf/m06hf/4af4af4af4af.log,4af4af4af4af,---,[],"td m06hf/6-31g(d,p)",-8.33049305444,0.950221524339,97,6.4484,-1225.9980244,4.9702,2.43333333333
/home/ccollins/mols/opt/m06hf/m06hf/12ie12ie-12ie.log,12ie12ie-12ie,---,[],"td m06hf/6-31g(d,p)",-7.81973537941,0.854981680834,82,1.2729,-1033.852993,4.3181,1.71666666667
/home/ccollins/mols/opt/m06hf/m06hf/4ae4ae-.log,4ae4ae-,---,[],"td m06hf/6-31g(d,p)",-9.12016741401,1.0585228321,53,0.7350,-615.4666646,4.4038,0.666666666667
/home/ccollins/mols/opt/m06hf/m06hf/12ai12ai-.log,12ai12ai-,---,[],"td m06hf/6-31g(d,p)",-8.07552238768,2.06779305941,43,0.1987,-537.3560398,5.3180,0.3
/home/ccollins/mols/opt/m06hf/m06hf/12el12el12el12el-.log,12el12el12el12el-,---,[],"td m06hf/6-31g(d,p)",-7.72286285288,0.660964513923,125,1.7836,-1678.7643642,4.1432,4.75
/home/ccollins/mols/opt/m06hf/m06hf/12ia.log,12ia,---,[],"td m06hf/6-31g(d,p)",-9.17078058799,3.52441843735,22,0.9538,-269.2651778,7.0462,0.116666666667
/home/ccollins/mols/opt/m06hf/m06hf/12al12al12al-12al-.log,12al12al12al-12al-,---,[],"td m06hf/6-31g(d,p)",-7.06026565592,1.26913894316,101,4.5811,-1374.2235712,4.1252,1.98333333333
/home/ccollins/mols/opt/m06hf/m06hf/12el12el12el.log,12el12el12el,---,[],"td m06hf/6-31g(d,p)",-8.08613482739,0.90178526107,94,3.1909,-1259.3673418,4.3533,2.41666666667
/home/ccollins/mols/opt/m06hf/m06hf/12ai12ai12ai-12ai.log,12ai12ai12ai-12ai,---,[],"td m06hf/6-31g(d,p)",-7.41891169518,1.22587284283,85,1.4445,-1073.5363651,4.3233,1.36666666667
/home/ccollins/mols/opt/m06hf/m06hf/12ll12ll12ll12ll.log,12ll12ll12ll12ll,---,[],"td 6-31g(d,p) m06hf",-8.06055612656,1.73037189956,133,3.9507,-1832.1474278,5.0393,2.95
/home/ccollins/mols/opt/m06hf/m06hf/12il12il-12il-12il.log,12il12il-12il-12il,---,[],"td m06hf/6-31g(d,p)",-7.34788998331,1.1502251957,117,3.0416,-1531.459819,4.2002,3.43333333333
/home/ccollins/mols/opt/m06hf/m06hf/12fe12fe-12fe.log,12fe12fe-12fe,---,[],"td 6-31g(d,p) m06hf",-7.77265968534,0.687087442427,82,4.2714,-1141.4976067,4.1438,1.66666666667
/home/ccollins/mols/opt/m06hf/m06hf/12ia12ia12ia12ia.log,12ia12ia12ia12ia,---,[],"td m06hf/6-31g(d,p)",-7.56911853408,1.40655643165,85,1.2665,-1073.530114,4.5639,1.53333333333
/home/ccollins/mols/opt/m06hf/m06hf/12fe12fe12fe-12fe.log,12fe12fe12fe-12fe,---,[],"td m06hf/6-31g(d,p)",-7.54816576851,0.369530592798,109,6.2296,-1521.6043481,3.8050,2.06666666667
/home/ccollins/mols/opt/m06hf/m06hf/4ea4ea4ea-4ea-.log,4ea4ea4ea-4ea-,---,[],"td m06hf/6-31g(d,p)",-8.82084219157,0.609807112269,105,1.3757,-1229.7548595,4.3958,4.55
/home/ccollins/mols/opt/m06hf/m06hf/22-22-.log,22-22-,---,[],"td m06hf/6-31g(d,p)",-8.75281373192,1.3540384608,29,0.0384,-310.6953554,5.1736,0.116666666667
/home/ccollins/mols/opt/m06hf/m06hf/12ai12ai12ai12ai-.log,12ai12ai12ai12ai-,---,[],"td m06hf/6-31g(d,p)",-7.50163430211,1.32900398765,85,1.0761,-1073.5332404,4.4662,1.53333333333
/home/ccollins/mols/opt/m06hf/m06hf/12ae12ae12ae12ae-.log,12ae12ae12ae12ae-,---,[],"td m06hf/6-31g(d,p)",-7.81075562274,0.406265961007,93,0.9294,-1220.8486971,4.0756,1.18333333333
/home/ccollins/mols/opt/m06hf/m06hf/12ee12ee-12ee12ee.log,12ee12ee-12ee12ee,---,[],"td m06hf/6-31g(d,p)",-8.06327726495,0.139594399194,117,0.4849,-1525.3732223,4.0359,4.95
/home/ccollins/mols/opt/m06hf/m06hf/12if12if12if12if-.log,12if12if12if12if-,---,[],"td m06hf/6-31g(d,p)",-7.76748952241,1.20655276029,101,1.6737,-1374.2960135,4.5182,1.96666666667
/home/ccollins/mols/opt/m06hf/m06hf/12ai12ai12ai12ai.log,12ai12ai12ai12ai,---,[],"td m06hf/6-31g(d,p)",-7.57020698943,1.40737277316,85,1.2659,-1073.5301141,4.5651,1.5
/home/ccollins/mols/opt/m06hf/m06hf/12ia12ia-12ia-12ia.log,12ia12ia-12ia-12ia,---,[],"td m06hf/6-31g(d,p)",-7.43632698085,1.23866219324,85,0.4711,-1073.5365388,4.3407,1.53333333333
/home/ccollins/mols/opt/m06hf/m06hf/4ff4ff-4ff4ff.log,4ff4ff-4ff4ff,---,[],"td m06hf/6-31g(d,p)",-8.27743085591,0.904506399456,113,0.8622,-1526.7805768,4.7501,3.35
/home/ccollins/mols/opt/m06hf/m06hf/12ea12ea-12ea12ea-.log,12ea12ea-12ea12ea-,---,[],"td m06hf/6-31g(d,p)",-7.82789879457,0.399191001204,93,0.8026,-1220.8497901,4.0506,1.21666666667
/home/ccollins/mols/opt/m06hf/m06hf/12ia12ia12ia-12ia-.log,12ia12ia12ia-12ia-,---,[],"td m06hf/6-31g(d,p)",-7.45102112813,1.29771089621,85,0.6906,-1073.5342174,4.4095,1.41666666667
/home/ccollins/mols/opt/m06hf/m06hf/4fi4fi-4fi4fi.log,4fi4fi-4fi4fi,---,[],"td m06hf/6-31g(d,p)",-8.52396599367,1.43893797844,113,4.5573,-1383.2180936,5.2227,4.6
/home/ccollins/mols/opt/m06hf/m06hf/12fa12fa-.log,12fa12fa-,---,[],"td m06hf/6-31g(d,p)",-8.14219027814,1.76819572312,43,2.0511,-609.1226548,5.1059,0.25
/home/ccollins/mols/opt/m06hf/m06hf/12el12el-12el-12el-.log,12el12el-12el-12el-,---,[],"td m06hf/6-31g(d,p)",-7.63469796918,0.771986960065,125,4.4597,-1678.7603842,4.1352,4.16666666667
/home/ccollins/mols/opt/m06hf/m06hf/12aa12aa-12aa12aa.log,12aa12aa-12aa12aa,---,[],"td m06hf/6-31g(d,p)",-7.58435690904,1.03974697723,69,0.9937,-916.3156521,4.3211,0.816666666667
/home/ccollins/mols/opt/m06hf/m06hf/12ii12ii12ii.log,12ii12ii12ii,---,[],"td m06hf/6-31g(d,p)",-7.96531628306,2.04411915545,76,2.2340,-923.3613852,5.2638,1.36666666667
/home/ccollins/mols/opt/m06hf/m06hf/222-2-.log,222-2-,---,[],"td m06hf/6-31g(d,p)",-8.3147104518,0.747224600754,29,0.0015,-310.702832,4.6513,0.15
/home/ccollins/mols/opt/m06hf/m06hf/12fl.log,12fl,---,[],"td m06hf/6-31g(d,p)",-8.93213675155,3.3837355828,30,2.5051,-419.6171924,6.7958,0.116666666667
/home/ccollins/mols/opt/m06hf/m06hf/4ff4ff4ff.log,4ff4ff4ff,---,[],"td m06hf/6-31g(d,p)",-8.16314304371,1.12165324265,85,1.0648,-1145.3678762,4.7514,1.38333333333
/home/ccollins/mols/opt/m06hf/m06hf/4fe4fe.log,4fe4fe,---,[],"td m06hf/6-31g(d,p)",-8.71689470523,1.1953960929,61,2.8728,-765.85587,4.4299,0.916666666667
/home/ccollins/mols/opt/m06hf/m06hf/4ai4ai-4ai4ai.log,4ai4ai-4ai4ai,---,[],"td m06hf/6-31g(d,p)",-8.74682722747,1.31349349885,97,1.1230,-1082.4352545,5.4922,3.61666666667
/home/ccollins/mols/opt/m06hf/m06hf/1111-11-11.log,1111-11-11,---,[],"td m06hf/6-31g(d,p)",-11.1547625851,-0.525451822307,29,0.5364,-454.2744178,1.7774,0.0666666666667
/home/ccollins/mols/opt/m06hf/m06hf/12li12li-12li12li-.log,12li12li-12li12li-,---,[],"td m06hf/6-31g(d,p)",-7.32693721774,1.19349129603,117,2.1897,-1531.4648713,4.2263,3.61666666667
/home/ccollins/mols/opt/m06hf/m06hf/4ef4ef4ef4ef.log,4ef4ef4ef4ef,---,[],"td m06hf/6-31g(d,p)",-8.44532509432,0.675114433529,121,5.1950,-1530.5325577,4.4260,7.21666666667
/home/ccollins/mols/opt/m06hf/m06hf/12fe12fe-12fe-12fe-.log,12fe12fe-12fe-12fe-,---,[],"td m06hf/6-31g(d,p)",-7.71796480378,0.239460177955,109,0.0479,-1521.6111545,3.7862,1.63333333333
/home/ccollins/mols/opt/m06hf/m06hf/12la.log,12la,---,[],"td m06hf/6-31g(d,p)",-9.06628887397,3.4387025782,26,0.9819,-344.4413392,6.8878,0.1
/home/ccollins/mols/opt/m06hf/m06hf/4ie.log,4ie,---,[],"td m06hf/6-31g(d,p)",-9.16288928667,1.54560660316,31,1.0672,-347.6270876,4.4693,0.166666666667
/home/ccollins/mols/opt/m06hf/m06hf/12fi12fi12fi12fi.log,12fi12fi12fi12fi,---,[],"td 6-31g(d,p) m06hf",-7.46517104774,1.51921156082,101,4.7788,-1374.2822691,4.5660,2.33333333333
/home/ccollins/mols/opt/m06hf/m06hf/12ei12ei12ei.log,12ei12ei12ei,---,[],"td m06hf/6-31g(d,p)",-8.20450434717,1.14260600822,82,1.4552,-1033.8506426,4.3991,1.75
/home/ccollins/mols/opt/m06hf/m06hf/12el12el12el-12el.log,12el12el12el-12el,---,[],"td m06hf/6-31g(d,p)",-7.71796480378,0.488988567937,125,2.9303,-1678.7658492,4.0158,4.4
/home/ccollins/mols/opt/m06hf/m06hf/4ie4ie-4ie-4ie.log,4ie4ie-4ie-4ie,---,[],"td m06hf/6-31g(d,p)",-8.97948455946,1.07212852402,121,2.8888,-1386.9759818,4.4273,5.18333333333
/home/ccollins/mols/opt/m06hf/m06hf/4af4af-.log,4af4af-,---,[],"td m06hf/6-31g(d,p)",-8.7604329194,1.57172953167,49,1.4426,-613.5867482,5.3802,0.366666666667
/home/ccollins/mols/opt/m06hf/m06hf/4ae4ae4ae.log,4ae4ae4ae,---,[],"td m06hf/6-31g(d,p)",-8.9416607359,0.749129397624,79,1.1394,-922.6107292,4.3960,1.9
/home/ccollins/mols/opt/m06hf/m06hf/12ea12ea-12ea12ea.log,12ea12ea-12ea12ea,---,[],"td m06hf/6-31g(d,p)",-7.82653822538,0.400551570397,93,0.9840,-1220.8492769,4.0737,1.35
/home/ccollins/mols/opt/m06hf/m06hf/12ll12ll12ll.log,12ll12ll12ll,---,[],"td m06hf/6-31g(d,p)",-8.1419181643,1.91758622051,100,5.1760,-1374.4041067,5.2275,1.93333333333
/home/ccollins/mols/opt/m06hf/m06hf/12ie12ie-12ie12ie.log,12ie12ie-12ie12ie,---,[],"td m06hf/6-31g(d,p)",-7.67769195567,0.648719391186,109,1.4458,-1378.0775512,4.0999,3.63333333333
/home/ccollins/mols/opt/m06hf/m06hf/22-22.log,22-22,---,[],"td m06hf/6-31g(d,p)",-8.62138274789,1.04872673391,29,0.0238,-310.7003757,4.9737,0.2
/home/ccollins/mols/opt/m06hf/m06hf/4ei4ei-4ei-4ei-.log,4ei4ei-4ei-4ei-,---,[],"td m06hf/6-31g(d,p)",-8.97431439653,1.04491714017,121,2.8580,-1386.9758709,4.4232,5.66666666667
/home/ccollins/mols/opt/m06hf/m06hf/4ef4ef-.log,4ef4ef-,---,[],"td m06hf/6-31g(d,p)",-8.74410608909,1.39621610578,61,1.7131,-765.8549803,4.4359,0.733333333333
/home/ccollins/mols/opt/m06hf/m06hf/12ia12ia.log,12ia12ia,---,[],"td m06hf/6-31g(d,p)",-8.23253207255,2.176366481,43,1.5224,-537.3536079,5.4927,0.366666666667
/home/ccollins/mols/opt/m06hf/m06hf/12ff12ff12ff12ff-.log,12ff12ff12ff12ff-,---,[],"td m06hf/6-31g(d,p)",-7.44748364823,0.753483219042,101,5.1325,-1517.8352209,4.0377,1.33333333333
/home/ccollins/mols/opt/m06hf/m06hf/12il12il12il12il.log,12il12il12il12il,---,[],"td m06hf/6-31g(d,p)",-7.66272569455,1.40165838255,117,2.4035,-1531.4580143,4.6047,3.21666666667
/home/ccollins/mols/opt/m06hf/m06hf/4el.log,4el,---,[],"td m06hf/6-31g(d,p)",-8.80424324741,1.76982840616,35,1.8596,-422.8104803,4.4840,0.2
/home/ccollins/mols/opt/m06hf/m06hf/12ll12ll-12ll-12ll.log,12ll12ll-12ll-12ll,---,[],"td m06hf/6-31g(d,p)",-7.70952927479,1.23566894101,133,2.6580,-1832.1545629,4.4914,3.01666666667
/home/ccollins/mols/opt/m06hf/m06hf/12ea12ea12ea-12ea.log,12ea12ea12ea-12ea,---,[],"td m06hf/6-31g(d,p)",-7.80667391516,0.429667751126,93,0.7672,-1220.8490354,4.0652,1.3
/home/ccollins/mols/opt/m06hf/m06hf/12ef12ef12ef12ef.log,12ef12ef12ef12ef,---,[],"td m06hf/6-31g(d,p)",-7.64830366111,0.352115307129,109,2.5069,-1521.6080351,3.8314,1.65
/home/ccollins/mols/opt/m06hf/m06hf/4af.log,4af,---,[],"td m06hf/6-31g(d,p)",-9.1920054674,2.33827421496,25,1.4276,-307.3825981,5.6697,0.0833333333333
/home/ccollins/mols/opt/m06hf/m06hf/12af12af-12af-12af-.log,12af12af-12af-12af-,---,[],"td m06hf/6-31g(d,p)",-7.31305941197,0.952126321209,85,5.5536,-1217.0655031,4.0668,1.21666666667
/home/ccollins/mols/opt/m06hf/m06hf/12ae12ae12ae12ae.log,12ae12ae12ae12ae,---,[],"td m06hf/6-31g(d,p)",-7.79823838617,0.430484092641,93,0.6429,-1220.84872,4.0897,1.11666666667
/home/ccollins/mols/opt/m06hf/m06hf/12fe12fe12fe12fe-.log,12fe12fe12fe12fe-,---,[],"td m06hf/6-31g(d,p)",-7.68993707841,0.334700021459,109,5.2044,-1521.6039719,3.8988,2.35
/home/ccollins/mols/opt/m06hf/m06hf/12ll12ll12ll-12ll-.log,12ll12ll12ll-12ll-,---,[],"td m06hf/6-31g(d,p)",-7.65374593788,1.60656010301,133,4.4666,-1832.1461124,4.7198,2.26666666667
/home/ccollins/mols/opt/m06hf/m06hf/12aa12aa-12aa-12aa-.log,12aa12aa-12aa-12aa-,---,[],"td m06hf/6-31g(d,p)",-7.55605706983,1.06614201958,69,0.9083,-916.3121941,4.3155,0.6
/home/ccollins/mols/opt/m06hf/m06hf/12al.log,12al,---,[],"td m06hf/6-31g(d,p)",-8.87689764232,3.30944850487,26,2.1057,-344.4388604,6.6770,0.1
/home/ccollins/mols/opt/m06hf/m06hf/4fa4fa4fa-4fa.log,4fa4fa4fa-4fa,---,[],"td m06hf/6-31g(d,p)",-8.53648323025,0.904778513295,97,3.9413,-1226.0016757,5.0066,2.28333333333
/home/ccollins/mols/opt/m06hf/m06hf/111111.log,111111,---,[],"td m06hf/6-31g(d,p)",-11.3463307275,-0.880832495499,22,4.1795,-340.9886844,1.4097,0.0333333333333
/home/ccollins/mols/opt/m06hf/m06hf/12le12le12le12le.log,12le12le12le12le,---,[],"td 6-31g(d,p) m06hf",-8.23117150335,0.873213308019,125,4.6044,-1678.7602158,4.3750,4.33333333333
/home/ccollins/mols/opt/m06hf/m06hf/12fi12fi-12fi-12fi-.log,12fi12fi-12fi-12fi-,---,[],"td m06hf/6-31g(d,p)",-7.76748952241,1.20655276029,101,1.6737,-1374.2960135,4.5182,2.01666666667
/home/ccollins/mols/opt/m06hf/m06hf/12af12af-.log,12af12af-,---,[],"td m06hf/6-31g(d,p)",-8.14219027814,1.76819572312,43,2.0511,-609.1226548,5.1059,0.25
/home/ccollins/mols/opt/m06hf/m06hf/4ae4ae-4ae4ae-.log,4ae4ae-4ae4ae-,---,[],"td m06hf/6-31g(d,p)",-8.80043365367,0.604364835497,105,1.4538,-1229.7553193,4.3979,3.28333333333
/home/ccollins/mols/opt/m06hf/m06hf/12aa12aa-12aa12aa-.log,12aa12aa-12aa12aa-,---,[],"td m06hf/6-31g(d,p)",-7.61456154512,1.01362404873,69,0.0001,-916.3186501,4.3159,0.566666666667
/home/ccollins/mols/opt/m06hf/m06hf/4ae4ae-4ae.log,4ae4ae-4ae,---,[],"td m06hf/6-31g(d,p)",-8.90574170921,0.758109154298,79,1.1663,-922.6107762,4.4004,2.05
/home/ccollins/mols/opt/m06hf/m06hf/12ie12ie-12ie12ie-.log,12ie12ie-12ie12ie-,---,[],"td m06hf/6-31g(d,p)",-7.62871146473,0.619875324296,109,1.4868,-1378.0797544,4.0514,3.53333333333
/home/ccollins/mols/opt/m06hf/m06hf/12if12if12if-12if.log,12if12if12if-12if,---,[],"td m06hf/6-31g(d,p)",-7.40748291396,1.10423795698,101,1.7463,-1374.2932484,4.2016,2.63333333333
/home/ccollins/mols/opt/m06hf/m06hf/4la4la-.log,4la4la-,---,[],"td m06hf/6-31g(d,p)",-8.64560087952,1.6876500269,57,1.4076,-692.1719371,5.3941,0.516666666667
/home/ccollins/mols/opt/m06hf/m06hf/12el12el-12el12el-.log,12el12el-12el12el-,---,[],"td m06hf/6-31g(d,p)",-7.66898431284,0.45579067963,125,1.9524,-1678.7682833,3.9520,5.38333333333
/home/ccollins/mols/opt/m06hf/m06hf/4ia4ia4ia4ia-.log,4ia4ia4ia4ia-,---,[],"td m06hf/6-31g(d,p)",-8.77621552204,1.34424236261,97,1.0946,-1082.4352109,5.5034,3.76666666667
/home/ccollins/mols/opt/m06hf/m06hf/12fe12fe-12fe-12fe.log,12fe12fe-12fe-12fe,---,[],"td m06hf/6-31g(d,p)",-7.65075268565,0.432933117189,109,3.8216,-1521.6084473,3.8661,3.3
/home/ccollins/mols/opt/m06hf/m06hf/12lf12lf-12lf12lf.log,12lf12lf-12lf12lf,---,[],"td m06hf/6-31g(d,p)",-7.26788851476,1.08600632979,117,2.8914,-1674.9948502,4.0917,3.11666666667
/home/ccollins/mols/opt/m06hf/m06hf/4fi4fi4fi4fi.log,4fi4fi4fi4fi,---,[],"td 6-31g(d,p) m06hf",-8.3612419182,1.24383235617,113,6.9954,-1383.2089036,5.0801,4.83333333333
/home/ccollins/mols/opt/m06hf/m06hf/12ll.log,12ll,---,[],"td m06hf/6-31g(d,p)",-8.87526495929,3.49094843521,34,2.6716,-458.9171716,6.8426,0.166666666667
/home/ccollins/mols/opt/m06hf/m06hf/12ff12ff-.log,12ff12ff-,---,[],"td m06hf/6-31g(d,p)",-8.19389190747,1.71377295541,51,0.0001,-759.5007902,5.1567,0.266666666667
/home/ccollins/mols/opt/m06hf/m06hf/4ia4ia-4ia4ia-.log,4ia4ia-4ia4ia-,---,[],"td m06hf/6-31g(d,p)",-8.76805210688,1.33063667068,97,1.1565,-1082.43531,5.5014,3.58333333333
/home/ccollins/mols/opt/m06hf/m06hf/4aa4aa-4aa.log,4aa4aa-4aa,---,[],"td m06hf/6-31g(d,p)",-8.75363007344,1.12219747032,61,0.0000,-694.2104455,5.4476,0.633333333333
/home/ccollins/mols/opt/m06hf/m06hf/4lf.log,4lf,---,[],"td m06hf/6-31g(d,p)",-8.59145022564,2.25963331561,33,2.7426,-421.8674769,5.3423,0.166666666667
/home/ccollins/mols/opt/m06hf/m06hf/12li.log,12li,---,[],"td m06hf/6-31g(d,p)",-8.94710301267,3.60006608448,30,0.9973,-383.7473443,6.9518,0.133333333333
/home/ccollins/mols/opt/m06hf/m06hf/12aa.log,12aa,---,[],"td m06hf/6-31g(d,p)",-9.34983149378,3.40849794211,18,0.6623,-229.9606856,7.0698,0.0333333333333
/home/ccollins/mols/opt/m06hf/m06hf/4fi4fi4fi4fi-.log,4fi4fi4fi4fi-,---,[],"td m06hf/6-31g(d,p)",-8.63199518759,1.2419275593,113,4.1636,-1383.2197685,5.2706,5.06666666667
/home/ccollins/mols/opt/m06hf/m06hf/4ff4ff4ff-4ff-.log,4ff4ff4ff-4ff-,---,[],"td m06hf/6-31g(d,p)",-8.44396452513,0.776612895321,113,1.8248,-1526.7823356,4.7401,3.85
/home/ccollins/mols/opt/m06hf/m06hf/4ae4ae4ae4ae-.log,4ae4ae4ae4ae-,---,[],"td m06hf/6-31g(d,p)",-8.82927772056,0.608990770753,105,1.4989,-1229.7550004,4.3933,4.4
/home/ccollins/mols/opt/m06hf/m06hf/4fi4fi-4fi-4fi.log,4fi4fi-4fi-4fi,---,[],"td m06hf/6-31g(d,p)",-8.61893372334,1.40138626871,113,2.2197,-1383.2235271,5.2296,5.41666666667
/home/ccollins/mols/opt/m06hf/m06hf/12ee12ee12ee.log,12ee12ee12ee,---,[],"td m06hf/6-31g(d,p)",-8.49539404062,0.585044752958,88,0.6635,-1144.3219698,4.2697,2.96666666667
/home/ccollins/mols/opt/m06hf/m06hf/4aa4aa-4aa4aa-.log,4aa4aa-4aa4aa-,---,[],"td m06hf/6-31g(d,p)",-8.63689323669,0.956480142626,81,0.0000,-925.222024,5.2719,1.7
/home/ccollins/mols/opt/m06hf/m06hf/12ef12ef-.log,12ef12ef-,---,[],"td m06hf/6-31g(d,p)",-8.34464297404,0.994848193866,55,1.8128,-761.3918087,4.3828,0.65
/home/ccollins/mols/opt/m06hf/m06hf/4ai4ai-4ai.log,4ai4ai-4ai,---,[],"td m06hf/6-31g(d,p)",-8.91227244133,1.53444993578,73,0.8702,-812.120885,5.5488,1.65
/home/ccollins/mols/opt/m06hf/m06hf/4ai4ai4ai4ai.log,4ai4ai4ai4ai,---,[],"td m06hf/6-31g(d,p)",-8.83390365582,1.41227082226,97,1.1272,-1082.4353102,5.5336,3.21666666667
/home/ccollins/mols/opt/m06hf/m06hf/12al12al-12al12al-.log,12al12al-12al12al-,---,[],"td m06hf/6-31g(d,p)",-7.15577761327,1.16328665995,101,4.3416,-1374.2308714,4.0792,2.06666666667
/home/ccollins/mols/opt/m06hf/m06hf/12le12le-.log,12le12le-,---,[],"td m06hf/6-31g(d,p)",-7.99552091914,1.4041074071,63,2.0969,-839.969067,4.7972,0.633333333333
/home/ccollins/mols/opt/m06hf/m06hf/12aa12aa-.log,12aa12aa-,---,[],"td m06hf/6-31g(d,p)",-8.28151256349,1.93010345708,35,0.0001,-458.7465093,5.3642,0.15
/home/ccollins/mols/opt/m06hf/m06hf/12la12la-12la-12la-.log,12la12la-12la-12la-,---,[],"td m06hf/6-31g(d,p)",-6.94978743746,1.2144440616,101,5.2741,-1374.2333426,4.0330,1.9
/home/ccollins/mols/opt/m06hf/m06hf/4ei4ei4ei.log,4ei4ei4ei,---,[],"td m06hf/6-31g(d,p)",-9.00669594332,1.12328592568,91,1.9717,-1040.5263042,4.4258,2.9
/home/ccollins/mols/opt/m06hf/m06hf/12if.log,12if,---,[],"td m06hf/6-31g(d,p)",-8.99962098352,3.54265006454,26,0.7796,-344.4518248,6.4843,0.0833333333333
/home/ccollins/mols/opt/m06hf/m06hf/4fe4fe-4fe4fe.log,4fe4fe-4fe4fe,---,[],"td m06hf/6-31g(d,p)",-8.53485054722,0.891989162881,121,2.2237,-1530.5367099,4.4287,6.18333333333
/home/ccollins/mols/opt/m06hf/m06hf/4if4if-4if4if.log,4if4if-4if4if,---,[],"td m06hf/6-31g(d,p)",-8.66573730358,1.35512691615,113,4.2304,-1383.2179952,5.2504,4.51666666667
/home/ccollins/mols/opt/m06hf/m06hf/4fe4fe4fe-4fe-.log,4fe4fe4fe-4fe-,---,[],"td m06hf/6-31g(d,p)",-8.70655437936,0.474566534492,121,2.9317,-1530.5421323,4.4209,7.05
/home/ccollins/mols/opt/m06hf/m06hf/4ai4ai-4ai-4ai.log,4ai4ai-4ai-4ai,---,[],"td m06hf/6-31g(d,p)",-8.85866601513,1.44002643379,97,1.1957,-1082.4354054,5.5368,3.3
/home/ccollins/mols/opt/m06hf/m06hf/12lf12lf-12lf-12lf-.log,12lf12lf-12lf-12lf-,---,[],"td m06hf/6-31g(d,p)",-7.49129397624,0.999202015284,117,2.1291,-1674.9874803,4.1794,2.15
/home/ccollins/mols/opt/m06hf/m06hf/12fi12fi12fi-12fi.log,12fi12fi12fi-12fi,---,[],"td m06hf/6-31g(d,p)",-7.1870707047,1.25199577133,101,6.9672,-1374.2923368,4.1622,2.53333333333
/home/ccollins/mols/opt/m06hf/m06hf/4fi4fi-4fi-4fi-.log,4fi4fi-4fi-4fi-,---,[],"td 6-31g(d,p) m06hf",-8.81376723177,1.15838861086,113,2.1915,-1383.2309298,5.2781,5.18333333333
/home/ccollins/mols/opt/m06hf/m06hf/4fe.log,4fe,---,[],"td m06hf/6-31g(d,p)",-8.91825894578,1.73826320088,31,1.5438,-383.5176796,4.4877,0.133333333333
/home/ccollins/mols/opt/m06hf/m06hf/4fi4fi-4fi.log,4fi4fi-4fi,---,[],"td m06hf/6-31g(d,p)",-8.67308437722,1.57553912541,85,2.7415,-1037.7105551,5.2978,1.75
/home/ccollins/mols/opt/m06hf/m06hf/12le12le12le-12le-.log,12le12le12le-12le-,---,[],"td m06hf/6-31g(d,p)",-7.54353983325,0.71538728164,125,4.1047,-1678.7609811,4.0557,4.5
/home/ccollins/mols/opt/m06hf/m06hf/12fi12fi.log,12fi12fi,---,[],"td 6-31g(d,p) m06hf",-8.37974565922,2.12031103025,51,2.1296,-687.7308077,5.4843,0.483333333333
/home/ccollins/mols/opt/m06hf/m06hf/4ai4ai4ai4ai-.log,4ai4ai4ai4ai-,---,[],"td m06hf/6-31g(d,p)",-8.7949913769,1.36138553444,97,1.2411,-1082.4353602,5.5173,3.33333333333
/home/ccollins/mols/opt/m06hf/m06hf/12if12if-12if12if-.log,12if12if-12if12if-,---,[],"td m06hf/6-31g(d,p)",-7.22924834969,1.03348835895,101,4.6070,-1374.2993673,4.0419,2.35
/home/ccollins/mols/opt/m06hf/m06hf/12ei12ei-12ei.log,12ei12ei-12ei,---,[],"td 6-31g(d,p) m06hf",-7.81238830577,0.84409712729,82,1.2817,-1033.8529741,4.3037,2.18333333333
/home/ccollins/mols/opt/m06hf/m06hf/4fe4fe4fe4fe.log,4fe4fe4fe4fe,---,[],"td m06hf/6-31g(d,p)",-8.44532509432,0.674842319691,121,5.1945,-1530.5325575,4.4260,7.66666666667
/home/ccollins/mols/opt/m06hf/m06hf/12ee12ee12ee12ee-.log,12ee12ee12ee12ee-,---,[],"td m06hf/6-31g(d,p)",-8.19824572889,0.26721578949,117,0.5990,-1525.3708041,4.2251,6.21666666667
/home/ccollins/mols/opt/m06hf/m06hf/4aa4aa4aa-4aa.log,4aa4aa4aa-4aa,---,[],"td m06hf/6-31g(d,p)",-8.5960761609,0.925731278866,81,0.0004,-925.2219217,5.2282,1.31666666667
/home/ccollins/mols/opt/m06hf/m06hf/4ea.log,4ea,---,[],"td m06hf/6-31g(d,p)",-9.3958187325,1.47485700513,27,0.6272,-308.3224781,4.4632,0.1
/home/ccollins/mols/opt/m06hf/m06hf/4fa4fa4fa-4fa-.log,4fa4fa4fa-4fa-,---,[],"td m06hf/6-31g(d,p)",-8.82029796389,0.74423134853,97,2.6403,-1226.0062023,5.0941,2.65
/home/ccollins/mols/opt/m06hf/m06hf/12el12el12el-12el-.log,12el12el12el-12el-,---,[],"td m06hf/6-31g(d,p)",-7.74408773229,0.587765891343,125,3.1216,-1678.7643415,4.1190,5.21666666667
/home/ccollins/mols/opt/m06hf/m06hf/4if4if4if4if-.log,4if4if4if4if-,---,[],"td m06hf/6-31g(d,p)",-8.48342103172,1.48111562342,113,4.7559,-1383.2105293,5.2172,4.98333333333
/home/ccollins/mols/opt/m06hf/m06hf/4ai4ai-4ai-4ai-.log,4ai4ai-4ai-4ai-,---,[],"td m06hf/6-31g(d,p)",-8.77539918052,1.34342602109,97,1.0940,-1082.4352111,5.5031,3.31666666667
/home/ccollins/mols/opt/m06hf/m06hf/12fa12fa12fa12fa.log,12fa12fa12fa12fa,---,[],"td m06hf/6-31g(d,p)",-7.11060671606,1.1692731644,85,6.1473,-1217.0573136,4.1287,1.15
/home/ccollins/mols/opt/m06hf/m06hf/12la12la12la12la-.log,12la12la12la12la-,---,[],"td m06hf/6-31g(d,p)",-7.22326184524,1.28873113954,101,3.3739,-1374.2133119,4.1765,1.76666666667
/home/ccollins/mols/opt/m06hf/m06hf/12af12af12af12af.log,12af12af12af12af,---,[],"td m06hf/6-31g(d,p)",-8.04041970251,1.11240137214,85,3.2108,-1217.0596882,4.6021,1.4
/home/ccollins/mols/opt/m06hf/m06hf/12ai12ai-12ai-12ai-.log,12ai12ai-12ai-12ai-,---,[],"td m06hf/6-31g(d,p)",-7.47877673967,1.31920788946,85,1.6244,-1073.533698,4.4306,1.35
/home/ccollins/mols/opt/m06hf/m06hf/11.log,11,---,[],"td m06hf/6-31g(d,p)",-11.8701498668,2.43106503392,8,2.5544,-114.4513176,3.0622,0.0
/home/ccollins/mols/opt/m06hf/m06hf/12ff.log,12ff,---,[],"td m06hf/6-31g(d,p)",-9.08642529803,3.42917859385,26,2.7297,-380.3323002,6.3962,0.0666666666667
/home/ccollins/mols/opt/m06hf/m06hf/12ei12ei-12ei12ei.log,12ei12ei-12ei12ei,---,[],"td m06hf/6-31g(d,p)",-7.69347455831,0.671576953628,109,1.8598,-1378.0784596,4.1427,3.81666666667
/home/ccollins/mols/opt/m06hf/m06hf/4ia4ia-4ia4ia.log,4ia4ia-4ia4ia,---,[],"td m06hf/6-31g(d,p)",-8.77104535911,1.338527972,97,1.2239,-1082.4354088,5.5047,3.68333333333
/home/ccollins/mols/opt/m06hf/m06hf/12ei12ei-12ei12ei-.log,12ei12ei-12ei12ei-,---,[],"td 6-31g(d,p) m06hf",-7.61047983754,0.591303371245,109,1.5403,-1378.0796679,4.0181,4.5
/home/ccollins/mols/opt/m06hf/m06hf/12fi12fi12fi-12fi-.log,12fi12fi12fi-12fi-,---,[],"td m06hf/6-31g(d,p)",-7.53891389799,1.13280991003,101,3.8633,-1374.2948488,4.3171,2.03333333333
/home/ccollins/mols/opt/m06hf/m06hf/4af4af-4af4af.log,4af4af-4af4af,---,[],"td m06hf/6-31g(d,p)",-8.53648323025,0.904778513295,97,3.9413,-1226.0016757,5.0066,2.21666666667
/home/ccollins/mols/opt/m06hf/m06hf/4af4af-4af-4af-.log,4af4af-4af-4af-,---,[],"td m06hf/6-31g(d,p)",-8.47035956747,0.988589575579,97,3.9834,-1226.005589,5.0215,2.51666666667
/home/ccollins/mols/opt/m06hf/m06hf/2222-.log,2222-,---,[],"td m06hf/6-31g(d,p)",-8.30382589826,0.762190861876,29,0.0095,-310.7025132,4.7355,0.1
/home/ccollins/mols/opt/m06hf/m06hf/12le12le12le-12le.log,12le12le12le-12le,---,[],"td m06hf/6-31g(d,p)",-7.68993707841,0.501233690673,125,2.5178,-1678.7655294,4.0180,3.9
/home/ccollins/mols/opt/m06hf/m06hf/12ae12ae-12ae-12ae.log,12ae12ae-12ae-12ae,---,[],"td m06hf/6-31g(d,p)",-7.82300074548,0.399463115043,93,0.6663,-1220.8482877,4.0390,1.38333333333
/home/ccollins/mols/opt/m06hf/m06hf/4ei4ei-4ei4ei.log,4ei4ei-4ei4ei,---,[],"td m06hf/6-31g(d,p)",-8.97894033179,1.06668624725,121,2.8882,-1386.9759922,4.4275,4.41666666667
/home/ccollins/mols/opt/m06hf/m06hf/12ii12ii12ii-12ii-.log,12ii12ii12ii-12ii-,---,[],"td m06hf/6-31g(d,p)",-7.50734869272,1.62805709625,101,1.1427,-1230.7599593,4.6619,2.03333333333
/home/ccollins/mols/opt/m06hf/m06hf/12il12il-.log,12il12il-,---,[],"td m06hf/6-31g(d,p)",-7.97592872276,2.04820086303,59,1.6552,-766.3182464,5.2388,0.783333333333
/home/ccollins/mols/opt/m06hf/m06hf/12ee.log,12ee,---,[],"td m06hf/6-31g(d,p)",-9.4113292213,2.26235445399,30,0.0376,-382.2272853,4.4045,0.116666666667
/home/ccollins/mols/opt/m06hf/m06hf/222-.log,222-,---,[],"td m06hf/6-31g(d,p)",-8.8951292695,1.45580903643,22,0.0375,-233.3199483,5.5357,0.1
/home/ccollins/mols/opt/m06hf/m06hf/4ei4ei-4ei4ei-.log,4ei4ei-4ei4ei-,---,[],"td m06hf/6-31g(d,p)",-8.99118545452,1.12246958416,121,3.0809,-1386.9755455,4.4225,5.45
/home/ccollins/mols/opt/m06hf/m06hf/12ee12ee-.log,12ee12ee-,---,[],"td m06hf/6-31g(d,p)",-8.49267290224,0.655250123312,59,0.0002,-763.2761568,4.3183,0.7
/home/ccollins/mols/opt/m06hf/m06hf/4ef4ef4ef-4ef.log,4ef4ef4ef-4ef,---,[],"td m06hf/6-31g(d,p)",-8.52478233519,0.902873716425,121,3.3747,-1530.5367085,4.4296,6.63333333333
/home/ccollins/mols/opt/m06hf/m06hf/4ef4ef-4ef.log,4ef4ef-4ef,---,[],"td 6-31g(d,p) m06hf",-8.66247193751,0.95947339485,91,1.8775,-1148.1984324,4.4397,2.78333333333
/home/ccollins/mols/opt/m06hf/m06hf/4ei4ei4ei4ei-.log,4ei4ei4ei4ei-,---,[],"td m06hf/6-31g(d,p)",-8.99798830049,1.13389836538,121,2.8153,-1386.9758413,4.4281,5.05
/home/ccollins/mols/opt/m06hf/m06hf/12la12la12la-12la-.log,12la12la12la-12la-,---,[],"td m06hf/6-31g(d,p)",-7.10135484555,1.19893357281,101,4.2783,-1374.2334934,4.0973,1.85
/home/ccollins/mols/opt/m06hf/m06hf/12ef12ef-12ef.log,12ef12ef-12ef,---,[],"td m06hf/6-31g(d,p)",-7.82408920083,0.603548493981,82,2.2245,-1141.4997556,4.0552,1.05
/home/ccollins/mols/opt/m06hf/m06hf/4ff4ff-4ff.log,4ff4ff-4ff,---,[],"td m06hf/6-31g(d,p)",-8.41893005198,1.07947559767,85,0.0003,-1145.3832226,4.8708,1.43333333333
/home/ccollins/mols/opt/m06hf/m06hf/12ie12ie12ie12ie.log,12ie12ie12ie12ie,---,[],"td m06hf/6-31g(d,p)",-8.07008011091,0.969269493039,109,1.2718,-1378.07492,4.3980,3.28333333333
/home/ccollins/mols/opt/m06hf/m06hf/12li12li12li12li.log,12li12li12li12li,---,[],"td m06hf/6-31g(d,p)",-7.25999721345,1.11757153507,117,1.3438,-1531.4652719,4.1331,3.88333333333
/home/ccollins/mols/opt/m06hf/m06hf/4ai4ai4ai-4ai-.log,4ai4ai4ai-4ai-,---,[],"td m06hf/6-31g(d,p)",-8.83199885895,1.41063813922,97,1.1346,-1082.4353618,5.5272,3.71666666667
/home/ccollins/mols/opt/m06hf/m06hf/4ai4ai4ai.log,4ai4ai4ai,---,[],"td m06hf/6-31g(d,p)",-8.90193211547,1.51159237334,73,0.8926,-812.1208223,5.5474,1.6
/home/ccollins/mols/opt/m06hf/m06hf/12ai12ai.log,12ai12ai,---,[],"td m06hf/6-31g(d,p)",-8.23280418639,2.17663859484,43,1.5223,-537.3536079,5.4929,0.333333333333
/home/ccollins/mols/opt/m06hf/m06hf/4ef.log,4ef,---,[],"td m06hf/6-31g(d,p)",-8.91825894578,1.73853531472,31,1.5436,-383.5176796,4.4878,0.133333333333
/home/ccollins/mols/opt/m06hf/m06hf/12ef12ef12ef-12ef.log,12ef12ef12ef-12ef,---,[],"td m06hf/6-31g(d,p)",-7.63388162766,0.293066604156,109,2.1285,-1521.6094553,3.7634,1.93333333333
/home/ccollins/mols/opt/m06hf/m06hf/12la12la-12la-12la.log,12la12la-12la-12la,---,[],"td m06hf/6-31g(d,p)",-7.14679785659,1.07484966241,101,3.2411,-1374.2328778,4.0163,2.13333333333
/home/ccollins/mols/opt/m06hf/m06hf/12fl12fl12fl12fl-.log,12fl12fl12fl12fl-,---,[],"td m06hf/6-31g(d,p)",-7.40258486486,0.902057374909,117,5.6985,-1674.9990264,4.0675,2.26666666667
/home/ccollins/mols/opt/m06hf/m06hf/12ie12ie12ie-12ie-.log,12ie12ie12ie-12ie-,---,[],"td m06hf/6-31g(d,p)",-7.8118440781,0.773619643097,109,1.2721,-1378.0762897,4.3058,3.2
/home/ccollins/mols/opt/m06hf/m06hf/12ai12ai12ai-12ai-.log,12ai12ai12ai-12ai-,---,[],"td m06hf/6-31g(d,p)",-7.45102112813,1.29771089621,85,0.6901,-1073.5342174,4.4095,1.53333333333
/home/ccollins/mols/opt/m06hf/m06hf/22-2-2-.log,22-2-2-,---,[],"td m06hf/6-31g(d,p)",-8.30328167058,0.761102406522,29,0.0096,-310.702513,4.7346,0.1
/home/ccollins/mols/opt/m06hf/m06hf/4ae.log,4ae,---,[],"td m06hf/6-31g(d,p)",-9.3958187325,1.47512911897,27,0.6272,-308.3224781,4.4633,0.1
/home/ccollins/mols/opt/m06hf/m06hf/4ea4ea4ea-4ea.log,4ea4ea4ea-4ea,---,[],"td m06hf/6-31g(d,p)",-8.80397113358,0.609262884592,105,1.5781,-1229.7550726,4.3956,4.11666666667
/home/ccollins/mols/opt/m06hf/m06hf/4ef4ef-4ef-4ef-.log,4ef4ef-4ef-4ef-,---,[],"td m06hf/6-31g(d,p)",-8.53076883964,0.719468989219,121,5.2842,-1530.5400806,4.4208,6.73333333333
/home/ccollins/mols/opt/m06hf/m06hf/4ee4ee4ee.log,4ee4ee4ee,---,[],"td m06hf/6-31g(d,p)",-8.94846358186,0.258236032817,97,0.3183,-1151.0101612,4.3542,5.5
/home/ccollins/mols/opt/m06hf/m06hf/12fe12fe12fe12fe.log,12fe12fe12fe12fe,---,[],"td m06hf/6-31g(d,p)",-7.43088470408,0.474838648331,109,5.6080,-1521.5972356,3.8760,1.71666666667
/home/ccollins/mols/opt/m06hf/m06hf/4ei4ei-4ei-4ei.log,4ei4ei-4ei-4ei,---,[],"td m06hf/6-31g(d,p)",-8.97866821795,1.08655055747,121,2.7950,-1386.9760203,4.4262,6.63333333333
/home/ccollins/mols/opt/m06hf/m06hf/12li12li-12li-12li-.log,12li12li-12li-12li-,---,[],"td m06hf/6-31g(d,p)",-7.43360584246,1.29226861944,117,2.1835,-1531.4613921,4.3825,3.13333333333
/home/ccollins/mols/opt/m06hf/m06hf/12ee12ee-12ee12ee-.log,12ee12ee-12ee12ee-,---,[],"td m06hf/6-31g(d,p)",-7.99116709772,0.101770575631,117,0.0664,-1525.3763188,3.9565,4.38333333333
/home/ccollins/mols/opt/m06hf/m06hf/12la12la-12la12la-.log,12la12la-12la12la-,---,[],"td m06hf/6-31g(d,p)",-7.15577761327,1.16328665995,101,4.3416,-1374.2308714,4.0793,2.35
/home/ccollins/mols/opt/m06hf/m06hf/4ee4ee.log,4ee4ee,---,[],"td m06hf/6-31g(d,p)",-9.05404375124,0.437559052445,65,0.1705,-767.7335008,4.3610,1.33333333333
/home/ccollins/mols/opt/m06hf/m06hf/12il12il-12il-12il-.log,12il12il-12il-12il-,---,[],"td m06hf/6-31g(d,p)",-7.35088323553,1.28682634267,117,2.3822,-1531.4611766,4.2970,3.76666666667
/home/ccollins/mols/opt/m06hf/m06hf/4aa4aa.log,4aa4aa,---,[],"td m06hf/6-31g(d,p)",-9.10302424218,1.57771603612,41,0.0002,-463.1991811,5.6880,0.3
/home/ccollins/mols/opt/m06hf/m06hf/12fl12fl-12fl.log,12fl12fl-12fl,---,[],"td m06hf/6-31g(d,p)",-7.26407892102,1.55268156297,88,6.4048,-1256.5030489,4.4096,1.61666666667
/home/ccollins/mols/opt/m06hf/m06hf/4aa4aa-.log,4aa4aa-,---,[],"td m06hf/6-31g(d,p)",-9.10329635602,1.57744392228,41,0.0003,-463.199181,5.6881,0.3
/home/ccollins/mols/opt/m06hf/m06hf/12ei12ei-12ei-12ei-.log,12ei12ei-12ei-12ei-,---,[],"td m06hf/6-31g(d,p)",-7.85238904004,0.828042410814,109,1.8244,-1378.0762296,4.3610,4.46666666667
/home/ccollins/mols/opt/m06hf/m06hf/111111-11-.log,111111-11-,---,[],"td m06hf/6-31g(d,p)",-11.1623817726,-1.31294927117,29,0.0006,-454.2687027,1.1682,0.0666666666667
/home/ccollins/mols/opt/m06hf/m06hf/4ie4ie.log,4ie4ie,---,[],"td m06hf/6-31g(d,p)",-9.06166293872,1.27893504135,61,1.4304,-694.0766619,4.4282,1.11666666667
/home/ccollins/mols/opt/m06hf/m06hf/12fa12fa-12fa-12fa-.log,12fa12fa-12fa-12fa-,---,[],"td m06hf/6-31g(d,p)",-7.88531481451,0.926003392704,85,2.0597,-1217.0656375,4.4007,1.2
/home/ccollins/mols/opt/m06hf/m06hf/12al12al-12al.log,12al12al-12al,---,[],"td m06hf/6-31g(d,p)",-7.44993267278,1.49880302293,76,4.1326,-1030.9649805,4.5006,0.933333333333
/home/ccollins/mols/opt/m06hf/m06hf/12al12al12al-12al.log,12al12al12al-12al,---,[],"td m06hf/6-31g(d,p)",-7.09400777191,1.19457975139,101,6.4926,-1374.2300121,4.1064,1.83333333333
/home/ccollins/mols/opt/m06hf/m06hf/4la.log,4la,---,[],"td m06hf/6-31g(d,p)",-9.05594854811,2.40984015451,29,1.3836,-346.6752856,5.6703,0.166666666667
/home/ccollins/mols/opt/m06hf/m06hf/12ai12ai12ai.log,12ai12ai12ai,---,[],"td m06hf/6-31g(d,p)",-7.85837554449,1.70288840186,64,1.5798,-805.4419295,4.9465,0.7
/home/ccollins/mols/opt/m06hf/m06hf/12li12li-12li.log,12li12li-12li,---,[],"td m06hf/6-31g(d,p)",-7.4923824316,1.42070635125,88,0.5211,-1148.8920917,4.4693,1.81666666667
/home/ccollins/mols/opt/m06hf/m06hf/12ii12ii-.log,12ii12ii-,---,[],"td m06hf/6-31g(d,p)",-7.9190569305,2.24004111923,51,0.2983,-615.9677403,5.3334,0.7
/home/ccollins/mols/opt/m06hf/m06hf/4ia4ia-4ia.log,4ia4ia-4ia,---,[],"td m06hf/6-31g(d,p)",-8.91227244133,1.53444993578,73,0.8702,-812.120885,5.5488,1.7
/home/ccollins/mols/opt/m06hf/m06hf/12ll12ll12ll12ll-.log,12ll12ll12ll12ll-,---,[],"td m06hf/6-31g(d,p)",-7.74544830148,1.66234343992,133,4.4637,-1832.1461736,4.8107,2.88333333333
/home/ccollins/mols/opt/m06hf/m06hf/4fi4fi4fi-4fi.log,4fi4fi4fi-4fi,---,[],"td m06hf/6-31g(d,p)",-8.66573730358,1.35512691615,113,4.2304,-1383.2179952,5.2504,4.68333333333
/home/ccollins/mols/opt/m06hf/m06hf/12fa12fa-12fa12fa.log,12fa12fa-12fa12fa,---,[],"td m06hf/6-31g(d,p)",-7.23142526039,1.08301307757,85,6.6875,-1217.0638504,4.1206,1.1
/home/ccollins/mols/opt/m06hf/m06hf/4ef4ef4ef-4ef-.log,4ef4ef4ef-4ef-,---,[],"td m06hf/6-31g(d,p)",-8.47634607192,0.906411196326,121,3.3570,-1530.5353413,4.4168,6.5
/home/ccollins/mols/opt/m06hf/m06hf/4fa4fa4fa4fa-.log,4fa4fa4fa4fa-,---,[],"td m06hf/6-31g(d,p)",-8.57974933058,0.803552165341,97,3.4616,-1226.0022343,5.0327,2.58333333333
/home/ccollins/mols/opt/m06hf/m06hf/12ie12ie12ie.log,12ie12ie12ie,---,[],"td m06hf/6-31g(d,p)",-8.20477646101,1.14260600822,82,1.4552,-1033.8506426,4.3992,1.71666666667
/home/ccollins/mols/opt/m06hf/m06hf/12ee12ee12ee12ee.log,12ee12ee12ee12ee,---,[],"td m06hf/6-31g(d,p)",-8.36260248739,0.404361164137,117,0.6182,-1525.3689532,4.2658,6.26666666667
/home/ccollins/mols/opt/m06hf/m06hf/12ia12ia-12ia.log,12ia12ia-12ia,---,[],"td m06hf/6-31g(d,p)",-7.62544609866,1.4993472506,64,1.0378,-805.4474028,4.6268,0.633333333333
/home/ccollins/mols/opt/m06hf/m06hf/12li12li-.log,12li12li-,---,[],"td m06hf/6-31g(d,p)",-7.97592872276,2.04820086303,59,1.6553,-766.3182464,5.2388,0.783333333333
/home/ccollins/mols/opt/m06hf/m06hf/12il12il12il-12il.log,12il12il12il-12il,---,[],"td m06hf/6-31g(d,p)",-7.31061038742,1.16736836753,117,1.3810,-1531.4637199,4.2054,3.7
/home/ccollins/mols/opt/m06hf/m06hf/4ff4ff-4ff4ff-.log,4ff4ff-4ff4ff-,---,[],"td m06hf/6-31g(d,p)",-8.44668566351,0.772803301581,113,1.4089,-1526.787882,4.7934,3.28333333333
/home/ccollins/mols/opt/m06hf/m06hf/12fe12fe-12fe12fe-.log,12fe12fe-12fe12fe-,---,[],"td m06hf/6-31g(d,p)",-7.6496642303,0.257963918978,109,3.9256,-1521.6128688,3.7566,2.11666666667
/home/ccollins/mols/opt/m06hf/m06hf/22-2.log,22-2,---,[],"td m06hf/6-31g(d,p)",-8.73730324312,1.05144787229,22,0.0000,-233.3127117,4.9067,0.1
/home/ccollins/mols/opt/m06hf/m06hf/4ea4ea-4ea-4ea-.log,4ea4ea-4ea-4ea-,---,[],"td m06hf/6-31g(d,p)",-8.81812105318,0.586677435989,105,1.2266,-1229.7548499,4.3939,4.45
/home/ccollins/mols/opt/m06hf/m06hf/12lf12lf12lf.log,12lf12lf12lf,---,[],"td m06hf/6-31g(d,p)",-7.57592138004,1.37607968172,88,5.7425,-1256.5426626,4.4920,1.48333333333
/home/ccollins/mols/opt/m06hf/m06hf/4fe4fe-4fe.log,4fe4fe-4fe,---,[],"td m06hf/6-31g(d,p)",-8.65430852235,0.98260307113,91,2.2670,-1148.198472,4.4339,2.95
/home/ccollins/mols/opt/m06hf/m06hf/12ii.log,12ii,---,[],"td m06hf/6-31g(d,p)",-9.01703626919,3.64278795714,26,1.2045,-308.5706777,7.0544,0.116666666667
/home/ccollins/mols/opt/m06hf/m06hf/12fe12fe12fe-12fe-.log,12fe12fe12fe-12fe-,---,[],"td m06hf/6-31g(d,p)",-7.69184187528,0.219867981577,109,3.1581,-1521.6079815,3.8040,1.9
/home/ccollins/mols/opt/m06hf/m06hf/4ie4ie4ie-4ie-.log,4ie4ie4ie-4ie-,---,[],"td m06hf/6-31g(d,p)",-8.97921244562,1.06668624725,121,2.8887,-1386.9759922,4.4275,4.88333333333
/home/ccollins/mols/opt/m06hf/m06hf/12al12al-.log,12al12al-,---,[],"td m06hf/6-31g(d,p)",-7.84803521863,2.05255468445,51,2.0906,-687.7040379,5.1470,0.4
/home/ccollins/mols/opt/m06hf/m06hf/4ie4ie4ie-4ie.log,4ie4ie4ie-4ie,---,[],"td m06hf/6-31g(d,p)",-8.99118545452,1.12791186093,121,3.0659,-1386.9755406,4.4226,5.83333333333
/home/ccollins/mols/opt/m06hf/m06hf/4li.log,4li,---,[],"td m06hf/6-31g(d,p)",-8.81567202864,2.43813999372,33,1.2808,-385.9791378,5.5625,0.2
/home/ccollins/mols/opt/m06hf/m06hf/12ia12ia-12ia12ia.log,12ia12ia-12ia12ia,---,[],"td m06hf/6-31g(d,p)",-7.41891169518,1.22587284283,85,1.4443,-1073.5363651,4.3232,1.53333333333
/home/ccollins/mols/opt/m06hf/m06hf/12fl12fl12fl-12fl-.log,12fl12fl12fl-12fl-,---,[],"td m06hf/6-31g(d,p)",-7.46789218612,0.939881198472,117,3.8321,-1674.9950519,4.1550,2.61666666667
/home/ccollins/mols/opt/m06hf/m06hf/4ia4ia-4ia-4ia.log,4ia4ia-4ia-4ia,---,[],"td m06hf/6-31g(d,p)",-8.85866601513,1.44002643379,97,1.1957,-1082.4354054,5.5368,3.51666666667
/home/ccollins/mols/opt/m06hf/m06hf/12ii12ii-12ii-12ii.log,12ii12ii-12ii-12ii,---,[],"td m06hf/6-31g(d,p)",-7.42870779337,1.55621904287,101,0.4615,-1230.7611422,4.5611,2.68333333333
/home/ccollins/mols/opt/m06hf/m06hf/12aa12aa12aa.log,12aa12aa12aa,---,[],"td m06hf/6-31g(d,p)",-7.79061919869,1.37798447859,52,1.1039,-687.5256833,4.6857,0.383333333333
/home/ccollins/mols/opt/m06hf/m06hf/4aa4aa4aa-4aa-.log,4aa4aa4aa-4aa-,---,[],"td m06hf/6-31g(d,p)",-8.5960761609,0.925731278866,81,0.0001,-925.2219217,5.2283,1.25
/home/ccollins/mols/opt/m06hf/m06hf/4ia4ia-4ia-4ia-.log,4ia4ia-4ia-4ia-,---,[],"td m06hf/6-31g(d,p)",-8.79553560458,1.36192976212,97,1.2412,-1082.4353604,5.5174,3.75
/home/ccollins/mols/opt/m06hf/m06hf/12ei12ei12ei12ei.log,12ei12ei12ei12ei,---,[],"td m06hf/6-31g(d,p)",-8.06980799707,0.968997379201,109,1.2714,-1378.07492,4.3979,3.15
/home/ccollins/mols/opt/m06hf/m06hf/4ie4ie4ie4ie.log,4ie4ie4ie4ie,---,[],"td m06hf/6-31g(d,p)",-8.97458651037,1.04546136784,121,2.8574,-1386.9758709,4.4232,6.18333333333
/home/ccollins/mols/opt/m06hf/m06hf/4ae4ae.log,4ae4ae,---,[],"td m06hf/6-31g(d,p)",-9.15472587151,1.03022299288,53,0.8960,-615.4665648,4.4008,0.65
/home/ccollins/mols/opt/m06hf/m06hf/12aa12aa12aa-12aa-.log,12aa12aa12aa-12aa-,---,[],"td m06hf/6-31g(d,p)",-7.55823398053,1.06614201958,69,0.0000,-916.3126283,4.3294,0.583333333333
/home/ccollins/mols/opt/m06hf/m06hf/12ff12ff12ff-12ff-.log,12ff12ff12ff-12ff-,---,[],"td m06hf/6-31g(d,p)",-7.52476397839,0.698788337486,101,0.0003,-1517.8356806,4.0549,1.33333333333
/home/ccollins/mols/opt/m06hf/m06hf/12ea12ea-12ea.log,12ea12ea-12ea,---,[],"td m06hf/6-31g(d,p)",-8.03361685654,0.681100937978,70,0.6934,-915.930943,4.3614,0.7
